order_nr,status,mp_code,is_assigned_user,has_customized_items,psku_code,sku,partner_sku,parent_sku,item_barcode,title,image_key,image_url,brand,size,images,purchase_item_nr,received_at,updated_at,target_shipped_at,price,currency_code,partner_barcodes,cancellation_reason,enable_extra_cancellation_reasons,shipment_created_at,item_status,shipment_nr
NSAI80062987159,shipped,noon,False,False,a63618fef1c1945d62089cbacb67d15a,Z38C1B9F9E929FD895EEFZ-1,31106030,Z38C1B9F9E929FD895EEFZ,,Slim N Lift Men’s Slimming Body Shaper Vest Black 2XL for Tummy and Waist Control,pzsku/Z38C1B9F9E929FD895EEFZ/45/1764146414/a65b93b8-30d7-4dd2-ae13-46101f223d51.jpg,https://z.nooncdn.com/products/tr:n-t_120/pzsku/Z38C1B9F9E929FD895EEFZ/45/1764146414/a65b93b8-30d7-4dd2-ae13-46101f223d51.jpg,slim_n_lift,,"['https://z.nooncdn.com/products/tr:n-t_800/pzsku/Z38C1B9F9E929FD895EEFZ/45/1764146414/a65b93b8-30d7-4dd2-ae13-46101f223d51.jpg', 'https://z.nooncdn.com/products/tr:n-t_800/pzsku/Z38C1B9F9E929FD895EEFZ/45/1764146415/c789532e-8ee7-4732-bc80-c24b0bee411a.jpg', 'https://z.nooncdn.com/products/tr:n-t_800/pzsku/Z38C1B9F9E929FD895EEFZ/45/1764146414/34bad372-ced4-468b-9c39-f3d6de066ae4.jpg', 'https://z.nooncdn.com/products/tr:n-t_800/pzsku/Z38C1B9F9E929FD895EEFZ/45/1764146414/743a7da6-8655-4dc6-bb2f-a0ed01dee40b.jpg', 'https://z.nooncdn.com/products/tr:n-t_800/pzsku/Z38C1B9F9E929FD895EEFZ/45/1764146414/99f940df-6a0f-4092-89db-37067c2fd8a4.jpg', 'https://z.nooncdn.com/products/tr:n-t_800/pzsku/Z38C1B9F9E929FD895EEFZ/45/1764146414/b45d7c63-301f-498d-a5f3-7c0174eaf45d.jpg', 'https://z.nooncdn.com/products/tr:n-t_800/pzsku/Z38C1B9F9E929FD895EEFZ/45/1764146414/f44fae4b-18af-44c0-a5d1-f59abdff3e5a.jpg']",NSAI80062987159-2-P1,2026-08-25 19:31:24+03:00,2026-08-26 11:07:02+03:00,2026-08-29 11:00:00+03:00,58.5,sar,null,,False,2026-08-26 09:44:50+03:00,shipped,PH21707873515S
NSAI80031742573,delivered,noon,False,False,a570bc9124f3e4b1e3abb0517318e72a,Z7653E15CC2286AC2EDBBZ-1,10103048,Z7653E15CC2286AC2EDBBZ,,Al-Hekma Beetroot Powder 100 g – Natural Antioxidant-Rich Superfood,pzsku/Z7653E15CC2286AC2EDBBZ/45/1764146378/3b1ef1b7-44c2-4223-bf37-c858e956d868.jpg,https://z.nooncdn.com/products/tr:n-t_120/pzsku/Z7653E15CC2286AC2EDBBZ/45/1764146378/3b1ef1b7-44c2-4223-bf37-c858e956d868.jpg,elhekma,,['https://z.nooncdn.com/products/tr:n-t_800/pzsku/Z7653E15CC2286AC2EDBBZ/45/1764146378/3b1ef1b7-44c2-4223-bf37-c858e956d868.jpg'],NSAI80031742573-1-P1,2026-08-24 22:40:55+03:00,2026-08-25 11:56:41+03:00,2026-08-27 12:00:00+03:00,37.38,sar,null,,False,2026-08-25 10:29:17+03:00,delivered,PH20142015514S
NSAI80043995796,shipped,noon,False,False,a38c24b75abea5450a914333a35488aa,Z5418BDAD8A54B61A2448Z-1,20316001,Z5418BDAD8A54B61A2448Z,6285725003916,Elhekma Hair Straightening Cream – 200 gm,pzsku/Z5418BDAD8A54B61A2448Z/45/_/1785235854/b63ac535-9597-4f02-b11f-bafa6ebf91d1.jpg,https://z.nooncdn.com/products/tr:n-t_120/pzsku/Z5418BDAD8A54B61A2448Z/45/_/1785235854/b63ac535-9597-4f02-b11f-bafa6ebf91d1.jpg,fayfa,,"['https://z.nooncdn.com/products/tr:n-t_800/pzsku/Z5418BDAD8A54B61A2448Z/45/_/1785235854/b63ac535-9597-4f02-b11f-bafa6ebf91d1.jpg', 'https://z.nooncdn.com/products/tr:n-t_800/pzsku/Z5418BDAD8A54B61A2448Z/45/_/1785235854/2a5392a9-3cf8-495f-bec7-6aed7946dd82.jpg', 'https://z.nooncdn.com/products/tr:n-t_800/pzsku/Z5418BDAD8A54B61A2448Z/45/_/1785235854/ab3635a3-b7e2-432d-b9b5-a44ed522f71f.jpg', 'https://z.nooncdn.com/products/tr:n-t_800/pzsku/Z5418BDAD8A54B61A2448Z/45/_/1785235918/de69f904-1e05-486b-9563-17f1d56cf31d.jpg', 'https://z.nooncdn.com/products/tr:n-t_800/pzsku/Z5418BDAD8A54B61A2448Z/45/_/1785235918/67c9e08d-1763-4654-a898-f719805c5c8d.jpg', 'https://z.nooncdn.com/products/tr:n-t_800/pzsku/Z5418BDAD8A54B61A2448Z/45/_/1785437562/083ac9b2-5f0d-4280-a440-c3285a8e2e20.jpg', 'https://z.nooncdn.com/products/tr:n-t_800/pzsku/Z5418BDAD8A54B61A2448Z/45/_/1785437731/d66203fd-4cc1-4def-8622-05b0c93d7e96.jpg']",NSAI80043995796-2-P1,2026-08-24 21:08:32+03:00,2026-08-25 11:56:41+03:00,2026-08-27 11:00:00+03:00,138.0,sar,null,,False,2026-08-25 10:27:24+03:00,shipped,PH21954634172S
NSAI80047531297,shipped,noon,False,False,ae6c02e38def22a8f754277592e1727a,Z1925F40A8C27863B04F5Z-1,31307007,Z1925F40A8C27863B04F5Z,6902540752361,Derma Roller C.E. 4×1 Device,pzsku/Z1925F40A8C27863B04F5Z/45/1755761488/33680bd2-36f7-45b3-abaa-73b448712c65.jpg,https://z.nooncdn.com/products/tr:n-t_120/pzsku/Z1925F40A8C27863B04F5Z/45/1755761488/33680bd2-36f7-45b3-abaa-73b448712c65.jpg,derma,,"['https://z.nooncdn.com/products/tr:n-t_800/pzsku/Z1925F40A8C27863B04F5Z/45/1755761488/33680bd2-36f7-45b3-abaa-73b448712c65.jpg', 'https://z.nooncdn.com/products/tr:n-t_800/pzsku/Z1925F40A8C27863B04F5Z/45/1755761531/332f1568-6a7a-4385-8bd0-f9c774b8f817.jpg', 'https://z.nooncdn.com/products/tr:n-t_800/pzsku/Z1925F40A8C27863B04F5Z/45/1755761547/16e42b6f-6c80-4189-87b4-294d9aab2f34.jpg', 'https://z.nooncdn.com/products/tr:n-t_800/pzsku/Z1925F40A8C27863B04F5Z/45/1755761580/6f48ebfd-19f8-48a3-a3a0-8b1dfd3d180a.jpg', 'https://z.nooncdn.com/products/tr:n-t_800/pzsku/Z1925F40A8C27863B04F5Z/45/1755761611/eb654345-736e-4e61-9587-481b89ec39f4.jpg', 'https://z.nooncdn.com/products/tr:n-t_800/pzsku/Z1925F40A8C27863B04F5Z/45/1755761642/57ee1b9f-2947-4095-8dac-582f54b1c397.jpg']",NSAI80047531297-1-P1,2026-08-24 20:22:37+03:00,2026-08-25 11:56:41+03:00,2026-08-27 11:00:00+03:00,38.03,sar,null,,False,2026-08-25 10:28:30+03:00,shipped,PH29679068982S
NSAI80051746063,delivered,noon,False,False,ab31c3059f3eb9b4761efd97254b204a,Z2FA0CA3A403288D01B9CZ-1,10104005,Z2FA0CA3A403288D01B9CZ,,Chios Greek Mastic 10g – Premium Natural Mastiha Resin,pzsku/Z2FA0CA3A403288D01B9CZ/45/1764146417/d82fdde0-0b16-4fa2-94bf-a4c9142bbaa6.jpg,https://z.nooncdn.com/products/tr:n-t_120/pzsku/Z2FA0CA3A403288D01B9CZ/45/1764146417/d82fdde0-0b16-4fa2-94bf-a4c9142bbaa6.jpg,chios_mastic,,['https://z.nooncdn.com/products/tr:n-t_800/pzsku/Z2FA0CA3A403288D01B9CZ/45/1764146417/d82fdde0-0b16-4fa2-94bf-a4c9142bbaa6.jpg'],NSAI80051746063-1-P1,2026-08-23 23:42:43+03:00,2026-08-24 11:06:01+03:00,2026-08-26 12:00:00+03:00,42.71,sar,null,,False,2026-08-24 09:52:28+03:00,delivered,PH25116573506S
NSAI80075516076,shipped,noon,False,False,a4ec7b04345251df46f25d6261c4a15a,ZCA0CA5D5F6E736507E0FZ-1,10101083,ZCA0CA5D5F6E736507E0FZ,,Elhekma Nettle Leaves 100g,pzsku/ZCA0CA5D5F6E736507E0FZ/45/_/1783240488/4f8d50e6-5fb0-42c3-9023-94b10f28fb1f.jpg,https://z.nooncdn.com/products/tr:n-t_120/pzsku/ZCA0CA5D5F6E736507E0FZ/45/_/1783240488/4f8d50e6-5fb0-42c3-9023-94b10f28fb1f.jpg,elhekma,,['https://z.nooncdn.com/products/tr:n-t_800/pzsku/ZCA0CA5D5F6E736507E0FZ/45/_/1783240488/4f8d50e6-5fb0-42c3-9023-94b10f28fb1f.jpg'],NSAI80075516076-4-P1,2026-08-23 23:38:26+03:00,2026-08-24 11:06:01+03:00,2026-08-26 11:00:00+03:00,28.41,sar,null,,False,2026-08-24 09:49:32+03:00,shipped,PH24494199893S
NSAI80028281075,shipped,noon,False,False,a38c24b75abea5450a914333a35488aa,Z5418BDAD8A54B61A2448Z-1,20316001,Z5418BDAD8A54B61A2448Z,6285725003916,Elhekma Hair Straightening Cream – 200 gm,pzsku/Z5418BDAD8A54B61A2448Z/45/_/1785235854/b63ac535-9597-4f02-b11f-bafa6ebf91d1.jpg,https://z.nooncdn.com/products/tr:n-t_120/pzsku/Z5418BDAD8A54B61A2448Z/45/_/1785235854/b63ac535-9597-4f02-b11f-bafa6ebf91d1.jpg,fayfa,,"['https://z.nooncdn.com/products/tr:n-t_800/pzsku/Z5418BDAD8A54B61A2448Z/45/_/1785235854/b63ac535-9597-4f02-b11f-bafa6ebf91d1.jpg', 'https://z.nooncdn.com/products/tr:n-t_800/pzsku/Z5418BDAD8A54B61A2448Z/45/_/1785235854/2a5392a9-3cf8-495f-bec7-6aed7946dd82.jpg', 'https://z.nooncdn.com/products/tr:n-t_800/pzsku/Z5418BDAD8A54B61A2448Z/45/_/1785235854/ab3635a3-b7e2-432d-b9b5-a44ed522f71f.jpg', 'https://z.nooncdn.com/products/tr:n-t_800/pzsku/Z5418BDAD8A54B61A2448Z/45/_/1785235918/de69f904-1e05-486b-9563-17f1d56cf31d.jpg', 'https://z.nooncdn.com/products/tr:n-t_800/pzsku/Z5418BDAD8A54B61A2448Z/45/_/1785235918/67c9e08d-1763-4654-a898-f719805c5c8d.jpg', 'https://z.nooncdn.com/products/tr:n-t_800/pzsku/Z5418BDAD8A54B61A2448Z/45/_/1785437562/083ac9b2-5f0d-4280-a440-c3285a8e2e20.jpg', 'https://z.nooncdn.com/products/tr:n-t_800/pzsku/Z5418BDAD8A54B61A2448Z/45/_/1785437731/d66203fd-4cc1-4def-8622-05b0c93d7e96.jpg']",NSAI80028281075-1-P1,2026-08-23 21:18:45+03:00,2026-08-24 11:06:00+03:00,2026-08-26 11:00:00+03:00,138.0,sar,null,,False,2026-08-24 09:51:07+03:00,shipped,PH29415617721S
NSAI80015754376,delivered,noon,False,False,a4ec7b04345251df46f25d6261c4a15a,ZCA0CA5D5F6E736507E0FZ-1,10101083,ZCA0CA5D5F6E736507E0FZ,,Elhekma Nettle Leaves 100g,pzsku/ZCA0CA5D5F6E736507E0FZ/45/_/1783240488/4f8d50e6-5fb0-42c3-9023-94b10f28fb1f.jpg,https://z.nooncdn.com/products/tr:n-t_120/pzsku/ZCA0CA5D5F6E736507E0FZ/45/_/1783240488/4f8d50e6-5fb0-42c3-9023-94b10f28fb1f.jpg,elhekma,,['https://z.nooncdn.com/products/tr:n-t_800/pzsku/ZCA0CA5D5F6E736507E0FZ/45/_/1783240488/4f8d50e6-5fb0-42c3-9023-94b10f28fb1f.jpg'],NSAI80015754376-2-P1,2026-08-19 17:44:43+03:00,2026-08-20 11:31:24+03:00,2026-08-23 12:00:00+03:00,28.41,sar,null,,False,2026-08-20 09:43:48+03:00,delivered,PH27381477305S
NSAI80012909591,delivered,noon,False,False,a5244e1b4b8e7bbb3ee66daf502faf3a,Z91117ECBC5B26B6646D4Z-1,10102040,Z91117ECBC5B26B6646D4Z,,Elhekma Whole Arabic Gum Natural Traditional Food Ingredient 100g,8fcb8d8c40005bbbba9a7be319324250|pzsku/Z91117ECBC5B26B6646D4Z/45/1771164420/28aa8c0e-ca59-4490-9163-034dcb9bb405.jpg,https://z.nooncdn.com/products/tr:n-t_120/8fcb8d8c40005bbbba9a7be319324250|pzsku/Z91117ECBC5B26B6646D4Z/45/1771164420/28aa8c0e-ca59-4490-9163-034dcb9bb405.jpg,elhekma,,"['https://z.nooncdn.com/products/tr:n-t_800/8fcb8d8c40005bbbba9a7be319324250|pzsku/Z91117ECBC5B26B6646D4Z/45/1771164420/28aa8c0e-ca59-4490-9163-034dcb9bb405.jpg', 'https://z.nooncdn.com/products/tr:n-t_800/8fcb8d8c40005bbbba9a7be319324250|pzsku/Z91117ECBC5B26B6646D4Z/45/1771164420/66801442-dd3c-44df-a42d-b52db717bb3c.jpg', 'https://z.nooncdn.com/products/tr:n-t_800/8fcb8d8c40005bbbba9a7be319324250|pzsku/Z91117ECBC5B26B6646D4Z/45/1771164420/bdd4680a-e5b1-4622-8390-ec9993261e93.jpg', 'https://z.nooncdn.com/products/tr:n-t_800/8fcb8d8c40005bbbba9a7be319324250|pzsku/Z91117ECBC5B26B6646D4Z/45/1771164420/efc46ad8-aeaf-46fb-b56c-006403e35df4.jpg']",NSAI80012909591-1-P1,2026-08-18 00:55:28+03:00,2026-08-18 11:19:31+03:00,2026-08-20 12:00:00+03:00,29.1,sar,null,,False,2026-08-18 09:26:37+03:00,delivered,PH20967752996S
NSAI80061501098,delivered,noon,False,False,aa965a0740d214c21e887da12394c59a,ZD58D7CC587E91B556408Z-1,10615003,ZD58D7CC587E91B556408Z,,"Balsaray Maca Honey 43g is a natural blend combining pure honey with nutrient-rich maca root extract, known for its energizing and revitalizing properties. This concentrated formula helps support stamina, boost vitality, and provide a natural nutritional lift while offering a smooth, rich honey flavor that can be taken directly or mixed with warm drinks.",pzsku/ZD58D7CC587E91B556408Z/45/1764146417/70ab1392-6cf4-46d0-8c6a-f8f1a974afcf.jpg,https://z.nooncdn.com/products/tr:n-t_120/pzsku/ZD58D7CC587E91B556408Z/45/1764146417/70ab1392-6cf4-46d0-8c6a-f8f1a974afcf.jpg,generic,,['https://z.nooncdn.com/products/tr:n-t_800/pzsku/ZD58D7CC587E91B556408Z/45/1764146417/70ab1392-6cf4-46d0-8c6a-f8f1a974afcf.jpg'],NSAI80061501098-1-P1,2026-08-18 02:36:59+03:00,2026-08-18 11:19:31+03:00,2026-08-20 12:00:00+03:00,114.96,sar,null,,False,2026-08-18 09:25:20+03:00,delivered,PH28337384116S
NSAI80032855761,delivered,noon,False,False,a570bc9124f3e4b1e3abb0517318e72a,Z7653E15CC2286AC2EDBBZ-1,10103048,Z7653E15CC2286AC2EDBBZ,,Al-Hekma Beetroot Powder 100 g – Natural Antioxidant-Rich Superfood,pzsku/Z7653E15CC2286AC2EDBBZ/45/1764146378/3b1ef1b7-44c2-4223-bf37-c858e956d868.jpg,https://z.nooncdn.com/products/tr:n-t_120/pzsku/Z7653E15CC2286AC2EDBBZ/45/1764146378/3b1ef1b7-44c2-4223-bf37-c858e956d868.jpg,elhekma,,['https://z.nooncdn.com/products/tr:n-t_800/pzsku/Z7653E15CC2286AC2EDBBZ/45/1764146378/3b1ef1b7-44c2-4223-bf37-c858e956d868.jpg'],NSAI80032855761-2-P1,2026-08-14 23:57:19+03:00,2026-08-15 11:10:35+03:00,2026-08-18 12:00:00+03:00,37.38,sar,null,,False,2026-08-15 09:04:19+03:00,delivered,PH21556210115S
NSAI80093854652,shipped,noon,False,False,ab18b5f85404798e86a423a75c2eecfa,ZAAECD40C12DDDBF75F80Z-1,20108008,ZAAECD40C12DDDBF75F80Z,6285074002974,Bepanthen Moisturizing Cream 30 ml,pzsku/ZAAECD40C12DDDBF75F80Z/45/1756126104/bebab778-f6e2-401b-b477-5a34bbdf4753.jpg,https://z.nooncdn.com/products/tr:n-t_120/pzsku/ZAAECD40C12DDDBF75F80Z/45/1756126104/bebab778-f6e2-401b-b477-5a34bbdf4753.jpg,bepanthen,,"['https://z.nooncdn.com/products/tr:n-t_800/pzsku/ZAAECD40C12DDDBF75F80Z/45/1756126104/bebab778-f6e2-401b-b477-5a34bbdf4753.jpg', 'https://z.nooncdn.com/products/tr:n-t_800/pzsku/ZAAECD40C12DDDBF75F80Z/45/1756125890/e922e484-7b1f-4f7f-95f7-bf2188d5c3c5.jpg']",NSAI80093854652-2-P1,2026-08-14 17:25:23+03:00,2026-08-15 11:10:35+03:00,2026-08-20 11:00:00+03:00,55.8,sar,null,,False,2026-08-15 09:04:40+03:00,shipped,PH24068991332S
NSAI80020299389,delivered,noon,False,False,a38c24b75abea5450a914333a35488aa,Z5418BDAD8A54B61A2448Z-1,20316001,Z5418BDAD8A54B61A2448Z,6285725003916,Elhekma Hair Straightening Cream – 200 gm,pzsku/Z5418BDAD8A54B61A2448Z/45/_/1785235854/b63ac535-9597-4f02-b11f-bafa6ebf91d1.jpg,https://z.nooncdn.com/products/tr:n-t_120/pzsku/Z5418BDAD8A54B61A2448Z/45/_/1785235854/b63ac535-9597-4f02-b11f-bafa6ebf91d1.jpg,fayfa,,"['https://z.nooncdn.com/products/tr:n-t_800/pzsku/Z5418BDAD8A54B61A2448Z/45/_/1785235854/b63ac535-9597-4f02-b11f-bafa6ebf91d1.jpg', 'https://z.nooncdn.com/products/tr:n-t_800/pzsku/Z5418BDAD8A54B61A2448Z/45/_/1785235854/2a5392a9-3cf8-495f-bec7-6aed7946dd82.jpg', 'https://z.nooncdn.com/products/tr:n-t_800/pzsku/Z5418BDAD8A54B61A2448Z/45/_/1785235854/ab3635a3-b7e2-432d-b9b5-a44ed522f71f.jpg', 'https://z.nooncdn.com/products/tr:n-t_800/pzsku/Z5418BDAD8A54B61A2448Z/45/_/1785235918/de69f904-1e05-486b-9563-17f1d56cf31d.jpg', 'https://z.nooncdn.com/products/tr:n-t_800/pzsku/Z5418BDAD8A54B61A2448Z/45/_/1785235918/67c9e08d-1763-4654-a898-f719805c5c8d.jpg', 'https://z.nooncdn.com/products/tr:n-t_800/pzsku/Z5418BDAD8A54B61A2448Z/45/_/1785437562/083ac9b2-5f0d-4280-a440-c3285a8e2e20.jpg', 'https://z.nooncdn.com/products/tr:n-t_800/pzsku/Z5418BDAD8A54B61A2448Z/45/_/1785437731/d66203fd-4cc1-4def-8622-05b0c93d7e96.jpg']",NSAI80020299389-2-P1,2026-08-11 15:53:00+03:00,2026-08-12 11:00:43+03:00,2026-08-15 11:00:00+03:00,138.0,sar,null,,False,2026-08-11 18:19:20+03:00,delivered,PH21091842960S
NSAI80020299389,delivered,noon,False,False,a38c24b75abea5450a914333a35488aa,Z5418BDAD8A54B61A2448Z-1,20316001,Z5418BDAD8A54B61A2448Z,6285725003916,Elhekma Hair Straightening Cream – 200 gm,pzsku/Z5418BDAD8A54B61A2448Z/45/_/1785235854/b63ac535-9597-4f02-b11f-bafa6ebf91d1.jpg,https://z.nooncdn.com/products/tr:n-t_120/pzsku/Z5418BDAD8A54B61A2448Z/45/_/1785235854/b63ac535-9597-4f02-b11f-bafa6ebf91d1.jpg,fayfa,,"['https://z.nooncdn.com/products/tr:n-t_800/pzsku/Z5418BDAD8A54B61A2448Z/45/_/1785235854/b63ac535-9597-4f02-b11f-bafa6ebf91d1.jpg', 'https://z.nooncdn.com/products/tr:n-t_800/pzsku/Z5418BDAD8A54B61A2448Z/45/_/1785235854/2a5392a9-3cf8-495f-bec7-6aed7946dd82.jpg', 'https://z.nooncdn.com/products/tr:n-t_800/pzsku/Z5418BDAD8A54B61A2448Z/45/_/1785235854/ab3635a3-b7e2-432d-b9b5-a44ed522f71f.jpg', 'https://z.nooncdn.com/products/tr:n-t_800/pzsku/Z5418BDAD8A54B61A2448Z/45/_/1785235918/de69f904-1e05-486b-9563-17f1d56cf31d.jpg', 'https://z.nooncdn.com/products/tr:n-t_800/pzsku/Z5418BDAD8A54B61A2448Z/45/_/1785235918/67c9e08d-1763-4654-a898-f719805c5c8d.jpg', 'https://z.nooncdn.com/products/tr:n-t_800/pzsku/Z5418BDAD8A54B61A2448Z/45/_/1785437562/083ac9b2-5f0d-4280-a440-c3285a8e2e20.jpg', 'https://z.nooncdn.com/products/tr:n-t_800/pzsku/Z5418BDAD8A54B61A2448Z/45/_/1785437731/d66203fd-4cc1-4def-8622-05b0c93d7e96.jpg']",NSAI80020299389-3-P1,2026-08-11 15:53:00+03:00,2026-08-12 11:00:43+03:00,2026-08-15 11:00:00+03:00,138.0,sar,null,,False,2026-08-11 18:19:20+03:00,delivered,PH21091842960S
NSAI80052409238,delivered,noon,False,False,aa965a0740d214c21e887da12394c59a,ZD58D7CC587E91B556408Z-1,10615003,ZD58D7CC587E91B556408Z,,"Balsaray Maca Honey 43g is a natural blend combining pure honey with nutrient-rich maca root extract, known for its energizing and revitalizing properties. This concentrated formula helps support stamina, boost vitality, and provide a natural nutritional lift while offering a smooth, rich honey flavor that can be taken directly or mixed with warm drinks.",pzsku/ZD58D7CC587E91B556408Z/45/1764146417/70ab1392-6cf4-46d0-8c6a-f8f1a974afcf.jpg,https://z.nooncdn.com/products/tr:n-t_120/pzsku/ZD58D7CC587E91B556408Z/45/1764146417/70ab1392-6cf4-46d0-8c6a-f8f1a974afcf.jpg,generic,,['https://z.nooncdn.com/products/tr:n-t_800/pzsku/ZD58D7CC587E91B556408Z/45/1764146417/70ab1392-6cf4-46d0-8c6a-f8f1a974afcf.jpg'],NSAI80052409238-1-P1,2026-08-11 17:12:31+03:00,2026-08-12 11:00:43+03:00,2026-08-15 11:00:00+03:00,114.96,sar,null,,False,2026-08-11 18:18:53+03:00,delivered,PH26361825381S
NSAI80016545065,delivered,noon,False,False,aa965a0740d214c21e887da12394c59a,ZD58D7CC587E91B556408Z-1,10615003,ZD58D7CC587E91B556408Z,,"Balsaray Maca Honey 43g is a natural blend combining pure honey with nutrient-rich maca root extract, known for its energizing and revitalizing properties. This concentrated formula helps support stamina, boost vitality, and provide a natural nutritional lift while offering a smooth, rich honey flavor that can be taken directly or mixed with warm drinks.",pzsku/ZD58D7CC587E91B556408Z/45/1764146417/70ab1392-6cf4-46d0-8c6a-f8f1a974afcf.jpg,https://z.nooncdn.com/products/tr:n-t_120/pzsku/ZD58D7CC587E91B556408Z/45/1764146417/70ab1392-6cf4-46d0-8c6a-f8f1a974afcf.jpg,generic,,['https://z.nooncdn.com/products/tr:n-t_800/pzsku/ZD58D7CC587E91B556408Z/45/1764146417/70ab1392-6cf4-46d0-8c6a-f8f1a974afcf.jpg'],NSAI80016545065-1-P1,2026-08-10 07:27:04+03:00,2026-08-10 11:05:17+03:00,2026-08-12 11:00:00+03:00,114.96,sar,null,,False,2026-08-10 09:27:13+03:00,delivered,PH22962207427S
NSAI80092177644,delivered,noon,False,False,a6e0147d04b65b9a91997e3733b7e81a,Z9CFC8CF38407AECBFC07Z-1,31106026,Z9CFC8CF38407AECBFC07Z,,Slim ’N Lift Men’s Slimming Body Shaper Vest White L – Tummy & Waist Control,pzsku/Z9CFC8CF38407AECBFC07Z/45/1764146415/21316509-43c5-4dea-aa9a-ae39c8c53c87.jpg,https://z.nooncdn.com/products/tr:n-t_120/pzsku/Z9CFC8CF38407AECBFC07Z/45/1764146415/21316509-43c5-4dea-aa9a-ae39c8c53c87.jpg,slim_n_lift,,"['https://z.nooncdn.com/products/tr:n-t_800/pzsku/Z9CFC8CF38407AECBFC07Z/45/1764146415/21316509-43c5-4dea-aa9a-ae39c8c53c87.jpg', 'https://z.nooncdn.com/products/tr:n-t_800/pzsku/Z9CFC8CF38407AECBFC07Z/45/1764146415/1d622c06-c17b-4794-8fd0-3aa85c871029.jpg', 'https://z.nooncdn.com/products/tr:n-t_800/pzsku/Z9CFC8CF38407AECBFC07Z/45/1764146415/b0bc2e43-d9b6-4eae-bc57-a8bf6afafdd9.jpg', 'https://z.nooncdn.com/products/tr:n-t_800/pzsku/Z9CFC8CF38407AECBFC07Z/45/1764146415/99efab34-f4b5-4dde-a4cc-5e003007cd8b.jpg', 'https://z.nooncdn.com/products/tr:n-t_800/pzsku/Z9CFC8CF38407AECBFC07Z/45/1764146415/32301bc1-5ea1-4c4a-9c1d-97a8984d387c.jpg', 'https://z.nooncdn.com/products/tr:n-t_800/pzsku/Z9CFC8CF38407AECBFC07Z/45/1764146415/ef680a1d-5ea5-4917-b0d1-73c7885d2a88.jpg']",NSAI80092177644-1-P1,2026-08-09 01:45:24+03:00,2026-08-09 11:54:32+03:00,2026-08-11 11:00:00+03:00,52.59,sar,null,,False,2026-08-09 09:48:28+03:00,delivered,PH27968384882S
NSAI80028627865,delivered,noon,False,False,a0e74e3b09e04fbe3139f832c434f45a,Z36738C4B5A0A7F8FAD2BZ-1,10503029,Z36738C4B5A0A7F8FAD2BZ,8997236230047,Parsa Drink with Ginseng 100 g – 5 Sachets,pzsku/Z36738C4B5A0A7F8FAD2BZ/45/_/1785227490/e793682c-d2b1-4552-ae1d-4b0aa2b26138.jpg,https://z.nooncdn.com/products/tr:n-t_120/pzsku/Z36738C4B5A0A7F8FAD2BZ/45/_/1785227490/e793682c-d2b1-4552-ae1d-4b0aa2b26138.jpg,parsa_coffee,,"['https://z.nooncdn.com/products/tr:n-t_800/pzsku/Z36738C4B5A0A7F8FAD2BZ/45/_/1785227490/e793682c-d2b1-4552-ae1d-4b0aa2b26138.jpg', 'https://z.nooncdn.com/products/tr:n-t_800/pzsku/Z36738C4B5A0A7F8FAD2BZ/45/_/1785227490/7ed19309-3ca2-4564-a467-21f19200368d.jpg', 'https://z.nooncdn.com/products/tr:n-t_800/pzsku/Z36738C4B5A0A7F8FAD2BZ/45/_/1785227490/cdcd8646-c65d-4cbb-830f-2c5671ad5a4c.jpg', 'https://z.nooncdn.com/products/tr:n-t_800/pzsku/Z36738C4B5A0A7F8FAD2BZ/45/_/1785227490/ffc84b16-64b0-4510-b83a-fb26f6488895.jpg']",NSAI80028627865-1-P1,2026-08-07 02:19:56+03:00,2026-08-08 12:37:24+03:00,2026-08-10 11:00:00+03:00,93.5,sar,null,,False,2026-08-07 16:06:48+03:00,delivered,PH26319574726S
NSAI80028914445,delivered,noon,False,False,a2c30dfcf452a2e874200e03ac3ca1aa,ZAA7A1D38C5281ED8A062Z-1,10501078,ZAA7A1D38C5281ED8A062Z,,TURKO BABA  Black mulberry Flavored Drink Powder 300g,pzsku/ZAA7A1D38C5281ED8A062Z/45/1754166637/aff68fcb-7a79-4149-9a62-5805df36ca2d.jpg,https://z.nooncdn.com/products/tr:n-t_120/pzsku/ZAA7A1D38C5281ED8A062Z/45/1754166637/aff68fcb-7a79-4149-9a62-5805df36ca2d.jpg,turko_baba,,"['https://z.nooncdn.com/products/tr:n-t_800/pzsku/ZAA7A1D38C5281ED8A062Z/45/1754166637/aff68fcb-7a79-4149-9a62-5805df36ca2d.jpg', 'https://z.nooncdn.com/products/tr:n-t_800/pzsku/ZAA7A1D38C5281ED8A062Z/45/_/1776502397/e481fc9d-52f8-4c80-be2e-d2b077b11f3b.jpg', 'https://z.nooncdn.com/products/tr:n-t_800/pzsku/ZAA7A1D38C5281ED8A062Z/45/_/1776502397/ad4990bb-f6d2-495d-8ac2-01e031ffbe9e.jpg']",NSAI80028914445-1-P1,2026-08-07 01:35:02+03:00,2026-08-08 12:37:24+03:00,2026-08-10 11:00:00+03:00,54.16,sar,null,,False,2026-08-07 16:07:48+03:00,delivered,PH26732165989S
NSAI80033638257,delivered,noon,False,False,ad5cccc870676778f5f3861b801c5f2a,Z7A9E2A7C4095986307F9Z-1,10101035,Z7A9E2A7C4095986307F9Z,,Elhekma Senna Herbal Drink Mix Traditional Natural Beverage Ingredient 100g,pzsku/Z7A9E2A7C4095986307F9Z/45/_/1783004452/21500839-141e-4d99-9597-7f782954e5d3.jpg,https://z.nooncdn.com/products/tr:n-t_120/pzsku/Z7A9E2A7C4095986307F9Z/45/_/1783004452/21500839-141e-4d99-9597-7f782954e5d3.jpg,elhekma,,['https://z.nooncdn.com/products/tr:n-t_800/pzsku/Z7A9E2A7C4095986307F9Z/45/_/1783004452/21500839-141e-4d99-9597-7f782954e5d3.jpg'],NSAI80033638257-1-P1,2026-08-06 20:50:44+03:00,2026-08-08 12:37:24+03:00,2026-08-12 12:00:00+03:00,25.01,sar,null,,False,2026-08-07 16:11:38+03:00,delivered,PH28122699263S
NSAI80033638257,delivered,noon,False,False,a68e19c7217ff9d80f4cf5b9507d800a,ZCB87955CC0CA01DC59FFZ-1,10102061,ZCB87955CC0CA01DC59FFZ,,Elhekma Original Myrrh Resin 30g,pzsku/ZCB87955CC0CA01DC59FFZ/45/_/1783007177/432664ca-545d-4a4c-b8b2-280e2e49f9fd.jpg,https://z.nooncdn.com/products/tr:n-t_120/pzsku/ZCB87955CC0CA01DC59FFZ/45/_/1783007177/432664ca-545d-4a4c-b8b2-280e2e49f9fd.jpg,elhekma,,['https://z.nooncdn.com/products/tr:n-t_800/pzsku/ZCB87955CC0CA01DC59FFZ/45/_/1783007177/432664ca-545d-4a4c-b8b2-280e2e49f9fd.jpg'],NSAI80033638257-2-P1,2026-08-06 20:50:44+03:00,2026-08-08 12:37:24+03:00,2026-08-12 12:00:00+03:00,29.67,sar,null,,False,2026-08-07 16:11:38+03:00,delivered,PH28122699263S
NSAI80072950754,delivered,noon,False,False,a90cf2ebc4e760b828d6729004dacd8a,ZC99E6D75F5E8AA80F80FZ-1,10102022,ZC99E6D75F5E8AA80F80FZ,,Al-Hekma Akpi Seeds 70 g – Natural African Herbal Seeds for Wellness,pzsku/ZC99E6D75F5E8AA80F80FZ/45/1764146380/3e366aad-41e7-4649-86c2-60c8283cb1d0.jpg,https://z.nooncdn.com/products/tr:n-t_120/pzsku/ZC99E6D75F5E8AA80F80FZ/45/1764146380/3e366aad-41e7-4649-86c2-60c8283cb1d0.jpg,elhekma,,['https://z.nooncdn.com/products/tr:n-t_800/pzsku/ZC99E6D75F5E8AA80F80FZ/45/1764146380/3e366aad-41e7-4649-86c2-60c8283cb1d0.jpg'],NSAI80072950754-1-P1,2026-08-06 22:13:11+03:00,2026-08-08 12:37:24+03:00,2026-08-10 12:00:00+03:00,48.99,sar,null,,False,2026-08-07 16:10:16+03:00,delivered,PH28016617015S
NSAI80072950754,delivered,noon,False,False,a90cf2ebc4e760b828d6729004dacd8a,ZC99E6D75F5E8AA80F80FZ-1,10102022,ZC99E6D75F5E8AA80F80FZ,,Al-Hekma Akpi Seeds 70 g – Natural African Herbal Seeds for Wellness,pzsku/ZC99E6D75F5E8AA80F80FZ/45/1764146380/3e366aad-41e7-4649-86c2-60c8283cb1d0.jpg,https://z.nooncdn.com/products/tr:n-t_120/pzsku/ZC99E6D75F5E8AA80F80FZ/45/1764146380/3e366aad-41e7-4649-86c2-60c8283cb1d0.jpg,elhekma,,['https://z.nooncdn.com/products/tr:n-t_800/pzsku/ZC99E6D75F5E8AA80F80FZ/45/1764146380/3e366aad-41e7-4649-86c2-60c8283cb1d0.jpg'],NSAI80072950754-2-P1,2026-08-06 22:13:11+03:00,2026-08-08 12:37:24+03:00,2026-08-10 12:00:00+03:00,48.99,sar,null,,False,2026-08-07 16:10:16+03:00,delivered,PH28016617015S
NSAI80078428745,delivered,noon,False,False,a095fd4e27e13eb1c12e7d56ff15674a,Z0AD0E44C7CE884AB9C97Z-1,10103081,Z0AD0E44C7CE884AB9C97Z,6285725022788,Etaret Al Hekma Herbal Hair Mashat 250g,pzsku/Z0AD0E44C7CE884AB9C97Z/45/1764236995/65addcdd-bd1b-496b-bd6b-82cba7344a4a.jpg,https://z.nooncdn.com/products/tr:n-t_120/pzsku/Z0AD0E44C7CE884AB9C97Z/45/1764236995/65addcdd-bd1b-496b-bd6b-82cba7344a4a.jpg,elhekma,,"['https://z.nooncdn.com/products/tr:n-t_800/pzsku/Z0AD0E44C7CE884AB9C97Z/45/1764236995/65addcdd-bd1b-496b-bd6b-82cba7344a4a.jpg', 'https://z.nooncdn.com/products/tr:n-t_800/pzsku/Z0AD0E44C7CE884AB9C97Z/45/1764236995/c06b2ae4-d257-47ea-a4ea-3dc7657fef2e.jpg', 'https://z.nooncdn.com/products/tr:n-t_800/pzsku/Z0AD0E44C7CE884AB9C97Z/45/1764236995/b5524155-7872-48e4-b99f-b6676095425b.jpg']",NSAI80078428745-1-P1,2026-08-07 13:02:14+03:00,2026-08-08 12:37:24+03:00,2026-08-11 12:00:00+03:00,27.46,sar,null,,False,2026-08-07 16:10:46+03:00,delivered,PH21633049031S
NSAI80080475806,delivered,noon,False,False,a0e74e3b09e04fbe3139f832c434f45a,Z36738C4B5A0A7F8FAD2BZ-1,10503029,Z36738C4B5A0A7F8FAD2BZ,8997236230047,Parsa Drink with Ginseng 100 g – 5 Sachets,pzsku/Z36738C4B5A0A7F8FAD2BZ/45/_/1785227490/e793682c-d2b1-4552-ae1d-4b0aa2b26138.jpg,https://z.nooncdn.com/products/tr:n-t_120/pzsku/Z36738C4B5A0A7F8FAD2BZ/45/_/1785227490/e793682c-d2b1-4552-ae1d-4b0aa2b26138.jpg,parsa_coffee,,"['https://z.nooncdn.com/products/tr:n-t_800/pzsku/Z36738C4B5A0A7F8FAD2BZ/45/_/1785227490/e793682c-d2b1-4552-ae1d-4b0aa2b26138.jpg', 'https://z.nooncdn.com/products/tr:n-t_800/pzsku/Z36738C4B5A0A7F8FAD2BZ/45/_/1785227490/7ed19309-3ca2-4564-a467-21f19200368d.jpg', 'https://z.nooncdn.com/products/tr:n-t_800/pzsku/Z36738C4B5A0A7F8FAD2BZ/45/_/1785227490/cdcd8646-c65d-4cbb-830f-2c5671ad5a4c.jpg', 'https://z.nooncdn.com/products/tr:n-t_800/pzsku/Z36738C4B5A0A7F8FAD2BZ/45/_/1785227490/ffc84b16-64b0-4510-b83a-fb26f6488895.jpg']",NSAI80080475806-1-P1,2026-08-06 21:56:10+03:00,2026-08-08 12:37:24+03:00,2026-08-10 12:00:00+03:00,93.5,sar,null,,False,2026-08-07 16:09:09+03:00,delivered,PH20414024463S
NSAI80097358200,delivered,noon,False,False,a0e74e3b09e04fbe3139f832c434f45a,Z36738C4B5A0A7F8FAD2BZ-1,10503029,Z36738C4B5A0A7F8FAD2BZ,8997236230047,Parsa Drink with Ginseng 100 g – 5 Sachets,pzsku/Z36738C4B5A0A7F8FAD2BZ/45/_/1785227490/e793682c-d2b1-4552-ae1d-4b0aa2b26138.jpg,https://z.nooncdn.com/products/tr:n-t_120/pzsku/Z36738C4B5A0A7F8FAD2BZ/45/_/1785227490/e793682c-d2b1-4552-ae1d-4b0aa2b26138.jpg,parsa_coffee,,"['https://z.nooncdn.com/products/tr:n-t_800/pzsku/Z36738C4B5A0A7F8FAD2BZ/45/_/1785227490/e793682c-d2b1-4552-ae1d-4b0aa2b26138.jpg', 'https://z.nooncdn.com/products/tr:n-t_800/pzsku/Z36738C4B5A0A7F8FAD2BZ/45/_/1785227490/7ed19309-3ca2-4564-a467-21f19200368d.jpg', 'https://z.nooncdn.com/products/tr:n-t_800/pzsku/Z36738C4B5A0A7F8FAD2BZ/45/_/1785227490/cdcd8646-c65d-4cbb-830f-2c5671ad5a4c.jpg', 'https://z.nooncdn.com/products/tr:n-t_800/pzsku/Z36738C4B5A0A7F8FAD2BZ/45/_/1785227490/ffc84b16-64b0-4510-b83a-fb26f6488895.jpg']",NSAI80097358200-2-P1,2026-08-06 12:01:23+03:00,2026-08-08 12:37:24+03:00,2026-08-10 12:00:00+03:00,93.5,sar,null,,False,2026-08-07 16:08:35+03:00,delivered,PH20771205617S
NSAI80060011481,delivered,noon,False,False,a38c24b75abea5450a914333a35488aa,Z5418BDAD8A54B61A2448Z-1,20316001,Z5418BDAD8A54B61A2448Z,6285725003916,Elhekma Hair Straightening Cream – 200 gm,pzsku/Z5418BDAD8A54B61A2448Z/45/_/1785235854/b63ac535-9597-4f02-b11f-bafa6ebf91d1.jpg,https://z.nooncdn.com/products/tr:n-t_120/pzsku/Z5418BDAD8A54B61A2448Z/45/_/1785235854/b63ac535-9597-4f02-b11f-bafa6ebf91d1.jpg,fayfa,,"['https://z.nooncdn.com/products/tr:n-t_800/pzsku/Z5418BDAD8A54B61A2448Z/45/_/1785235854/b63ac535-9597-4f02-b11f-bafa6ebf91d1.jpg', 'https://z.nooncdn.com/products/tr:n-t_800/pzsku/Z5418BDAD8A54B61A2448Z/45/_/1785235854/2a5392a9-3cf8-495f-bec7-6aed7946dd82.jpg', 'https://z.nooncdn.com/products/tr:n-t_800/pzsku/Z5418BDAD8A54B61A2448Z/45/_/1785235854/ab3635a3-b7e2-432d-b9b5-a44ed522f71f.jpg', 'https://z.nooncdn.com/products/tr:n-t_800/pzsku/Z5418BDAD8A54B61A2448Z/45/_/1785235918/de69f904-1e05-486b-9563-17f1d56cf31d.jpg', 'https://z.nooncdn.com/products/tr:n-t_800/pzsku/Z5418BDAD8A54B61A2448Z/45/_/1785235918/67c9e08d-1763-4654-a898-f719805c5c8d.jpg', 'https://z.nooncdn.com/products/tr:n-t_800/pzsku/Z5418BDAD8A54B61A2448Z/45/_/1785437562/083ac9b2-5f0d-4280-a440-c3285a8e2e20.jpg', 'https://z.nooncdn.com/products/tr:n-t_800/pzsku/Z5418BDAD8A54B61A2448Z/45/_/1785437731/d66203fd-4cc1-4def-8622-05b0c93d7e96.jpg']",NSAI80060011481-1-P1,2026-08-05 15:30:00+03:00,2026-08-06 11:26:58+03:00,2026-08-09 11:00:00+03:00,138.0,sar,null,,False,2026-08-06 09:10:40+03:00,delivered,PH21294076775S
NSAI80041268959,delivered,noon,False,False,a0e74e3b09e04fbe3139f832c434f45a,Z36738C4B5A0A7F8FAD2BZ-1,10503029,Z36738C4B5A0A7F8FAD2BZ,8997236230047,Parsa Drink with Ginseng 100 g – 5 Sachets,pzsku/Z36738C4B5A0A7F8FAD2BZ/45/_/1785227490/e793682c-d2b1-4552-ae1d-4b0aa2b26138.jpg,https://z.nooncdn.com/products/tr:n-t_120/pzsku/Z36738C4B5A0A7F8FAD2BZ/45/_/1785227490/e793682c-d2b1-4552-ae1d-4b0aa2b26138.jpg,parsa_coffee,,"['https://z.nooncdn.com/products/tr:n-t_800/pzsku/Z36738C4B5A0A7F8FAD2BZ/45/_/1785227490/e793682c-d2b1-4552-ae1d-4b0aa2b26138.jpg', 'https://z.nooncdn.com/products/tr:n-t_800/pzsku/Z36738C4B5A0A7F8FAD2BZ/45/_/1785227490/7ed19309-3ca2-4564-a467-21f19200368d.jpg', 'https://z.nooncdn.com/products/tr:n-t_800/pzsku/Z36738C4B5A0A7F8FAD2BZ/45/_/1785227490/cdcd8646-c65d-4cbb-830f-2c5671ad5a4c.jpg', 'https://z.nooncdn.com/products/tr:n-t_800/pzsku/Z36738C4B5A0A7F8FAD2BZ/45/_/1785227490/ffc84b16-64b0-4510-b83a-fb26f6488895.jpg']",NSAI80041268959-1-P1,2026-08-05 10:33:55+03:00,2026-08-06 11:26:57+03:00,2026-08-08 12:00:00+03:00,93.5,sar,null,,False,2026-08-05 11:17:15+03:00,delivered,PH29373631675S
NSAI80006262608,delivered,noon,False,False,a9f3964ae5ae751b90e8fb19f486e0ea,ZD87E45C5BB816CE47CD2Z-1,10101068,ZD87E45C5BB816CE47CD2Z,,Elhekma Dandelion Herb 100g,8fcb8d8c40005bbbba9a7be319324250|pzsku/ZD87E45C5BB816CE47CD2Z/45/1771164429/0c521db3-9d13-44a4-ab15-f3034186ce38.jpg,https://z.nooncdn.com/products/tr:n-t_120/8fcb8d8c40005bbbba9a7be319324250|pzsku/ZD87E45C5BB816CE47CD2Z/45/1771164429/0c521db3-9d13-44a4-ab15-f3034186ce38.jpg,elhekma,,"['https://z.nooncdn.com/products/tr:n-t_800/8fcb8d8c40005bbbba9a7be319324250|pzsku/ZD87E45C5BB816CE47CD2Z/45/1771164429/0c521db3-9d13-44a4-ab15-f3034186ce38.jpg', 'https://z.nooncdn.com/products/tr:n-t_800/8fcb8d8c40005bbbba9a7be319324250|pzsku/ZD87E45C5BB816CE47CD2Z/45/1771164429/cccb2622-dddb-4e54-b3c7-f25146dff6eb.jpg', 'https://z.nooncdn.com/products/tr:n-t_800/8fcb8d8c40005bbbba9a7be319324250|pzsku/ZD87E45C5BB816CE47CD2Z/45/1771164429/123ef44b-b1f8-44be-9bd9-cd4802423ea5.jpg']",NSAI80006262608-1-P1,2026-08-02 21:27:08+03:00,2026-08-03 11:37:43+03:00,2026-08-05 12:00:00+03:00,29.8,sar,null,,False,2026-08-03 09:47:43+03:00,delivered,PH20033769826S
NSAI80018346552,delivered,noon,False,False,a0e74e3b09e04fbe3139f832c434f45a,Z36738C4B5A0A7F8FAD2BZ-1,10503029,Z36738C4B5A0A7F8FAD2BZ,8997236230047,Parsa Drink with Ginseng 100 g – 5 Sachets,pzsku/Z36738C4B5A0A7F8FAD2BZ/45/_/1785227490/e793682c-d2b1-4552-ae1d-4b0aa2b26138.jpg,https://z.nooncdn.com/products/tr:n-t_120/pzsku/Z36738C4B5A0A7F8FAD2BZ/45/_/1785227490/e793682c-d2b1-4552-ae1d-4b0aa2b26138.jpg,parsa_coffee,,"['https://z.nooncdn.com/products/tr:n-t_800/pzsku/Z36738C4B5A0A7F8FAD2BZ/45/_/1785227490/e793682c-d2b1-4552-ae1d-4b0aa2b26138.jpg', 'https://z.nooncdn.com/products/tr:n-t_800/pzsku/Z36738C4B5A0A7F8FAD2BZ/45/_/1785227490/7ed19309-3ca2-4564-a467-21f19200368d.jpg', 'https://z.nooncdn.com/products/tr:n-t_800/pzsku/Z36738C4B5A0A7F8FAD2BZ/45/_/1785227490/cdcd8646-c65d-4cbb-830f-2c5671ad5a4c.jpg', 'https://z.nooncdn.com/products/tr:n-t_800/pzsku/Z36738C4B5A0A7F8FAD2BZ/45/_/1785227490/ffc84b16-64b0-4510-b83a-fb26f6488895.jpg']",NSAI80018346552-1-P1,2026-08-02 16:37:39+03:00,2026-08-03 11:37:43+03:00,2026-08-05 12:00:00+03:00,93.5,sar,null,,False,2026-08-03 09:48:18+03:00,delivered,PH28247770835S
NSAI80020183334,delivered,noon,False,False,aa965a0740d214c21e887da12394c59a,ZD58D7CC587E91B556408Z-1,10615003,ZD58D7CC587E91B556408Z,,"Balsaray Maca Honey 43g is a natural blend combining pure honey with nutrient-rich maca root extract, known for its energizing and revitalizing properties. This concentrated formula helps support stamina, boost vitality, and provide a natural nutritional lift while offering a smooth, rich honey flavor that can be taken directly or mixed with warm drinks.",pzsku/ZD58D7CC587E91B556408Z/45/1764146417/70ab1392-6cf4-46d0-8c6a-f8f1a974afcf.jpg,https://z.nooncdn.com/products/tr:n-t_120/pzsku/ZD58D7CC587E91B556408Z/45/1764146417/70ab1392-6cf4-46d0-8c6a-f8f1a974afcf.jpg,generic,,['https://z.nooncdn.com/products/tr:n-t_800/pzsku/ZD58D7CC587E91B556408Z/45/1764146417/70ab1392-6cf4-46d0-8c6a-f8f1a974afcf.jpg'],NSAI80020183334-1-P1,2026-08-01 15:54:44+03:00,2026-08-02 10:59:46+03:00,2026-08-04 11:00:00+03:00,114.96,sar,null,,False,2026-08-02 09:16:41+03:00,delivered,PH22843149763S
NSAI80015621717,delivered,noon,False,False,a426351c76d3144c586e94e5535e6e1a,Z4750575F836D09DAE343Z-1,20109077,Z4750575F836D09DAE343Z,6955050900272,FAMOUS Skin Whitening Cream with Vitamin E & C 200 ml,pzsku/Z4750575F836D09DAE343Z/45/1762187434/06d6b451-d69c-4197-8405-c7fa6ae4c4df.jpg,https://z.nooncdn.com/products/tr:n-t_120/pzsku/Z4750575F836D09DAE343Z/45/1762187434/06d6b451-d69c-4197-8405-c7fa6ae4c4df.jpg,famous,,"['https://z.nooncdn.com/products/tr:n-t_800/pzsku/Z4750575F836D09DAE343Z/45/1762187434/06d6b451-d69c-4197-8405-c7fa6ae4c4df.jpg', 'https://z.nooncdn.com/products/tr:n-t_800/pzsku/Z4750575F836D09DAE343Z/45/1762187434/9fddfea2-b23c-4372-9ac7-27e2899362f7.jpg']",NSAI80015621717-2-P1,2026-08-01 04:26:38+03:00,2026-08-01 11:38:17+03:00,2026-08-03 12:00:00+03:00,39.96,sar,null,,False,2026-08-01 10:14:23+03:00,delivered,PH22628300082S
NSAI80015621717,delivered,noon,False,False,a426351c76d3144c586e94e5535e6e1a,Z4750575F836D09DAE343Z-1,20109077,Z4750575F836D09DAE343Z,6955050900272,FAMOUS Skin Whitening Cream with Vitamin E & C 200 ml,pzsku/Z4750575F836D09DAE343Z/45/1762187434/06d6b451-d69c-4197-8405-c7fa6ae4c4df.jpg,https://z.nooncdn.com/products/tr:n-t_120/pzsku/Z4750575F836D09DAE343Z/45/1762187434/06d6b451-d69c-4197-8405-c7fa6ae4c4df.jpg,famous,,"['https://z.nooncdn.com/products/tr:n-t_800/pzsku/Z4750575F836D09DAE343Z/45/1762187434/06d6b451-d69c-4197-8405-c7fa6ae4c4df.jpg', 'https://z.nooncdn.com/products/tr:n-t_800/pzsku/Z4750575F836D09DAE343Z/45/1762187434/9fddfea2-b23c-4372-9ac7-27e2899362f7.jpg']",NSAI80015621717-3-P1,2026-08-01 04:26:38+03:00,2026-08-01 11:38:17+03:00,2026-08-03 12:00:00+03:00,39.96,sar,null,,False,2026-08-01 10:14:23+03:00,delivered,PH22628300082S
NSAI70049426983,delivered,noon,False,False,a9c63605a49150ad973cf65db38a999a,Z33E9E0576F800956F570Z-1,10501003,Z33E9E0576F800956F570Z,,Al Deyafah Slimming Tea 25 Bags – Herbal Blend for Digestion & Weight Support,pzsku/Z33E9E0576F800956F570Z/45/1764146413/77383bb3-31d1-4f1f-b6aa-055240d5996e.jpg,https://z.nooncdn.com/products/tr:n-t_120/pzsku/Z33E9E0576F800956F570Z/45/1764146413/77383bb3-31d1-4f1f-b6aa-055240d5996e.jpg,aldiafa,,['https://z.nooncdn.com/products/tr:n-t_800/pzsku/Z33E9E0576F800956F570Z/45/1764146413/77383bb3-31d1-4f1f-b6aa-055240d5996e.jpg'],NSAI70049426983-1-P1,2026-07-29 17:08:56+03:00,2026-07-30 11:27:09+03:00,2026-08-02 11:00:00+03:00,60.93,sar,null,,False,2026-07-29 17:17:14+03:00,delivered,PH22759492947S
NSAI70049426983,delivered,noon,False,False,a9c63605a49150ad973cf65db38a999a,Z33E9E0576F800956F570Z-1,10501003,Z33E9E0576F800956F570Z,,Al Deyafah Slimming Tea 25 Bags – Herbal Blend for Digestion & Weight Support,pzsku/Z33E9E0576F800956F570Z/45/1764146413/77383bb3-31d1-4f1f-b6aa-055240d5996e.jpg,https://z.nooncdn.com/products/tr:n-t_120/pzsku/Z33E9E0576F800956F570Z/45/1764146413/77383bb3-31d1-4f1f-b6aa-055240d5996e.jpg,aldiafa,,['https://z.nooncdn.com/products/tr:n-t_800/pzsku/Z33E9E0576F800956F570Z/45/1764146413/77383bb3-31d1-4f1f-b6aa-055240d5996e.jpg'],NSAI70049426983-2-P1,2026-07-29 17:08:56+03:00,2026-07-30 11:27:09+03:00,2026-08-02 11:00:00+03:00,60.93,sar,null,,False,2026-07-29 17:17:14+03:00,delivered,PH22759492947S
NSAI70049426983,delivered,noon,False,False,a9c63605a49150ad973cf65db38a999a,Z33E9E0576F800956F570Z-1,10501003,Z33E9E0576F800956F570Z,,Al Deyafah Slimming Tea 25 Bags – Herbal Blend for Digestion & Weight Support,pzsku/Z33E9E0576F800956F570Z/45/1764146413/77383bb3-31d1-4f1f-b6aa-055240d5996e.jpg,https://z.nooncdn.com/products/tr:n-t_120/pzsku/Z33E9E0576F800956F570Z/45/1764146413/77383bb3-31d1-4f1f-b6aa-055240d5996e.jpg,aldiafa,,['https://z.nooncdn.com/products/tr:n-t_800/pzsku/Z33E9E0576F800956F570Z/45/1764146413/77383bb3-31d1-4f1f-b6aa-055240d5996e.jpg'],NSAI70049426983-3-P1,2026-07-29 17:08:56+03:00,2026-07-30 11:27:09+03:00,2026-08-02 11:00:00+03:00,60.93,sar,null,,False,2026-07-29 17:17:14+03:00,delivered,PH22759492947S
NSAI70049426983,delivered,noon,False,False,a9c63605a49150ad973cf65db38a999a,Z33E9E0576F800956F570Z-1,10501003,Z33E9E0576F800956F570Z,,Al Deyafah Slimming Tea 25 Bags – Herbal Blend for Digestion & Weight Support,pzsku/Z33E9E0576F800956F570Z/45/1764146413/77383bb3-31d1-4f1f-b6aa-055240d5996e.jpg,https://z.nooncdn.com/products/tr:n-t_120/pzsku/Z33E9E0576F800956F570Z/45/1764146413/77383bb3-31d1-4f1f-b6aa-055240d5996e.jpg,aldiafa,,['https://z.nooncdn.com/products/tr:n-t_800/pzsku/Z33E9E0576F800956F570Z/45/1764146413/77383bb3-31d1-4f1f-b6aa-055240d5996e.jpg'],NSAI70049426983-4-P1,2026-07-29 17:08:56+03:00,2026-07-30 11:27:09+03:00,2026-08-02 11:00:00+03:00,60.93,sar,null,,False,2026-07-29 17:17:14+03:00,delivered,PH22759492947S
NSAI70067004686,delivered,noon,False,False,a570bc9124f3e4b1e3abb0517318e72a,Z7653E15CC2286AC2EDBBZ-1,10103048,Z7653E15CC2286AC2EDBBZ,,Al-Hekma Beetroot Powder 100 g – Natural Antioxidant-Rich Superfood,pzsku/Z7653E15CC2286AC2EDBBZ/45/1764146378/3b1ef1b7-44c2-4223-bf37-c858e956d868.jpg,https://z.nooncdn.com/products/tr:n-t_120/pzsku/Z7653E15CC2286AC2EDBBZ/45/1764146378/3b1ef1b7-44c2-4223-bf37-c858e956d868.jpg,elhekma,,['https://z.nooncdn.com/products/tr:n-t_800/pzsku/Z7653E15CC2286AC2EDBBZ/45/1764146378/3b1ef1b7-44c2-4223-bf37-c858e956d868.jpg'],NSAI70067004686-9-P1,2026-07-29 10:06:36+03:00,2026-07-29 10:57:20+03:00,2026-08-01 12:00:00+03:00,37.38,sar,null,,False,2026-07-29 10:34:22+03:00,delivered,PH21326089303S
NSAI70081879985,delivered,noon,False,False,af1dbb3752daa2caee34aae2ab18ad1a,Z91F3584157AF9B0B79E1Z-1,20204006,Z91F3584157AF9B0B79E1Z,6285725009222,Dazy Aker Fassi Powder 30 g,pzsku/Z91F3584157AF9B0B79E1Z/45/1755607600/be5baa14-040a-45a8-8662-c472b3ddb555.jpg,https://z.nooncdn.com/products/tr:n-t_120/pzsku/Z91F3584157AF9B0B79E1Z/45/1755607600/be5baa14-040a-45a8-8662-c472b3ddb555.jpg,dazy,30,['https://z.nooncdn.com/products/tr:n-t_800/pzsku/Z91F3584157AF9B0B79E1Z/45/1755607600/be5baa14-040a-45a8-8662-c472b3ddb555.jpg'],NSAI70081879985-1-P1,2026-07-28 22:29:12+03:00,2026-07-29 10:57:20+03:00,2026-08-01 12:00:00+03:00,27.52,sar,null,,False,2026-07-29 10:32:04+03:00,delivered,PH24829332191S
NSAI70049120415,delivered,noon,False,False,a570bc9124f3e4b1e3abb0517318e72a,Z7653E15CC2286AC2EDBBZ-1,10103048,Z7653E15CC2286AC2EDBBZ,,Al-Hekma Beetroot Powder 100 g – Natural Antioxidant-Rich Superfood,pzsku/Z7653E15CC2286AC2EDBBZ/45/1764146378/3b1ef1b7-44c2-4223-bf37-c858e956d868.jpg,https://z.nooncdn.com/products/tr:n-t_120/pzsku/Z7653E15CC2286AC2EDBBZ/45/1764146378/3b1ef1b7-44c2-4223-bf37-c858e956d868.jpg,elhekma,,['https://z.nooncdn.com/products/tr:n-t_800/pzsku/Z7653E15CC2286AC2EDBBZ/45/1764146378/3b1ef1b7-44c2-4223-bf37-c858e956d868.jpg'],NSAI70049120415-4-P1,2026-07-29 00:37:25+03:00,2026-07-29 10:57:19+03:00,2026-08-01 12:00:00+03:00,37.38,sar,null,,False,2026-07-29 10:31:14+03:00,delivered,PH25432480019S
NSAI70054818812,delivered,noon,False,False,a1b26cf7f993cbab0d164867e111246a,ZD1369EEAA95241CA7E2EZ-1,20401158,ZD1369EEAA95241CA7E2EZ,6287010671183,Herb Flaxseed Oil 118 ml,pzsku/ZD1369EEAA95241CA7E2EZ/45/1755078480/518b2a52-f757-4fb7-860a-6f83114bd3d5.jpg,https://z.nooncdn.com/products/tr:n-t_120/pzsku/ZD1369EEAA95241CA7E2EZ/45/1755078480/518b2a52-f757-4fb7-860a-6f83114bd3d5.jpg,herb_care,,"['https://z.nooncdn.com/products/tr:n-t_800/pzsku/ZD1369EEAA95241CA7E2EZ/45/1755078480/518b2a52-f757-4fb7-860a-6f83114bd3d5.jpg', 'https://z.nooncdn.com/products/tr:n-t_800/pzsku/ZD1369EEAA95241CA7E2EZ/45/1755078504/eee9e802-f3ce-409e-ae95-9824ef127ee2.jpg', 'https://z.nooncdn.com/products/tr:n-t_800/pzsku/ZD1369EEAA95241CA7E2EZ/45/_/1777126190/3f03ff35-8b1e-4604-9275-c6acc7bf9bd5.jpg', 'https://z.nooncdn.com/products/tr:n-t_800/pzsku/ZD1369EEAA95241CA7E2EZ/45/_/1777126190/d3f1f03f-5b93-4b61-9791-e1049bb3bdb4.jpg', 'https://z.nooncdn.com/products/tr:n-t_800/pzsku/ZD1369EEAA95241CA7E2EZ/45/_/1777126190/2ed0f50d-1b10-481e-807b-fe8775a7e1a4.jpg']",NSAI70054818812-1-P1,2026-07-28 16:48:47+03:00,2026-07-29 10:57:19+03:00,2026-08-01 10:00:00+03:00,35.01,sar,null,,False,2026-07-28 18:15:50+03:00,delivered,PH20381602985S
NSAI70006719104,delivered,noon,False,False,a2ce219ac691883d5f54753072df7a2a,ZD662D5C97D1F03904315Z-1,10102041,ZD662D5C97D1F03904315Z,,Elhekma Psyllium Husk Ispaghula Natural Fiber Dietary Ingredient 100g,8fcb8d8c40005bbbba9a7be319324250|pzsku/ZD662D5C97D1F03904315Z/45/1771164419/2f8f29f3-47fd-4ee0-baaf-67753d4d3db5.jpg,https://z.nooncdn.com/products/tr:n-t_120/8fcb8d8c40005bbbba9a7be319324250|pzsku/ZD662D5C97D1F03904315Z/45/1771164419/2f8f29f3-47fd-4ee0-baaf-67753d4d3db5.jpg,elhekma,,"['https://z.nooncdn.com/products/tr:n-t_800/8fcb8d8c40005bbbba9a7be319324250|pzsku/ZD662D5C97D1F03904315Z/45/1771164419/2f8f29f3-47fd-4ee0-baaf-67753d4d3db5.jpg', 'https://z.nooncdn.com/products/tr:n-t_800/8fcb8d8c40005bbbba9a7be319324250|pzsku/ZD662D5C97D1F03904315Z/45/1771164419/9cc0b942-9ca8-49a0-bc91-8bd1bc2a7e37.jpg', 'https://z.nooncdn.com/products/tr:n-t_800/8fcb8d8c40005bbbba9a7be319324250|pzsku/ZD662D5C97D1F03904315Z/45/1771164419/8ce1e67d-1d93-4d03-ac8b-b09af772caa9.jpg', 'https://z.nooncdn.com/products/tr:n-t_800/8fcb8d8c40005bbbba9a7be319324250|pzsku/ZD662D5C97D1F03904315Z/45/1771164419/732eff8e-78bb-482f-878e-2be1b0b505e9.jpg']",NSAI70006719104-1-P1,2026-07-27 02:42:59+03:00,2026-07-27 11:02:41+03:00,2026-07-29 12:00:00+03:00,33.59,sar,null,,False,2026-07-27 09:10:48+03:00,delivered,PH28360860967S
NSAI70077441524,delivered,noon,False,False,ab31c3059f3eb9b4761efd97254b204a,Z2FA0CA3A403288D01B9CZ-1,10104005,Z2FA0CA3A403288D01B9CZ,,Chios Greek Mastic 10g – Premium Natural Mastiha Resin,pzsku/Z2FA0CA3A403288D01B9CZ/45/1764146417/d82fdde0-0b16-4fa2-94bf-a4c9142bbaa6.jpg,https://z.nooncdn.com/products/tr:n-t_120/pzsku/Z2FA0CA3A403288D01B9CZ/45/1764146417/d82fdde0-0b16-4fa2-94bf-a4c9142bbaa6.jpg,chios_mastic,,['https://z.nooncdn.com/products/tr:n-t_800/pzsku/Z2FA0CA3A403288D01B9CZ/45/1764146417/d82fdde0-0b16-4fa2-94bf-a4c9142bbaa6.jpg'],NSAI70077441524-1-P1,2026-07-25 18:37:58+03:00,2026-07-26 11:17:24+03:00,2026-07-28 12:00:00+03:00,42.71,sar,null,,False,2026-07-26 10:22:24+03:00,delivered,PH22355298072S
NSAI70002207813,delivered,noon,False,False,a4c1f72bf40244e6f3c15570001b4b7a,ZDE34E2CD4E63F4376425Z-1,10501082,ZDE34E2CD4E63F4376425Z,4528344004592,AOI Matcha Japanese Pure 30g,pzsku/ZDE34E2CD4E63F4376425Z/45/_/1782129255/0daca77a-408e-41c0-a4d4-2f07d7e11825.jpg,https://z.nooncdn.com/products/tr:n-t_120/pzsku/ZDE34E2CD4E63F4376425Z/45/_/1782129255/0daca77a-408e-41c0-a4d4-2f07d7e11825.jpg,aoi,30,"['https://z.nooncdn.com/products/tr:n-t_800/pzsku/ZDE34E2CD4E63F4376425Z/45/_/1782129255/0daca77a-408e-41c0-a4d4-2f07d7e11825.jpg', 'https://z.nooncdn.com/products/tr:n-t_800/pzsku/ZDE34E2CD4E63F4376425Z/45/_/1782129369/baf6436c-ae0f-4298-a12e-1219a226f209.jpg', 'https://z.nooncdn.com/products/tr:n-t_800/pzsku/ZDE34E2CD4E63F4376425Z/45/_/1782129298/0e9ef4a8-c318-4a42-b9f3-5f04efccbf74.jpg', 'https://z.nooncdn.com/products/tr:n-t_800/pzsku/ZDE34E2CD4E63F4376425Z/45/_/1782129398/c424eff8-759d-422c-9ecd-8ee6d78637b4.jpg', 'https://z.nooncdn.com/products/tr:n-t_800/pzsku/ZDE34E2CD4E63F4376425Z/45/_/1782130661/1d7a84c8-3056-4524-a70c-08a6d8ad2486.jpg', 'https://z.nooncdn.com/products/tr:n-t_800/pzsku/ZDE34E2CD4E63F4376425Z/45/_/1782133658/a011d124-a3ce-4747-b842-1f6aa6d01795.jpg']",NSAI70002207813-1-P1,2026-07-22 17:50:57+03:00,2026-07-23 11:41:27+03:00,2026-07-26 12:00:00+03:00,81.52,sar,null,,False,2026-07-23 09:03:51+03:00,delivered,PH29129431341S
NSAI70002207813,delivered,noon,False,False,a4c1f72bf40244e6f3c15570001b4b7a,ZDE34E2CD4E63F4376425Z-1,10501082,ZDE34E2CD4E63F4376425Z,4528344004592,AOI Matcha Japanese Pure 30g,pzsku/ZDE34E2CD4E63F4376425Z/45/_/1782129255/0daca77a-408e-41c0-a4d4-2f07d7e11825.jpg,https://z.nooncdn.com/products/tr:n-t_120/pzsku/ZDE34E2CD4E63F4376425Z/45/_/1782129255/0daca77a-408e-41c0-a4d4-2f07d7e11825.jpg,aoi,30,"['https://z.nooncdn.com/products/tr:n-t_800/pzsku/ZDE34E2CD4E63F4376425Z/45/_/1782129255/0daca77a-408e-41c0-a4d4-2f07d7e11825.jpg', 'https://z.nooncdn.com/products/tr:n-t_800/pzsku/ZDE34E2CD4E63F4376425Z/45/_/1782129369/baf6436c-ae0f-4298-a12e-1219a226f209.jpg', 'https://z.nooncdn.com/products/tr:n-t_800/pzsku/ZDE34E2CD4E63F4376425Z/45/_/1782129298/0e9ef4a8-c318-4a42-b9f3-5f04efccbf74.jpg', 'https://z.nooncdn.com/products/tr:n-t_800/pzsku/ZDE34E2CD4E63F4376425Z/45/_/1782129398/c424eff8-759d-422c-9ecd-8ee6d78637b4.jpg', 'https://z.nooncdn.com/products/tr:n-t_800/pzsku/ZDE34E2CD4E63F4376425Z/45/_/1782130661/1d7a84c8-3056-4524-a70c-08a6d8ad2486.jpg', 'https://z.nooncdn.com/products/tr:n-t_800/pzsku/ZDE34E2CD4E63F4376425Z/45/_/1782133658/a011d124-a3ce-4747-b842-1f6aa6d01795.jpg']",NSAI70002207813-2-P1,2026-07-22 17:50:57+03:00,2026-07-23 11:41:27+03:00,2026-07-26 12:00:00+03:00,81.52,sar,null,,False,2026-07-23 09:03:51+03:00,delivered,PH29129431341S
NSAI70003468579,delivered,noon,False,False,a4c1f72bf40244e6f3c15570001b4b7a,ZDE34E2CD4E63F4376425Z-1,10501082,ZDE34E2CD4E63F4376425Z,4528344004592,AOI Matcha Japanese Pure 30g,pzsku/ZDE34E2CD4E63F4376425Z/45/_/1782129255/0daca77a-408e-41c0-a4d4-2f07d7e11825.jpg,https://z.nooncdn.com/products/tr:n-t_120/pzsku/ZDE34E2CD4E63F4376425Z/45/_/1782129255/0daca77a-408e-41c0-a4d4-2f07d7e11825.jpg,aoi,30,"['https://z.nooncdn.com/products/tr:n-t_800/pzsku/ZDE34E2CD4E63F4376425Z/45/_/1782129255/0daca77a-408e-41c0-a4d4-2f07d7e11825.jpg', 'https://z.nooncdn.com/products/tr:n-t_800/pzsku/ZDE34E2CD4E63F4376425Z/45/_/1782129369/baf6436c-ae0f-4298-a12e-1219a226f209.jpg', 'https://z.nooncdn.com/products/tr:n-t_800/pzsku/ZDE34E2CD4E63F4376425Z/45/_/1782129298/0e9ef4a8-c318-4a42-b9f3-5f04efccbf74.jpg', 'https://z.nooncdn.com/products/tr:n-t_800/pzsku/ZDE34E2CD4E63F4376425Z/45/_/1782129398/c424eff8-759d-422c-9ecd-8ee6d78637b4.jpg', 'https://z.nooncdn.com/products/tr:n-t_800/pzsku/ZDE34E2CD4E63F4376425Z/45/_/1782130661/1d7a84c8-3056-4524-a70c-08a6d8ad2486.jpg', 'https://z.nooncdn.com/products/tr:n-t_800/pzsku/ZDE34E2CD4E63F4376425Z/45/_/1782133658/a011d124-a3ce-4747-b842-1f6aa6d01795.jpg']",NSAI70003468579-1-P1,2026-07-22 17:16:00+03:00,2026-07-23 11:41:27+03:00,2026-07-26 11:00:00+03:00,81.52,sar,null,,False,2026-07-22 17:24:30+03:00,delivered,PH26326194362S
NSAI70097967795,delivered,noon,False,False,a4c1f72bf40244e6f3c15570001b4b7a,ZDE34E2CD4E63F4376425Z-1,10501082,ZDE34E2CD4E63F4376425Z,4528344004592,AOI Matcha Japanese Pure 30g,pzsku/ZDE34E2CD4E63F4376425Z/45/_/1782129255/0daca77a-408e-41c0-a4d4-2f07d7e11825.jpg,https://z.nooncdn.com/products/tr:n-t_120/pzsku/ZDE34E2CD4E63F4376425Z/45/_/1782129255/0daca77a-408e-41c0-a4d4-2f07d7e11825.jpg,aoi,30,"['https://z.nooncdn.com/products/tr:n-t_800/pzsku/ZDE34E2CD4E63F4376425Z/45/_/1782129255/0daca77a-408e-41c0-a4d4-2f07d7e11825.jpg', 'https://z.nooncdn.com/products/tr:n-t_800/pzsku/ZDE34E2CD4E63F4376425Z/45/_/1782129369/baf6436c-ae0f-4298-a12e-1219a226f209.jpg', 'https://z.nooncdn.com/products/tr:n-t_800/pzsku/ZDE34E2CD4E63F4376425Z/45/_/1782129298/0e9ef4a8-c318-4a42-b9f3-5f04efccbf74.jpg', 'https://z.nooncdn.com/products/tr:n-t_800/pzsku/ZDE34E2CD4E63F4376425Z/45/_/1782129398/c424eff8-759d-422c-9ecd-8ee6d78637b4.jpg', 'https://z.nooncdn.com/products/tr:n-t_800/pzsku/ZDE34E2CD4E63F4376425Z/45/_/1782130661/1d7a84c8-3056-4524-a70c-08a6d8ad2486.jpg', 'https://z.nooncdn.com/products/tr:n-t_800/pzsku/ZDE34E2CD4E63F4376425Z/45/_/1782133658/a011d124-a3ce-4747-b842-1f6aa6d01795.jpg']",NSAI70097967795-1-P1,2026-07-22 14:43:27+03:00,2026-07-23 11:41:27+03:00,2026-07-26 11:00:00+03:00,81.52,sar,null,,False,2026-07-22 17:25:41+03:00,delivered,PH20868429202S
NSAI70018902043,delivered,noon,False,False,a4c1f72bf40244e6f3c15570001b4b7a,ZDE34E2CD4E63F4376425Z-1,10501082,ZDE34E2CD4E63F4376425Z,4528344004592,AOI Matcha Japanese Pure 30g,pzsku/ZDE34E2CD4E63F4376425Z/45/_/1782129255/0daca77a-408e-41c0-a4d4-2f07d7e11825.jpg,https://z.nooncdn.com/products/tr:n-t_120/pzsku/ZDE34E2CD4E63F4376425Z/45/_/1782129255/0daca77a-408e-41c0-a4d4-2f07d7e11825.jpg,aoi,30,"['https://z.nooncdn.com/products/tr:n-t_800/pzsku/ZDE34E2CD4E63F4376425Z/45/_/1782129255/0daca77a-408e-41c0-a4d4-2f07d7e11825.jpg', 'https://z.nooncdn.com/products/tr:n-t_800/pzsku/ZDE34E2CD4E63F4376425Z/45/_/1782129369/baf6436c-ae0f-4298-a12e-1219a226f209.jpg', 'https://z.nooncdn.com/products/tr:n-t_800/pzsku/ZDE34E2CD4E63F4376425Z/45/_/1782129298/0e9ef4a8-c318-4a42-b9f3-5f04efccbf74.jpg', 'https://z.nooncdn.com/products/tr:n-t_800/pzsku/ZDE34E2CD4E63F4376425Z/45/_/1782129398/c424eff8-759d-422c-9ecd-8ee6d78637b4.jpg', 'https://z.nooncdn.com/products/tr:n-t_800/pzsku/ZDE34E2CD4E63F4376425Z/45/_/1782130661/1d7a84c8-3056-4524-a70c-08a6d8ad2486.jpg', 'https://z.nooncdn.com/products/tr:n-t_800/pzsku/ZDE34E2CD4E63F4376425Z/45/_/1782133658/a011d124-a3ce-4747-b842-1f6aa6d01795.jpg']",NSAI70018902043-1-P1,2026-07-22 07:12:53+03:00,2026-07-22 11:39:17+03:00,2026-07-25 12:00:00+03:00,81.52,sar,null,,False,2026-07-22 09:22:20+03:00,delivered,PH28849917133S
NSAI70034916354,delivered,noon,False,False,a4c1f72bf40244e6f3c15570001b4b7a,ZDE34E2CD4E63F4376425Z-1,10501082,ZDE34E2CD4E63F4376425Z,4528344004592,AOI Matcha Japanese Pure 30g,pzsku/ZDE34E2CD4E63F4376425Z/45/_/1782129255/0daca77a-408e-41c0-a4d4-2f07d7e11825.jpg,https://z.nooncdn.com/products/tr:n-t_120/pzsku/ZDE34E2CD4E63F4376425Z/45/_/1782129255/0daca77a-408e-41c0-a4d4-2f07d7e11825.jpg,aoi,30,"['https://z.nooncdn.com/products/tr:n-t_800/pzsku/ZDE34E2CD4E63F4376425Z/45/_/1782129255/0daca77a-408e-41c0-a4d4-2f07d7e11825.jpg', 'https://z.nooncdn.com/products/tr:n-t_800/pzsku/ZDE34E2CD4E63F4376425Z/45/_/1782129369/baf6436c-ae0f-4298-a12e-1219a226f209.jpg', 'https://z.nooncdn.com/products/tr:n-t_800/pzsku/ZDE34E2CD4E63F4376425Z/45/_/1782129298/0e9ef4a8-c318-4a42-b9f3-5f04efccbf74.jpg', 'https://z.nooncdn.com/products/tr:n-t_800/pzsku/ZDE34E2CD4E63F4376425Z/45/_/1782129398/c424eff8-759d-422c-9ecd-8ee6d78637b4.jpg', 'https://z.nooncdn.com/products/tr:n-t_800/pzsku/ZDE34E2CD4E63F4376425Z/45/_/1782130661/1d7a84c8-3056-4524-a70c-08a6d8ad2486.jpg', 'https://z.nooncdn.com/products/tr:n-t_800/pzsku/ZDE34E2CD4E63F4376425Z/45/_/1782133658/a011d124-a3ce-4747-b842-1f6aa6d01795.jpg']",NSAI70034916354-1-P1,2026-07-22 09:45:40+03:00,2026-07-22 11:39:17+03:00,2026-07-25 12:00:00+03:00,81.52,sar,null,,False,2026-07-22 11:36:22+03:00,delivered,PH20152098297S
NSAI70059491889,delivered,noon,False,False,a4c1f72bf40244e6f3c15570001b4b7a,ZDE34E2CD4E63F4376425Z-1,10501082,ZDE34E2CD4E63F4376425Z,4528344004592,AOI Matcha Japanese Pure 30g,pzsku/ZDE34E2CD4E63F4376425Z/45/_/1782129255/0daca77a-408e-41c0-a4d4-2f07d7e11825.jpg,https://z.nooncdn.com/products/tr:n-t_120/pzsku/ZDE34E2CD4E63F4376425Z/45/_/1782129255/0daca77a-408e-41c0-a4d4-2f07d7e11825.jpg,aoi,30,"['https://z.nooncdn.com/products/tr:n-t_800/pzsku/ZDE34E2CD4E63F4376425Z/45/_/1782129255/0daca77a-408e-41c0-a4d4-2f07d7e11825.jpg', 'https://z.nooncdn.com/products/tr:n-t_800/pzsku/ZDE34E2CD4E63F4376425Z/45/_/1782129369/baf6436c-ae0f-4298-a12e-1219a226f209.jpg', 'https://z.nooncdn.com/products/tr:n-t_800/pzsku/ZDE34E2CD4E63F4376425Z/45/_/1782129298/0e9ef4a8-c318-4a42-b9f3-5f04efccbf74.jpg', 'https://z.nooncdn.com/products/tr:n-t_800/pzsku/ZDE34E2CD4E63F4376425Z/45/_/1782129398/c424eff8-759d-422c-9ecd-8ee6d78637b4.jpg', 'https://z.nooncdn.com/products/tr:n-t_800/pzsku/ZDE34E2CD4E63F4376425Z/45/_/1782130661/1d7a84c8-3056-4524-a70c-08a6d8ad2486.jpg', 'https://z.nooncdn.com/products/tr:n-t_800/pzsku/ZDE34E2CD4E63F4376425Z/45/_/1782133658/a011d124-a3ce-4747-b842-1f6aa6d01795.jpg']",NSAI70059491889-1-P1,2026-07-21 12:37:15+03:00,2026-07-22 11:39:17+03:00,2026-07-25 11:00:00+03:00,81.52,sar,null,,False,2026-07-21 14:17:34+03:00,delivered,PH23501579974S
NSAI70063726231,delivered,noon,False,False,a4c1f72bf40244e6f3c15570001b4b7a,ZDE34E2CD4E63F4376425Z-1,10501082,ZDE34E2CD4E63F4376425Z,4528344004592,AOI Matcha Japanese Pure 30g,pzsku/ZDE34E2CD4E63F4376425Z/45/_/1782129255/0daca77a-408e-41c0-a4d4-2f07d7e11825.jpg,https://z.nooncdn.com/products/tr:n-t_120/pzsku/ZDE34E2CD4E63F4376425Z/45/_/1782129255/0daca77a-408e-41c0-a4d4-2f07d7e11825.jpg,aoi,30,"['https://z.nooncdn.com/products/tr:n-t_800/pzsku/ZDE34E2CD4E63F4376425Z/45/_/1782129255/0daca77a-408e-41c0-a4d4-2f07d7e11825.jpg', 'https://z.nooncdn.com/products/tr:n-t_800/pzsku/ZDE34E2CD4E63F4376425Z/45/_/1782129369/baf6436c-ae0f-4298-a12e-1219a226f209.jpg', 'https://z.nooncdn.com/products/tr:n-t_800/pzsku/ZDE34E2CD4E63F4376425Z/45/_/1782129298/0e9ef4a8-c318-4a42-b9f3-5f04efccbf74.jpg', 'https://z.nooncdn.com/products/tr:n-t_800/pzsku/ZDE34E2CD4E63F4376425Z/45/_/1782129398/c424eff8-759d-422c-9ecd-8ee6d78637b4.jpg', 'https://z.nooncdn.com/products/tr:n-t_800/pzsku/ZDE34E2CD4E63F4376425Z/45/_/1782130661/1d7a84c8-3056-4524-a70c-08a6d8ad2486.jpg', 'https://z.nooncdn.com/products/tr:n-t_800/pzsku/ZDE34E2CD4E63F4376425Z/45/_/1782133658/a011d124-a3ce-4747-b842-1f6aa6d01795.jpg']",NSAI70063726231-1-P1,2026-07-16 15:23:33+03:00,2026-07-18 12:18:02+03:00,2026-07-20 11:00:00+03:00,81.52,sar,null,,False,2026-07-18 10:28:41+03:00,delivered,PH26469436194S
NSAI70083519390,delivered,noon,False,False,a9c63605a49150ad973cf65db38a999a,Z33E9E0576F800956F570Z-1,10501003,Z33E9E0576F800956F570Z,,Al Deyafah Slimming Tea 25 Bags – Herbal Blend for Digestion & Weight Support,pzsku/Z33E9E0576F800956F570Z/45/1764146413/77383bb3-31d1-4f1f-b6aa-055240d5996e.jpg,https://z.nooncdn.com/products/tr:n-t_120/pzsku/Z33E9E0576F800956F570Z/45/1764146413/77383bb3-31d1-4f1f-b6aa-055240d5996e.jpg,aldiafa,,['https://z.nooncdn.com/products/tr:n-t_800/pzsku/Z33E9E0576F800956F570Z/45/1764146413/77383bb3-31d1-4f1f-b6aa-055240d5996e.jpg'],NSAI70083519390-1-P1,2026-07-17 18:36:35+03:00,2026-07-18 12:18:02+03:00,2026-07-21 12:00:00+03:00,60.93,sar,null,,False,2026-07-18 10:30:38+03:00,delivered,PH27776033504S
NSAI70083519390,delivered,noon,False,False,a9c63605a49150ad973cf65db38a999a,Z33E9E0576F800956F570Z-1,10501003,Z33E9E0576F800956F570Z,,Al Deyafah Slimming Tea 25 Bags – Herbal Blend for Digestion & Weight Support,pzsku/Z33E9E0576F800956F570Z/45/1764146413/77383bb3-31d1-4f1f-b6aa-055240d5996e.jpg,https://z.nooncdn.com/products/tr:n-t_120/pzsku/Z33E9E0576F800956F570Z/45/1764146413/77383bb3-31d1-4f1f-b6aa-055240d5996e.jpg,aldiafa,,['https://z.nooncdn.com/products/tr:n-t_800/pzsku/Z33E9E0576F800956F570Z/45/1764146413/77383bb3-31d1-4f1f-b6aa-055240d5996e.jpg'],NSAI70083519390-2-P1,2026-07-17 18:36:35+03:00,2026-07-18 12:18:02+03:00,2026-07-21 12:00:00+03:00,60.93,sar,null,,False,2026-07-18 10:30:38+03:00,delivered,PH27776033504S
NSAI70083519390,delivered,noon,False,False,a9c63605a49150ad973cf65db38a999a,Z33E9E0576F800956F570Z-1,10501003,Z33E9E0576F800956F570Z,,Al Deyafah Slimming Tea 25 Bags – Herbal Blend for Digestion & Weight Support,pzsku/Z33E9E0576F800956F570Z/45/1764146413/77383bb3-31d1-4f1f-b6aa-055240d5996e.jpg,https://z.nooncdn.com/products/tr:n-t_120/pzsku/Z33E9E0576F800956F570Z/45/1764146413/77383bb3-31d1-4f1f-b6aa-055240d5996e.jpg,aldiafa,,['https://z.nooncdn.com/products/tr:n-t_800/pzsku/Z33E9E0576F800956F570Z/45/1764146413/77383bb3-31d1-4f1f-b6aa-055240d5996e.jpg'],NSAI70083519390-3-P1,2026-07-17 18:36:35+03:00,2026-07-18 12:18:02+03:00,2026-07-21 12:00:00+03:00,60.93,sar,null,,False,2026-07-18 10:30:38+03:00,delivered,PH27776033504S
NSAI70003436076,delivered,noon,False,False,a8cfcde6d35b621591e9f6ed9671c8aa,ZE591002DBB2E5F80B35CZ-1,Z.17704621264793444.1,ZE591002DBB2E5F80B35CZ,,AOi Matcha Japanese Pure Matcha Powder 100g x 2 | Premium Authentic Green Matcha,8fcb8d8c40005bbbba9a7be319324250|pzsku/ZE591002DBB2E5F80B35CZ/45/1770710447/d0abecb1-e3e7-417e-a774-9527842b27ea.jpg,https://z.nooncdn.com/products/tr:n-t_120/8fcb8d8c40005bbbba9a7be319324250|pzsku/ZE591002DBB2E5F80B35CZ/45/1770710447/d0abecb1-e3e7-417e-a774-9527842b27ea.jpg,aoi,100,"['https://z.nooncdn.com/products/tr:n-t_800/8fcb8d8c40005bbbba9a7be319324250|pzsku/ZE591002DBB2E5F80B35CZ/45/1770710447/d0abecb1-e3e7-417e-a774-9527842b27ea.jpg', 'https://z.nooncdn.com/products/tr:n-t_800/8fcb8d8c40005bbbba9a7be319324250|pzsku/ZE591002DBB2E5F80B35CZ/45/1770710447/f434f8dc-75ed-4ee1-832a-0e4c45c528f9.jpg', 'https://z.nooncdn.com/products/tr:n-t_800/8fcb8d8c40005bbbba9a7be319324250|pzsku/ZE591002DBB2E5F80B35CZ/45/1770710447/b17c19d2-9c60-49c1-a379-5ef415bf4f69.jpg', 'https://z.nooncdn.com/products/tr:n-t_800/8fcb8d8c40005bbbba9a7be319324250|pzsku/ZE591002DBB2E5F80B35CZ/45/1770710447/d72f7d10-9f07-488b-b169-4012159a5e2d.jpg']",NSAI70003436076-2-P1,2026-07-16 18:02:33+03:00,2026-07-18 12:18:01+03:00,2026-07-20 12:00:00+03:00,199.0,sar,null,,False,2026-07-18 10:29:50+03:00,delivered,PH28310477760S
NSAI70041136933,delivered,noon,False,False,a4c1f72bf40244e6f3c15570001b4b7a,ZDE34E2CD4E63F4376425Z-1,10501082,ZDE34E2CD4E63F4376425Z,4528344004592,AOI Matcha Japanese Pure 30g,pzsku/ZDE34E2CD4E63F4376425Z/45/_/1782129255/0daca77a-408e-41c0-a4d4-2f07d7e11825.jpg,https://z.nooncdn.com/products/tr:n-t_120/pzsku/ZDE34E2CD4E63F4376425Z/45/_/1782129255/0daca77a-408e-41c0-a4d4-2f07d7e11825.jpg,aoi,30,"['https://z.nooncdn.com/products/tr:n-t_800/pzsku/ZDE34E2CD4E63F4376425Z/45/_/1782129255/0daca77a-408e-41c0-a4d4-2f07d7e11825.jpg', 'https://z.nooncdn.com/products/tr:n-t_800/pzsku/ZDE34E2CD4E63F4376425Z/45/_/1782129369/baf6436c-ae0f-4298-a12e-1219a226f209.jpg', 'https://z.nooncdn.com/products/tr:n-t_800/pzsku/ZDE34E2CD4E63F4376425Z/45/_/1782129298/0e9ef4a8-c318-4a42-b9f3-5f04efccbf74.jpg', 'https://z.nooncdn.com/products/tr:n-t_800/pzsku/ZDE34E2CD4E63F4376425Z/45/_/1782129398/c424eff8-759d-422c-9ecd-8ee6d78637b4.jpg', 'https://z.nooncdn.com/products/tr:n-t_800/pzsku/ZDE34E2CD4E63F4376425Z/45/_/1782130661/1d7a84c8-3056-4524-a70c-08a6d8ad2486.jpg', 'https://z.nooncdn.com/products/tr:n-t_800/pzsku/ZDE34E2CD4E63F4376425Z/45/_/1782133658/a011d124-a3ce-4747-b842-1f6aa6d01795.jpg']",NSAI70041136933-1-P1,2026-07-15 11:47:08+03:00,2026-07-18 12:18:01+03:00,2026-07-19 12:00:00+03:00,81.52,sar,null,,False,2026-07-18 10:27:08+03:00,delivered,PH29744967530S
NSAI70049379239,delivered,noon,False,False,a9839bb3c1d9c504ba1b76d2f90f46fa,Z4B8074DCA339A67B905FZ-1,10102024,Z4B8074DCA339A67B905FZ,,Al-Hekma Chia Seeds 100 g – Natural Omega-3 & High-Fiber Superfood,pzsku/Z4B8074DCA339A67B905FZ/45/1764146382/0039cf6e-549e-420c-b1ff-f67b956e1bc2.jpg,https://z.nooncdn.com/products/tr:n-t_120/pzsku/Z4B8074DCA339A67B905FZ/45/1764146382/0039cf6e-549e-420c-b1ff-f67b956e1bc2.jpg,elhekma,,['https://z.nooncdn.com/products/tr:n-t_800/pzsku/Z4B8074DCA339A67B905FZ/45/1764146382/0039cf6e-549e-420c-b1ff-f67b956e1bc2.jpg'],NSAI70049379239-1-P1,2026-07-13 19:28:17+03:00,2026-07-14 11:27:45+03:00,2026-07-16 12:00:00+03:00,55.43,sar,null,,False,2026-07-14 08:59:24+03:00,delivered,PH28045507018S
NSAI70097348606,delivered,noon,False,False,a4c1f72bf40244e6f3c15570001b4b7a,ZDE34E2CD4E63F4376425Z-1,10501082,ZDE34E2CD4E63F4376425Z,4528344004592,AOI Matcha Japanese Pure 30g,pzsku/ZDE34E2CD4E63F4376425Z/45/_/1782129255/0daca77a-408e-41c0-a4d4-2f07d7e11825.jpg,https://z.nooncdn.com/products/tr:n-t_120/pzsku/ZDE34E2CD4E63F4376425Z/45/_/1782129255/0daca77a-408e-41c0-a4d4-2f07d7e11825.jpg,aoi,30,"['https://z.nooncdn.com/products/tr:n-t_800/pzsku/ZDE34E2CD4E63F4376425Z/45/_/1782129255/0daca77a-408e-41c0-a4d4-2f07d7e11825.jpg', 'https://z.nooncdn.com/products/tr:n-t_800/pzsku/ZDE34E2CD4E63F4376425Z/45/_/1782129369/baf6436c-ae0f-4298-a12e-1219a226f209.jpg', 'https://z.nooncdn.com/products/tr:n-t_800/pzsku/ZDE34E2CD4E63F4376425Z/45/_/1782129298/0e9ef4a8-c318-4a42-b9f3-5f04efccbf74.jpg', 'https://z.nooncdn.com/products/tr:n-t_800/pzsku/ZDE34E2CD4E63F4376425Z/45/_/1782129398/c424eff8-759d-422c-9ecd-8ee6d78637b4.jpg', 'https://z.nooncdn.com/products/tr:n-t_800/pzsku/ZDE34E2CD4E63F4376425Z/45/_/1782130661/1d7a84c8-3056-4524-a70c-08a6d8ad2486.jpg', 'https://z.nooncdn.com/products/tr:n-t_800/pzsku/ZDE34E2CD4E63F4376425Z/45/_/1782133658/a011d124-a3ce-4747-b842-1f6aa6d01795.jpg']",NSAI70097348606-1-P1,2026-07-12 14:06:39+03:00,2026-07-13 11:21:51+03:00,2026-07-15 11:00:00+03:00,81.52,sar,null,,False,2026-07-12 15:38:32+03:00,delivered,PH27781529042S
NSAI70043649500,delivered,noon,False,False,a4c1f72bf40244e6f3c15570001b4b7a,ZDE34E2CD4E63F4376425Z-1,10501082,ZDE34E2CD4E63F4376425Z,4528344004592,AOI Matcha Japanese Pure 30g,pzsku/ZDE34E2CD4E63F4376425Z/45/_/1782129255/0daca77a-408e-41c0-a4d4-2f07d7e11825.jpg,https://z.nooncdn.com/products/tr:n-t_120/pzsku/ZDE34E2CD4E63F4376425Z/45/_/1782129255/0daca77a-408e-41c0-a4d4-2f07d7e11825.jpg,aoi,30,"['https://z.nooncdn.com/products/tr:n-t_800/pzsku/ZDE34E2CD4E63F4376425Z/45/_/1782129255/0daca77a-408e-41c0-a4d4-2f07d7e11825.jpg', 'https://z.nooncdn.com/products/tr:n-t_800/pzsku/ZDE34E2CD4E63F4376425Z/45/_/1782129369/baf6436c-ae0f-4298-a12e-1219a226f209.jpg', 'https://z.nooncdn.com/products/tr:n-t_800/pzsku/ZDE34E2CD4E63F4376425Z/45/_/1782129298/0e9ef4a8-c318-4a42-b9f3-5f04efccbf74.jpg', 'https://z.nooncdn.com/products/tr:n-t_800/pzsku/ZDE34E2CD4E63F4376425Z/45/_/1782129398/c424eff8-759d-422c-9ecd-8ee6d78637b4.jpg', 'https://z.nooncdn.com/products/tr:n-t_800/pzsku/ZDE34E2CD4E63F4376425Z/45/_/1782130661/1d7a84c8-3056-4524-a70c-08a6d8ad2486.jpg', 'https://z.nooncdn.com/products/tr:n-t_800/pzsku/ZDE34E2CD4E63F4376425Z/45/_/1782133658/a011d124-a3ce-4747-b842-1f6aa6d01795.jpg']",NSAI70043649500-1-P1,2026-07-13 05:47:11+03:00,2026-07-13 11:21:50+03:00,2026-07-15 12:00:00+03:00,81.52,sar,null,,False,2026-07-13 09:05:01+03:00,delivered,PH28259296745S
NSAI70092281897,delivered,noon,False,False,a4c1f72bf40244e6f3c15570001b4b7a,ZDE34E2CD4E63F4376425Z-1,10501082,ZDE34E2CD4E63F4376425Z,4528344004592,AOI Matcha Japanese Pure 30g,pzsku/ZDE34E2CD4E63F4376425Z/45/_/1782129255/0daca77a-408e-41c0-a4d4-2f07d7e11825.jpg,https://z.nooncdn.com/products/tr:n-t_120/pzsku/ZDE34E2CD4E63F4376425Z/45/_/1782129255/0daca77a-408e-41c0-a4d4-2f07d7e11825.jpg,aoi,30,"['https://z.nooncdn.com/products/tr:n-t_800/pzsku/ZDE34E2CD4E63F4376425Z/45/_/1782129255/0daca77a-408e-41c0-a4d4-2f07d7e11825.jpg', 'https://z.nooncdn.com/products/tr:n-t_800/pzsku/ZDE34E2CD4E63F4376425Z/45/_/1782129369/baf6436c-ae0f-4298-a12e-1219a226f209.jpg', 'https://z.nooncdn.com/products/tr:n-t_800/pzsku/ZDE34E2CD4E63F4376425Z/45/_/1782129298/0e9ef4a8-c318-4a42-b9f3-5f04efccbf74.jpg', 'https://z.nooncdn.com/products/tr:n-t_800/pzsku/ZDE34E2CD4E63F4376425Z/45/_/1782129398/c424eff8-759d-422c-9ecd-8ee6d78637b4.jpg', 'https://z.nooncdn.com/products/tr:n-t_800/pzsku/ZDE34E2CD4E63F4376425Z/45/_/1782130661/1d7a84c8-3056-4524-a70c-08a6d8ad2486.jpg', 'https://z.nooncdn.com/products/tr:n-t_800/pzsku/ZDE34E2CD4E63F4376425Z/45/_/1782133658/a011d124-a3ce-4747-b842-1f6aa6d01795.jpg']",NSAI70092281897-1-P1,2026-07-12 21:58:51+03:00,2026-07-13 11:21:50+03:00,2026-07-15 11:00:00+03:00,81.52,sar,null,,False,2026-07-13 09:03:39+03:00,delivered,PH29834052040S
NSAI70037768519,delivered,noon,False,False,a4c1f72bf40244e6f3c15570001b4b7a,ZDE34E2CD4E63F4376425Z-1,10501082,ZDE34E2CD4E63F4376425Z,4528344004592,AOI Matcha Japanese Pure 30g,pzsku/ZDE34E2CD4E63F4376425Z/45/_/1782129255/0daca77a-408e-41c0-a4d4-2f07d7e11825.jpg,https://z.nooncdn.com/products/tr:n-t_120/pzsku/ZDE34E2CD4E63F4376425Z/45/_/1782129255/0daca77a-408e-41c0-a4d4-2f07d7e11825.jpg,aoi,30,"['https://z.nooncdn.com/products/tr:n-t_800/pzsku/ZDE34E2CD4E63F4376425Z/45/_/1782129255/0daca77a-408e-41c0-a4d4-2f07d7e11825.jpg', 'https://z.nooncdn.com/products/tr:n-t_800/pzsku/ZDE34E2CD4E63F4376425Z/45/_/1782129369/baf6436c-ae0f-4298-a12e-1219a226f209.jpg', 'https://z.nooncdn.com/products/tr:n-t_800/pzsku/ZDE34E2CD4E63F4376425Z/45/_/1782129298/0e9ef4a8-c318-4a42-b9f3-5f04efccbf74.jpg', 'https://z.nooncdn.com/products/tr:n-t_800/pzsku/ZDE34E2CD4E63F4376425Z/45/_/1782129398/c424eff8-759d-422c-9ecd-8ee6d78637b4.jpg', 'https://z.nooncdn.com/products/tr:n-t_800/pzsku/ZDE34E2CD4E63F4376425Z/45/_/1782130661/1d7a84c8-3056-4524-a70c-08a6d8ad2486.jpg', 'https://z.nooncdn.com/products/tr:n-t_800/pzsku/ZDE34E2CD4E63F4376425Z/45/_/1782133658/a011d124-a3ce-4747-b842-1f6aa6d01795.jpg']",NSAI70037768519-2-P1,2026-07-13 01:16:02+03:00,2026-07-13 11:21:49+03:00,2026-07-15 11:00:00+03:00,81.52,sar,null,,False,2026-07-13 09:04:11+03:00,delivered,PH24825834785S
NSAI70042242414,delivered,noon,False,False,a8cfcde6d35b621591e9f6ed9671c8aa,ZE591002DBB2E5F80B35CZ-1,Z.17704621264793444.1,ZE591002DBB2E5F80B35CZ,,AOi Matcha Japanese Pure Matcha Powder 100g x 2 | Premium Authentic Green Matcha,8fcb8d8c40005bbbba9a7be319324250|pzsku/ZE591002DBB2E5F80B35CZ/45/1770710447/d0abecb1-e3e7-417e-a774-9527842b27ea.jpg,https://z.nooncdn.com/products/tr:n-t_120/8fcb8d8c40005bbbba9a7be319324250|pzsku/ZE591002DBB2E5F80B35CZ/45/1770710447/d0abecb1-e3e7-417e-a774-9527842b27ea.jpg,aoi,100,"['https://z.nooncdn.com/products/tr:n-t_800/8fcb8d8c40005bbbba9a7be319324250|pzsku/ZE591002DBB2E5F80B35CZ/45/1770710447/d0abecb1-e3e7-417e-a774-9527842b27ea.jpg', 'https://z.nooncdn.com/products/tr:n-t_800/8fcb8d8c40005bbbba9a7be319324250|pzsku/ZE591002DBB2E5F80B35CZ/45/1770710447/f434f8dc-75ed-4ee1-832a-0e4c45c528f9.jpg', 'https://z.nooncdn.com/products/tr:n-t_800/8fcb8d8c40005bbbba9a7be319324250|pzsku/ZE591002DBB2E5F80B35CZ/45/1770710447/b17c19d2-9c60-49c1-a379-5ef415bf4f69.jpg', 'https://z.nooncdn.com/products/tr:n-t_800/8fcb8d8c40005bbbba9a7be319324250|pzsku/ZE591002DBB2E5F80B35CZ/45/1770710447/d72f7d10-9f07-488b-b169-4012159a5e2d.jpg']",NSAI70042242414-1-P1,2026-07-13 08:03:49+03:00,2026-07-13 11:21:49+03:00,2026-07-15 11:00:00+03:00,199.0,sar,null,,False,2026-07-13 09:03:13+03:00,delivered,PH21495753407S
NSAI70010528681,delivered,noon,False,False,a4c1f72bf40244e6f3c15570001b4b7a,ZDE34E2CD4E63F4376425Z-1,10501082,ZDE34E2CD4E63F4376425Z,4528344004592,AOI Matcha Japanese Pure 30g,pzsku/ZDE34E2CD4E63F4376425Z/45/_/1782129255/0daca77a-408e-41c0-a4d4-2f07d7e11825.jpg,https://z.nooncdn.com/products/tr:n-t_120/pzsku/ZDE34E2CD4E63F4376425Z/45/_/1782129255/0daca77a-408e-41c0-a4d4-2f07d7e11825.jpg,aoi,30,"['https://z.nooncdn.com/products/tr:n-t_800/pzsku/ZDE34E2CD4E63F4376425Z/45/_/1782129255/0daca77a-408e-41c0-a4d4-2f07d7e11825.jpg', 'https://z.nooncdn.com/products/tr:n-t_800/pzsku/ZDE34E2CD4E63F4376425Z/45/_/1782129369/baf6436c-ae0f-4298-a12e-1219a226f209.jpg', 'https://z.nooncdn.com/products/tr:n-t_800/pzsku/ZDE34E2CD4E63F4376425Z/45/_/1782129298/0e9ef4a8-c318-4a42-b9f3-5f04efccbf74.jpg', 'https://z.nooncdn.com/products/tr:n-t_800/pzsku/ZDE34E2CD4E63F4376425Z/45/_/1782129398/c424eff8-759d-422c-9ecd-8ee6d78637b4.jpg', 'https://z.nooncdn.com/products/tr:n-t_800/pzsku/ZDE34E2CD4E63F4376425Z/45/_/1782130661/1d7a84c8-3056-4524-a70c-08a6d8ad2486.jpg', 'https://z.nooncdn.com/products/tr:n-t_800/pzsku/ZDE34E2CD4E63F4376425Z/45/_/1782133658/a011d124-a3ce-4747-b842-1f6aa6d01795.jpg']",NSAI70010528681-1-P1,2026-07-12 06:54:07+03:00,2026-07-12 12:28:28+03:00,2026-07-14 11:00:00+03:00,81.52,sar,null,,False,2026-07-12 09:54:04+03:00,delivered,PH25936601258S
NSAI70061224245,delivered,noon,False,False,a2483ab90de23c4fa1ab12314898b9da,Z5C0C1B686EF8A6CFB1FFZ-1,20401021,Z5C0C1B686EF8A6CFB1FFZ,,Akpi Oil – 60ml,pzsku/Z5C0C1B686EF8A6CFB1FFZ/45/_/1785424188/e2f79ace-ff2c-4b03-ab9c-2b4983317a4d.jpg,https://z.nooncdn.com/products/tr:n-t_120/pzsku/Z5C0C1B686EF8A6CFB1FFZ/45/_/1785424188/e2f79ace-ff2c-4b03-ab9c-2b4983317a4d.jpg,fayfa,,"['https://z.nooncdn.com/products/tr:n-t_800/pzsku/Z5C0C1B686EF8A6CFB1FFZ/45/_/1785424188/e2f79ace-ff2c-4b03-ab9c-2b4983317a4d.jpg', 'https://z.nooncdn.com/products/tr:n-t_800/pzsku/Z5C0C1B686EF8A6CFB1FFZ/45/_/1785424204/84fc8b99-015f-45c4-b5ae-26ed0feb8e85.jpg', 'https://z.nooncdn.com/products/tr:n-t_800/pzsku/Z5C0C1B686EF8A6CFB1FFZ/45/_/1785424219/809afd8e-d860-4096-bfc0-9089e0b38ca6.jpg', 'https://z.nooncdn.com/products/tr:n-t_800/pzsku/Z5C0C1B686EF8A6CFB1FFZ/45/_/1785424252/46840046-cd09-46cf-ad32-e4139db5e3ee.jpg', 'https://z.nooncdn.com/products/tr:n-t_800/pzsku/Z5C0C1B686EF8A6CFB1FFZ/45/_/1785424258/5face626-6902-4f3d-a72e-e29f07a82b31.jpg']",NSAI70061224245-1-P1,2026-07-11 16:14:52+03:00,2026-07-12 12:28:28+03:00,2026-07-14 12:00:00+03:00,68.43,sar,null,,False,2026-07-12 09:54:29+03:00,delivered,PH22043022447S
NSAI70017366097,delivered,noon,False,False,a8cfcde6d35b621591e9f6ed9671c8aa,ZE591002DBB2E5F80B35CZ-1,Z.17704621264793444.1,ZE591002DBB2E5F80B35CZ,,AOi Matcha Japanese Pure Matcha Powder 100g x 2 | Premium Authentic Green Matcha,8fcb8d8c40005bbbba9a7be319324250|pzsku/ZE591002DBB2E5F80B35CZ/45/1770710447/d0abecb1-e3e7-417e-a774-9527842b27ea.jpg,https://z.nooncdn.com/products/tr:n-t_120/8fcb8d8c40005bbbba9a7be319324250|pzsku/ZE591002DBB2E5F80B35CZ/45/1770710447/d0abecb1-e3e7-417e-a774-9527842b27ea.jpg,aoi,100,"['https://z.nooncdn.com/products/tr:n-t_800/8fcb8d8c40005bbbba9a7be319324250|pzsku/ZE591002DBB2E5F80B35CZ/45/1770710447/d0abecb1-e3e7-417e-a774-9527842b27ea.jpg', 'https://z.nooncdn.com/products/tr:n-t_800/8fcb8d8c40005bbbba9a7be319324250|pzsku/ZE591002DBB2E5F80B35CZ/45/1770710447/f434f8dc-75ed-4ee1-832a-0e4c45c528f9.jpg', 'https://z.nooncdn.com/products/tr:n-t_800/8fcb8d8c40005bbbba9a7be319324250|pzsku/ZE591002DBB2E5F80B35CZ/45/1770710447/b17c19d2-9c60-49c1-a379-5ef415bf4f69.jpg', 'https://z.nooncdn.com/products/tr:n-t_800/8fcb8d8c40005bbbba9a7be319324250|pzsku/ZE591002DBB2E5F80B35CZ/45/1770710447/d72f7d10-9f07-488b-b169-4012159a5e2d.jpg']",NSAI70017366097-2-P1,2026-07-09 07:03:11+03:00,2026-07-11 12:55:56+03:00,2026-07-12 11:00:00+03:00,199.0,sar,null,,False,2026-07-09 10:12:14+03:00,delivered,PH29696753611S
NSAI70037532437,delivered,noon,False,False,a4c1f72bf40244e6f3c15570001b4b7a,ZDE34E2CD4E63F4376425Z-1,10501082,ZDE34E2CD4E63F4376425Z,4528344004592,AOI Matcha Japanese Pure 30g,pzsku/ZDE34E2CD4E63F4376425Z/45/_/1782129255/0daca77a-408e-41c0-a4d4-2f07d7e11825.jpg,https://z.nooncdn.com/products/tr:n-t_120/pzsku/ZDE34E2CD4E63F4376425Z/45/_/1782129255/0daca77a-408e-41c0-a4d4-2f07d7e11825.jpg,aoi,30,"['https://z.nooncdn.com/products/tr:n-t_800/pzsku/ZDE34E2CD4E63F4376425Z/45/_/1782129255/0daca77a-408e-41c0-a4d4-2f07d7e11825.jpg', 'https://z.nooncdn.com/products/tr:n-t_800/pzsku/ZDE34E2CD4E63F4376425Z/45/_/1782129369/baf6436c-ae0f-4298-a12e-1219a226f209.jpg', 'https://z.nooncdn.com/products/tr:n-t_800/pzsku/ZDE34E2CD4E63F4376425Z/45/_/1782129298/0e9ef4a8-c318-4a42-b9f3-5f04efccbf74.jpg', 'https://z.nooncdn.com/products/tr:n-t_800/pzsku/ZDE34E2CD4E63F4376425Z/45/_/1782129398/c424eff8-759d-422c-9ecd-8ee6d78637b4.jpg', 'https://z.nooncdn.com/products/tr:n-t_800/pzsku/ZDE34E2CD4E63F4376425Z/45/_/1782130661/1d7a84c8-3056-4524-a70c-08a6d8ad2486.jpg', 'https://z.nooncdn.com/products/tr:n-t_800/pzsku/ZDE34E2CD4E63F4376425Z/45/_/1782133658/a011d124-a3ce-4747-b842-1f6aa6d01795.jpg']",NSAI70037532437-2-P1,2026-07-10 23:13:32+03:00,2026-07-11 12:55:56+03:00,2026-07-13 11:00:00+03:00,81.52,sar,null,,False,2026-07-11 11:25:07+03:00,delivered,PH24954890276S
NSAI70045533552,delivered,noon,False,False,ab08cda258b91e1cb57e908eca5d7f2a,Z6897828A171A81D0EC5DZ-1,21101093_1,Z6897828A171A81D0EC5DZ,,"Fair Lady Whitening Hand Cream 100 ml – Brightening, Softening & Pigmentation Reduction",pzsku/Z6897828A171A81D0EC5DZ/45/1764146399/5bc2330b-7f85-432d-b6e6-10196897831b.jpg,https://z.nooncdn.com/products/tr:n-t_120/pzsku/Z6897828A171A81D0EC5DZ/45/1764146399/5bc2330b-7f85-432d-b6e6-10196897831b.jpg,fair_lady,,['https://z.nooncdn.com/products/tr:n-t_800/pzsku/Z6897828A171A81D0EC5DZ/45/1764146399/5bc2330b-7f85-432d-b6e6-10196897831b.jpg'],NSAI70045533552-9-P1,2026-07-09 00:30:18+03:00,2026-07-11 12:55:56+03:00,2026-07-12 12:00:00+03:00,28.38,sar,null,,False,2026-07-09 10:14:02+03:00,delivered,PH29650619751S
NSAI70047884346,delivered,noon,False,False,a4c1f72bf40244e6f3c15570001b4b7a,ZDE34E2CD4E63F4376425Z-1,10501082,ZDE34E2CD4E63F4376425Z,4528344004592,AOI Matcha Japanese Pure 30g,pzsku/ZDE34E2CD4E63F4376425Z/45/_/1782129255/0daca77a-408e-41c0-a4d4-2f07d7e11825.jpg,https://z.nooncdn.com/products/tr:n-t_120/pzsku/ZDE34E2CD4E63F4376425Z/45/_/1782129255/0daca77a-408e-41c0-a4d4-2f07d7e11825.jpg,aoi,30,"['https://z.nooncdn.com/products/tr:n-t_800/pzsku/ZDE34E2CD4E63F4376425Z/45/_/1782129255/0daca77a-408e-41c0-a4d4-2f07d7e11825.jpg', 'https://z.nooncdn.com/products/tr:n-t_800/pzsku/ZDE34E2CD4E63F4376425Z/45/_/1782129369/baf6436c-ae0f-4298-a12e-1219a226f209.jpg', 'https://z.nooncdn.com/products/tr:n-t_800/pzsku/ZDE34E2CD4E63F4376425Z/45/_/1782129298/0e9ef4a8-c318-4a42-b9f3-5f04efccbf74.jpg', 'https://z.nooncdn.com/products/tr:n-t_800/pzsku/ZDE34E2CD4E63F4376425Z/45/_/1782129398/c424eff8-759d-422c-9ecd-8ee6d78637b4.jpg', 'https://z.nooncdn.com/products/tr:n-t_800/pzsku/ZDE34E2CD4E63F4376425Z/45/_/1782130661/1d7a84c8-3056-4524-a70c-08a6d8ad2486.jpg', 'https://z.nooncdn.com/products/tr:n-t_800/pzsku/ZDE34E2CD4E63F4376425Z/45/_/1782133658/a011d124-a3ce-4747-b842-1f6aa6d01795.jpg']",NSAI70047884346-2-P1,2026-07-11 02:37:55+03:00,2026-07-11 12:55:56+03:00,2026-07-13 11:00:00+03:00,81.52,sar,null,,False,2026-07-11 11:25:36+03:00,delivered,PH25364203542S
NSAI70076695069,delivered,noon,False,False,a4c1f72bf40244e6f3c15570001b4b7a,ZDE34E2CD4E63F4376425Z-1,10501082,ZDE34E2CD4E63F4376425Z,4528344004592,AOI Matcha Japanese Pure 30g,pzsku/ZDE34E2CD4E63F4376425Z/45/_/1782129255/0daca77a-408e-41c0-a4d4-2f07d7e11825.jpg,https://z.nooncdn.com/products/tr:n-t_120/pzsku/ZDE34E2CD4E63F4376425Z/45/_/1782129255/0daca77a-408e-41c0-a4d4-2f07d7e11825.jpg,aoi,30,"['https://z.nooncdn.com/products/tr:n-t_800/pzsku/ZDE34E2CD4E63F4376425Z/45/_/1782129255/0daca77a-408e-41c0-a4d4-2f07d7e11825.jpg', 'https://z.nooncdn.com/products/tr:n-t_800/pzsku/ZDE34E2CD4E63F4376425Z/45/_/1782129369/baf6436c-ae0f-4298-a12e-1219a226f209.jpg', 'https://z.nooncdn.com/products/tr:n-t_800/pzsku/ZDE34E2CD4E63F4376425Z/45/_/1782129298/0e9ef4a8-c318-4a42-b9f3-5f04efccbf74.jpg', 'https://z.nooncdn.com/products/tr:n-t_800/pzsku/ZDE34E2CD4E63F4376425Z/45/_/1782129398/c424eff8-759d-422c-9ecd-8ee6d78637b4.jpg', 'https://z.nooncdn.com/products/tr:n-t_800/pzsku/ZDE34E2CD4E63F4376425Z/45/_/1782130661/1d7a84c8-3056-4524-a70c-08a6d8ad2486.jpg', 'https://z.nooncdn.com/products/tr:n-t_800/pzsku/ZDE34E2CD4E63F4376425Z/45/_/1782133658/a011d124-a3ce-4747-b842-1f6aa6d01795.jpg']",NSAI70076695069-1-P1,2026-07-11 03:55:05+03:00,2026-07-11 12:55:56+03:00,2026-07-13 11:00:00+03:00,81.52,sar,null,,False,2026-07-11 11:24:29+03:00,delivered,PH24233900767S
NSAI70087204712,delivered,noon,False,False,a4c1f72bf40244e6f3c15570001b4b7a,ZDE34E2CD4E63F4376425Z-1,10501082,ZDE34E2CD4E63F4376425Z,4528344004592,AOI Matcha Japanese Pure 30g,pzsku/ZDE34E2CD4E63F4376425Z/45/_/1782129255/0daca77a-408e-41c0-a4d4-2f07d7e11825.jpg,https://z.nooncdn.com/products/tr:n-t_120/pzsku/ZDE34E2CD4E63F4376425Z/45/_/1782129255/0daca77a-408e-41c0-a4d4-2f07d7e11825.jpg,aoi,30,"['https://z.nooncdn.com/products/tr:n-t_800/pzsku/ZDE34E2CD4E63F4376425Z/45/_/1782129255/0daca77a-408e-41c0-a4d4-2f07d7e11825.jpg', 'https://z.nooncdn.com/products/tr:n-t_800/pzsku/ZDE34E2CD4E63F4376425Z/45/_/1782129369/baf6436c-ae0f-4298-a12e-1219a226f209.jpg', 'https://z.nooncdn.com/products/tr:n-t_800/pzsku/ZDE34E2CD4E63F4376425Z/45/_/1782129298/0e9ef4a8-c318-4a42-b9f3-5f04efccbf74.jpg', 'https://z.nooncdn.com/products/tr:n-t_800/pzsku/ZDE34E2CD4E63F4376425Z/45/_/1782129398/c424eff8-759d-422c-9ecd-8ee6d78637b4.jpg', 'https://z.nooncdn.com/products/tr:n-t_800/pzsku/ZDE34E2CD4E63F4376425Z/45/_/1782130661/1d7a84c8-3056-4524-a70c-08a6d8ad2486.jpg', 'https://z.nooncdn.com/products/tr:n-t_800/pzsku/ZDE34E2CD4E63F4376425Z/45/_/1782133658/a011d124-a3ce-4747-b842-1f6aa6d01795.jpg']",NSAI70087204712-1-P1,2026-07-08 15:52:31+03:00,2026-07-11 12:55:56+03:00,2026-07-12 11:00:00+03:00,81.52,sar,null,,False,2026-07-09 10:13:19+03:00,delivered,PH20471523132S
NSAI70029813147,delivered,noon,False,False,a7a87143d2731fbfbf5eb2505217183a,Z83CF89B3821744BA53C7Z-1,20211016,Z83CF89B3821744BA53C7Z,,Dazy Moroccan Tabrikma 500ml – Deep Nourishing Moroccan Body Care Formula,pzsku/Z83CF89B3821744BA53C7Z/45/_/1787658312/84595338-ec60-44d2-b248-ef938153877d.jpg,https://z.nooncdn.com/products/tr:n-t_120/pzsku/Z83CF89B3821744BA53C7Z/45/_/1787658312/84595338-ec60-44d2-b248-ef938153877d.jpg,dazy,,"['https://z.nooncdn.com/products/tr:n-t_800/pzsku/Z83CF89B3821744BA53C7Z/45/_/1787658312/84595338-ec60-44d2-b248-ef938153877d.jpg', 'https://z.nooncdn.com/products/tr:n-t_800/pzsku/Z83CF89B3821744BA53C7Z/45/_/1787658312/828cc9a3-6bac-4592-9bc1-dbc3e2dfad95.jpg']",NSAI70029813147-1-P1,2026-07-07 22:46:08+03:00,2026-07-08 11:46:35+03:00,2026-07-11 12:00:00+03:00,46.7,sar,null,,False,2026-07-08 09:03:38+03:00,delivered,PH28408976657S
NSAI70091903024,delivered,noon,False,False,a94e7d385a0bccb55abf37740775676a,ZA054A9D06F4CD0DBF91EZ-1,10610042,ZA054A9D06F4CD0DBF91EZ,653871976792,Zaadna Ready Keto Bread Mix – 500 gm,pzsku/ZA054A9D06F4CD0DBF91EZ/45/1752407155/d65d9ab7-e608-45c9-b8ee-2f5ec6c0f40e.jpg,https://z.nooncdn.com/products/tr:n-t_120/pzsku/ZA054A9D06F4CD0DBF91EZ/45/1752407155/d65d9ab7-e608-45c9-b8ee-2f5ec6c0f40e.jpg,zaadana,500,['https://z.nooncdn.com/products/tr:n-t_800/pzsku/ZA054A9D06F4CD0DBF91EZ/45/1752407155/d65d9ab7-e608-45c9-b8ee-2f5ec6c0f40e.jpg'],NSAI70091903024-1-P1,2026-07-07 13:17:32+03:00,2026-07-08 11:46:35+03:00,2026-07-11 12:00:00+03:00,60.0,sar,null,,False,2026-07-07 15:34:57+03:00,delivered,PH28103257260S
NSAI70091903024,delivered,noon,False,False,a94e7d385a0bccb55abf37740775676a,ZA054A9D06F4CD0DBF91EZ-1,10610042,ZA054A9D06F4CD0DBF91EZ,653871976792,Zaadna Ready Keto Bread Mix – 500 gm,pzsku/ZA054A9D06F4CD0DBF91EZ/45/1752407155/d65d9ab7-e608-45c9-b8ee-2f5ec6c0f40e.jpg,https://z.nooncdn.com/products/tr:n-t_120/pzsku/ZA054A9D06F4CD0DBF91EZ/45/1752407155/d65d9ab7-e608-45c9-b8ee-2f5ec6c0f40e.jpg,zaadana,500,['https://z.nooncdn.com/products/tr:n-t_800/pzsku/ZA054A9D06F4CD0DBF91EZ/45/1752407155/d65d9ab7-e608-45c9-b8ee-2f5ec6c0f40e.jpg'],NSAI70091903024-2-P1,2026-07-07 13:17:32+03:00,2026-07-08 11:46:35+03:00,2026-07-11 12:00:00+03:00,60.0,sar,null,,False,2026-07-07 15:34:57+03:00,delivered,PH28103257260S
NSAI70091903024,delivered,noon,False,False,a94e7d385a0bccb55abf37740775676a,ZA054A9D06F4CD0DBF91EZ-1,10610042,ZA054A9D06F4CD0DBF91EZ,653871976792,Zaadna Ready Keto Bread Mix – 500 gm,pzsku/ZA054A9D06F4CD0DBF91EZ/45/1752407155/d65d9ab7-e608-45c9-b8ee-2f5ec6c0f40e.jpg,https://z.nooncdn.com/products/tr:n-t_120/pzsku/ZA054A9D06F4CD0DBF91EZ/45/1752407155/d65d9ab7-e608-45c9-b8ee-2f5ec6c0f40e.jpg,zaadana,500,['https://z.nooncdn.com/products/tr:n-t_800/pzsku/ZA054A9D06F4CD0DBF91EZ/45/1752407155/d65d9ab7-e608-45c9-b8ee-2f5ec6c0f40e.jpg'],NSAI70091903024-3-P1,2026-07-07 13:17:32+03:00,2026-07-08 11:46:35+03:00,2026-07-11 12:00:00+03:00,60.0,sar,null,,False,2026-07-07 15:34:57+03:00,delivered,PH28103257260S
NSAI70091903024,delivered,noon,False,False,a94e7d385a0bccb55abf37740775676a,ZA054A9D06F4CD0DBF91EZ-1,10610042,ZA054A9D06F4CD0DBF91EZ,653871976792,Zaadna Ready Keto Bread Mix – 500 gm,pzsku/ZA054A9D06F4CD0DBF91EZ/45/1752407155/d65d9ab7-e608-45c9-b8ee-2f5ec6c0f40e.jpg,https://z.nooncdn.com/products/tr:n-t_120/pzsku/ZA054A9D06F4CD0DBF91EZ/45/1752407155/d65d9ab7-e608-45c9-b8ee-2f5ec6c0f40e.jpg,zaadana,500,['https://z.nooncdn.com/products/tr:n-t_800/pzsku/ZA054A9D06F4CD0DBF91EZ/45/1752407155/d65d9ab7-e608-45c9-b8ee-2f5ec6c0f40e.jpg'],NSAI70091903024-4-P1,2026-07-07 13:17:32+03:00,2026-07-08 11:46:35+03:00,2026-07-11 12:00:00+03:00,60.0,sar,null,,False,2026-07-07 15:34:57+03:00,delivered,PH28103257260S
NSAI70006388373,delivered,noon,False,False,a8cfcde6d35b621591e9f6ed9671c8aa,ZE591002DBB2E5F80B35CZ-1,Z.17704621264793444.1,ZE591002DBB2E5F80B35CZ,,AOi Matcha Japanese Pure Matcha Powder 100g x 2 | Premium Authentic Green Matcha,8fcb8d8c40005bbbba9a7be319324250|pzsku/ZE591002DBB2E5F80B35CZ/45/1770710447/d0abecb1-e3e7-417e-a774-9527842b27ea.jpg,https://z.nooncdn.com/products/tr:n-t_120/8fcb8d8c40005bbbba9a7be319324250|pzsku/ZE591002DBB2E5F80B35CZ/45/1770710447/d0abecb1-e3e7-417e-a774-9527842b27ea.jpg,aoi,100,"['https://z.nooncdn.com/products/tr:n-t_800/8fcb8d8c40005bbbba9a7be319324250|pzsku/ZE591002DBB2E5F80B35CZ/45/1770710447/d0abecb1-e3e7-417e-a774-9527842b27ea.jpg', 'https://z.nooncdn.com/products/tr:n-t_800/8fcb8d8c40005bbbba9a7be319324250|pzsku/ZE591002DBB2E5F80B35CZ/45/1770710447/f434f8dc-75ed-4ee1-832a-0e4c45c528f9.jpg', 'https://z.nooncdn.com/products/tr:n-t_800/8fcb8d8c40005bbbba9a7be319324250|pzsku/ZE591002DBB2E5F80B35CZ/45/1770710447/b17c19d2-9c60-49c1-a379-5ef415bf4f69.jpg', 'https://z.nooncdn.com/products/tr:n-t_800/8fcb8d8c40005bbbba9a7be319324250|pzsku/ZE591002DBB2E5F80B35CZ/45/1770710447/d72f7d10-9f07-488b-b169-4012159a5e2d.jpg']",NSAI70006388373-4-P1,2026-07-06 18:39:45+03:00,2026-07-07 11:43:54+03:00,2026-07-09 11:00:00+03:00,199.0,sar,null,,False,2026-07-06 19:38:08+03:00,delivered,PH23417508653S
NSAI70037712172,delivered,noon,False,False,a1eeefe561eb58789db1a8d796d0e86a,ZBE614E6BD123567F3C06Z-1,10102096,ZBE614E6BD123567F3C06Z,653871977096,Zaadana Organic Chia Seeds  250 gm,pzsku/ZBE614E6BD123567F3C06Z/45/1752408722/37e28913-59a1-43d6-92c1-52dd62be10b3.jpg,https://z.nooncdn.com/products/tr:n-t_120/pzsku/ZBE614E6BD123567F3C06Z/45/1752408722/37e28913-59a1-43d6-92c1-52dd62be10b3.jpg,zaadana,,['https://z.nooncdn.com/products/tr:n-t_800/pzsku/ZBE614E6BD123567F3C06Z/45/1752408722/37e28913-59a1-43d6-92c1-52dd62be10b3.jpg'],NSAI70037712172-6-P1,2026-07-06 18:29:17+03:00,2026-07-07 11:43:54+03:00,2026-07-09 11:00:00+03:00,48.86,sar,null,,False,2026-07-06 19:38:53+03:00,delivered,PH21711418947S
NSAI70018962675,delivered,noon,False,False,a8cfcde6d35b621591e9f6ed9671c8aa,ZE591002DBB2E5F80B35CZ-1,Z.17704621264793444.1,ZE591002DBB2E5F80B35CZ,,AOi Matcha Japanese Pure Matcha Powder 100g x 2 | Premium Authentic Green Matcha,8fcb8d8c40005bbbba9a7be319324250|pzsku/ZE591002DBB2E5F80B35CZ/45/1770710447/d0abecb1-e3e7-417e-a774-9527842b27ea.jpg,https://z.nooncdn.com/products/tr:n-t_120/8fcb8d8c40005bbbba9a7be319324250|pzsku/ZE591002DBB2E5F80B35CZ/45/1770710447/d0abecb1-e3e7-417e-a774-9527842b27ea.jpg,aoi,100,"['https://z.nooncdn.com/products/tr:n-t_800/8fcb8d8c40005bbbba9a7be319324250|pzsku/ZE591002DBB2E5F80B35CZ/45/1770710447/d0abecb1-e3e7-417e-a774-9527842b27ea.jpg', 'https://z.nooncdn.com/products/tr:n-t_800/8fcb8d8c40005bbbba9a7be319324250|pzsku/ZE591002DBB2E5F80B35CZ/45/1770710447/f434f8dc-75ed-4ee1-832a-0e4c45c528f9.jpg', 'https://z.nooncdn.com/products/tr:n-t_800/8fcb8d8c40005bbbba9a7be319324250|pzsku/ZE591002DBB2E5F80B35CZ/45/1770710447/b17c19d2-9c60-49c1-a379-5ef415bf4f69.jpg', 'https://z.nooncdn.com/products/tr:n-t_800/8fcb8d8c40005bbbba9a7be319324250|pzsku/ZE591002DBB2E5F80B35CZ/45/1770710447/d72f7d10-9f07-488b-b169-4012159a5e2d.jpg']",NSAI70018962675-3-P1,2026-07-06 06:03:35+03:00,2026-07-06 12:08:48+03:00,2026-07-08 11:00:00+03:00,199.0,sar,null,,False,2026-07-06 09:42:44+03:00,delivered,PH25675390436S
NSAI70037370463,delivered,noon,False,False,a4c1f72bf40244e6f3c15570001b4b7a,ZDE34E2CD4E63F4376425Z-1,10501082,ZDE34E2CD4E63F4376425Z,4528344004592,AOI Matcha Japanese Pure 30g,pzsku/ZDE34E2CD4E63F4376425Z/45/_/1782129255/0daca77a-408e-41c0-a4d4-2f07d7e11825.jpg,https://z.nooncdn.com/products/tr:n-t_120/pzsku/ZDE34E2CD4E63F4376425Z/45/_/1782129255/0daca77a-408e-41c0-a4d4-2f07d7e11825.jpg,aoi,30,"['https://z.nooncdn.com/products/tr:n-t_800/pzsku/ZDE34E2CD4E63F4376425Z/45/_/1782129255/0daca77a-408e-41c0-a4d4-2f07d7e11825.jpg', 'https://z.nooncdn.com/products/tr:n-t_800/pzsku/ZDE34E2CD4E63F4376425Z/45/_/1782129369/baf6436c-ae0f-4298-a12e-1219a226f209.jpg', 'https://z.nooncdn.com/products/tr:n-t_800/pzsku/ZDE34E2CD4E63F4376425Z/45/_/1782129298/0e9ef4a8-c318-4a42-b9f3-5f04efccbf74.jpg', 'https://z.nooncdn.com/products/tr:n-t_800/pzsku/ZDE34E2CD4E63F4376425Z/45/_/1782129398/c424eff8-759d-422c-9ecd-8ee6d78637b4.jpg', 'https://z.nooncdn.com/products/tr:n-t_800/pzsku/ZDE34E2CD4E63F4376425Z/45/_/1782130661/1d7a84c8-3056-4524-a70c-08a6d8ad2486.jpg', 'https://z.nooncdn.com/products/tr:n-t_800/pzsku/ZDE34E2CD4E63F4376425Z/45/_/1782133658/a011d124-a3ce-4747-b842-1f6aa6d01795.jpg']",NSAI70037370463-1-P1,2026-07-05 15:09:28+03:00,2026-07-06 12:08:48+03:00,2026-07-08 12:00:00+03:00,81.52,sar,null,,False,2026-07-05 18:25:40+03:00,delivered,PH29473725919S
NSAI70012163064,delivered,noon,False,False,a8cfcde6d35b621591e9f6ed9671c8aa,ZE591002DBB2E5F80B35CZ-1,Z.17704621264793444.1,ZE591002DBB2E5F80B35CZ,,AOi Matcha Japanese Pure Matcha Powder 100g x 2 | Premium Authentic Green Matcha,8fcb8d8c40005bbbba9a7be319324250|pzsku/ZE591002DBB2E5F80B35CZ/45/1770710447/d0abecb1-e3e7-417e-a774-9527842b27ea.jpg,https://z.nooncdn.com/products/tr:n-t_120/8fcb8d8c40005bbbba9a7be319324250|pzsku/ZE591002DBB2E5F80B35CZ/45/1770710447/d0abecb1-e3e7-417e-a774-9527842b27ea.jpg,aoi,100,"['https://z.nooncdn.com/products/tr:n-t_800/8fcb8d8c40005bbbba9a7be319324250|pzsku/ZE591002DBB2E5F80B35CZ/45/1770710447/d0abecb1-e3e7-417e-a774-9527842b27ea.jpg', 'https://z.nooncdn.com/products/tr:n-t_800/8fcb8d8c40005bbbba9a7be319324250|pzsku/ZE591002DBB2E5F80B35CZ/45/1770710447/f434f8dc-75ed-4ee1-832a-0e4c45c528f9.jpg', 'https://z.nooncdn.com/products/tr:n-t_800/8fcb8d8c40005bbbba9a7be319324250|pzsku/ZE591002DBB2E5F80B35CZ/45/1770710447/b17c19d2-9c60-49c1-a379-5ef415bf4f69.jpg', 'https://z.nooncdn.com/products/tr:n-t_800/8fcb8d8c40005bbbba9a7be319324250|pzsku/ZE591002DBB2E5F80B35CZ/45/1770710447/d72f7d10-9f07-488b-b169-4012159a5e2d.jpg']",NSAI70012163064-1-P1,2026-07-04 17:02:14+03:00,2026-07-05 12:36:46+03:00,2026-07-07 11:00:00+03:00,149.0,sar,null,,False,2026-07-04 19:02:14+03:00,delivered,PH28327909213S
NSAI70052246042,delivered,noon,False,False,ab18b5f85404798e86a423a75c2eecfa,ZAAECD40C12DDDBF75F80Z-1,20108008,ZAAECD40C12DDDBF75F80Z,6285074002974,Bepanthen Moisturizing Cream 30 ml,pzsku/ZAAECD40C12DDDBF75F80Z/45/1756126104/bebab778-f6e2-401b-b477-5a34bbdf4753.jpg,https://z.nooncdn.com/products/tr:n-t_120/pzsku/ZAAECD40C12DDDBF75F80Z/45/1756126104/bebab778-f6e2-401b-b477-5a34bbdf4753.jpg,bepanthen,,"['https://z.nooncdn.com/products/tr:n-t_800/pzsku/ZAAECD40C12DDDBF75F80Z/45/1756126104/bebab778-f6e2-401b-b477-5a34bbdf4753.jpg', 'https://z.nooncdn.com/products/tr:n-t_800/pzsku/ZAAECD40C12DDDBF75F80Z/45/1756125890/e922e484-7b1f-4f7f-95f7-bf2188d5c3c5.jpg']",NSAI70052246042-2-P1,2026-07-04 11:19:48+03:00,2026-07-05 12:36:46+03:00,2026-07-07 11:00:00+03:00,25.99,sar,null,,False,2026-07-04 12:44:29+03:00,delivered,PH29414980613S
NSAI70058690160,delivered,noon,False,False,a8cfcde6d35b621591e9f6ed9671c8aa,ZE591002DBB2E5F80B35CZ-1,Z.17704621264793444.1,ZE591002DBB2E5F80B35CZ,,AOi Matcha Japanese Pure Matcha Powder 100g x 2 | Premium Authentic Green Matcha,8fcb8d8c40005bbbba9a7be319324250|pzsku/ZE591002DBB2E5F80B35CZ/45/1770710447/d0abecb1-e3e7-417e-a774-9527842b27ea.jpg,https://z.nooncdn.com/products/tr:n-t_120/8fcb8d8c40005bbbba9a7be319324250|pzsku/ZE591002DBB2E5F80B35CZ/45/1770710447/d0abecb1-e3e7-417e-a774-9527842b27ea.jpg,aoi,100,"['https://z.nooncdn.com/products/tr:n-t_800/8fcb8d8c40005bbbba9a7be319324250|pzsku/ZE591002DBB2E5F80B35CZ/45/1770710447/d0abecb1-e3e7-417e-a774-9527842b27ea.jpg', 'https://z.nooncdn.com/products/tr:n-t_800/8fcb8d8c40005bbbba9a7be319324250|pzsku/ZE591002DBB2E5F80B35CZ/45/1770710447/f434f8dc-75ed-4ee1-832a-0e4c45c528f9.jpg', 'https://z.nooncdn.com/products/tr:n-t_800/8fcb8d8c40005bbbba9a7be319324250|pzsku/ZE591002DBB2E5F80B35CZ/45/1770710447/b17c19d2-9c60-49c1-a379-5ef415bf4f69.jpg', 'https://z.nooncdn.com/products/tr:n-t_800/8fcb8d8c40005bbbba9a7be319324250|pzsku/ZE591002DBB2E5F80B35CZ/45/1770710447/d72f7d10-9f07-488b-b169-4012159a5e2d.jpg']",NSAI70058690160-1-P1,2026-07-04 22:18:04+03:00,2026-07-05 12:36:46+03:00,2026-07-07 12:00:00+03:00,149.0,sar,null,,False,2026-07-05 09:39:49+03:00,delivered,PH22951878687S
NSAI70064580294,delivered,noon,False,False,a7a87143d2731fbfbf5eb2505217183a,Z83CF89B3821744BA53C7Z-1,20211016,Z83CF89B3821744BA53C7Z,,Dazy Moroccan Tabrikma 500ml – Deep Nourishing Moroccan Body Care Formula,pzsku/Z83CF89B3821744BA53C7Z/45/_/1787658312/84595338-ec60-44d2-b248-ef938153877d.jpg,https://z.nooncdn.com/products/tr:n-t_120/pzsku/Z83CF89B3821744BA53C7Z/45/_/1787658312/84595338-ec60-44d2-b248-ef938153877d.jpg,dazy,,"['https://z.nooncdn.com/products/tr:n-t_800/pzsku/Z83CF89B3821744BA53C7Z/45/_/1787658312/84595338-ec60-44d2-b248-ef938153877d.jpg', 'https://z.nooncdn.com/products/tr:n-t_800/pzsku/Z83CF89B3821744BA53C7Z/45/_/1787658312/828cc9a3-6bac-4592-9bc1-dbc3e2dfad95.jpg']",NSAI70064580294-5-P1,2026-07-05 00:48:48+03:00,2026-07-05 12:36:46+03:00,2026-07-07 11:00:00+03:00,46.7,sar,null,,False,2026-07-05 09:36:58+03:00,delivered,PH29693266949S
NSAI70069975762,delivered,noon,False,False,abc813ef8a9ea3ba9945e652637a46ca,ZDDBDBC84A8B5F70109ECZ-1,10501140,ZDDBDBC84A8B5F70109ECZ,8692582210681,Rise Blueberry Flavored Drink 300 g,pzsku/ZDDBDBC84A8B5F70109ECZ/45/1755590159/c75ea633-0678-4e7a-919e-d7a027164cee.jpg,https://z.nooncdn.com/products/tr:n-t_120/pzsku/ZDDBDBC84A8B5F70109ECZ/45/1755590159/c75ea633-0678-4e7a-919e-d7a027164cee.jpg,rise,,['https://z.nooncdn.com/products/tr:n-t_800/pzsku/ZDDBDBC84A8B5F70109ECZ/45/1755590159/c75ea633-0678-4e7a-919e-d7a027164cee.jpg'],NSAI70069975762-2-P1,2026-07-05 08:45:30+03:00,2026-07-05 12:36:46+03:00,2026-07-07 11:00:00+03:00,43.5,sar,null,,False,2026-07-05 09:38:47+03:00,delivered,PH24546190190S
NSAI70002409052,delivered,noon,False,False,ab96588d7087d39c4b30d2574ef6fe2a,Z474938542E6424450163Z-1,10101046,Z474938542E6424450163Z,,Al-Hekma Madina Herb 80 g – Natural Traditional Herbal Drink Mix,pzsku/Z474938542E6424450163Z/45/1764146378/f5961143-57a9-4f9e-8325-b101bad5e943.jpg,https://z.nooncdn.com/products/tr:n-t_120/pzsku/Z474938542E6424450163Z/45/1764146378/f5961143-57a9-4f9e-8325-b101bad5e943.jpg,elhekma,,['https://z.nooncdn.com/products/tr:n-t_800/pzsku/Z474938542E6424450163Z/45/1764146378/f5961143-57a9-4f9e-8325-b101bad5e943.jpg'],NSAI70002409052-1-P1,2026-07-03 04:41:44+03:00,2026-07-04 12:33:52+03:00,2026-07-06 12:00:00+03:00,40.0,sar,null,,False,2026-07-03 18:55:13+03:00,delivered,PH27370290894S
NSAI70041863142,delivered,noon,False,False,a8cfcde6d35b621591e9f6ed9671c8aa,ZE591002DBB2E5F80B35CZ-1,Z.17704621264793444.1,ZE591002DBB2E5F80B35CZ,,AOi Matcha Japanese Pure Matcha Powder 100g x 2 | Premium Authentic Green Matcha,8fcb8d8c40005bbbba9a7be319324250|pzsku/ZE591002DBB2E5F80B35CZ/45/1770710447/d0abecb1-e3e7-417e-a774-9527842b27ea.jpg,https://z.nooncdn.com/products/tr:n-t_120/8fcb8d8c40005bbbba9a7be319324250|pzsku/ZE591002DBB2E5F80B35CZ/45/1770710447/d0abecb1-e3e7-417e-a774-9527842b27ea.jpg,aoi,100,"['https://z.nooncdn.com/products/tr:n-t_800/8fcb8d8c40005bbbba9a7be319324250|pzsku/ZE591002DBB2E5F80B35CZ/45/1770710447/d0abecb1-e3e7-417e-a774-9527842b27ea.jpg', 'https://z.nooncdn.com/products/tr:n-t_800/8fcb8d8c40005bbbba9a7be319324250|pzsku/ZE591002DBB2E5F80B35CZ/45/1770710447/f434f8dc-75ed-4ee1-832a-0e4c45c528f9.jpg', 'https://z.nooncdn.com/products/tr:n-t_800/8fcb8d8c40005bbbba9a7be319324250|pzsku/ZE591002DBB2E5F80B35CZ/45/1770710447/b17c19d2-9c60-49c1-a379-5ef415bf4f69.jpg', 'https://z.nooncdn.com/products/tr:n-t_800/8fcb8d8c40005bbbba9a7be319324250|pzsku/ZE591002DBB2E5F80B35CZ/45/1770710447/d72f7d10-9f07-488b-b169-4012159a5e2d.jpg']",NSAI70041863142-1-P1,2026-07-03 00:47:09+03:00,2026-07-04 12:33:52+03:00,2026-07-06 11:00:00+03:00,149.0,sar,null,,False,2026-07-03 18:54:36+03:00,delivered,PH21777385089S
NSAI70060251118,delivered,noon,False,False,a8cfcde6d35b621591e9f6ed9671c8aa,ZE591002DBB2E5F80B35CZ-1,Z.17704621264793444.1,ZE591002DBB2E5F80B35CZ,,AOi Matcha Japanese Pure Matcha Powder 100g x 2 | Premium Authentic Green Matcha,8fcb8d8c40005bbbba9a7be319324250|pzsku/ZE591002DBB2E5F80B35CZ/45/1770710447/d0abecb1-e3e7-417e-a774-9527842b27ea.jpg,https://z.nooncdn.com/products/tr:n-t_120/8fcb8d8c40005bbbba9a7be319324250|pzsku/ZE591002DBB2E5F80B35CZ/45/1770710447/d0abecb1-e3e7-417e-a774-9527842b27ea.jpg,aoi,100,"['https://z.nooncdn.com/products/tr:n-t_800/8fcb8d8c40005bbbba9a7be319324250|pzsku/ZE591002DBB2E5F80B35CZ/45/1770710447/d0abecb1-e3e7-417e-a774-9527842b27ea.jpg', 'https://z.nooncdn.com/products/tr:n-t_800/8fcb8d8c40005bbbba9a7be319324250|pzsku/ZE591002DBB2E5F80B35CZ/45/1770710447/f434f8dc-75ed-4ee1-832a-0e4c45c528f9.jpg', 'https://z.nooncdn.com/products/tr:n-t_800/8fcb8d8c40005bbbba9a7be319324250|pzsku/ZE591002DBB2E5F80B35CZ/45/1770710447/b17c19d2-9c60-49c1-a379-5ef415bf4f69.jpg', 'https://z.nooncdn.com/products/tr:n-t_800/8fcb8d8c40005bbbba9a7be319324250|pzsku/ZE591002DBB2E5F80B35CZ/45/1770710447/d72f7d10-9f07-488b-b169-4012159a5e2d.jpg']",NSAI70060251118-1-P1,2026-07-03 07:38:42+03:00,2026-07-04 12:33:52+03:00,2026-07-06 11:00:00+03:00,149.0,sar,null,,False,2026-07-03 18:53:48+03:00,delivered,PH23378637942S
NSAI70035258770,delivered,noon,False,False,a7a87143d2731fbfbf5eb2505217183a,Z83CF89B3821744BA53C7Z-1,20211016,Z83CF89B3821744BA53C7Z,,Dazy Moroccan Tabrikma 500ml – Deep Nourishing Moroccan Body Care Formula,pzsku/Z83CF89B3821744BA53C7Z/45/_/1787658312/84595338-ec60-44d2-b248-ef938153877d.jpg,https://z.nooncdn.com/products/tr:n-t_120/pzsku/Z83CF89B3821744BA53C7Z/45/_/1787658312/84595338-ec60-44d2-b248-ef938153877d.jpg,dazy,,"['https://z.nooncdn.com/products/tr:n-t_800/pzsku/Z83CF89B3821744BA53C7Z/45/_/1787658312/84595338-ec60-44d2-b248-ef938153877d.jpg', 'https://z.nooncdn.com/products/tr:n-t_800/pzsku/Z83CF89B3821744BA53C7Z/45/_/1787658312/828cc9a3-6bac-4592-9bc1-dbc3e2dfad95.jpg']",NSAI70035258770-1-P1,2026-07-01 21:03:09+03:00,2026-07-02 12:03:27+03:00,2026-07-05 12:00:00+03:00,24.96,sar,null,,False,2026-07-02 10:47:10+03:00,delivered,PH27111357857S
NSAI70043679952,delivered,noon,False,False,a2483ab90de23c4fa1ab12314898b9da,Z5C0C1B686EF8A6CFB1FFZ-1,20401021,Z5C0C1B686EF8A6CFB1FFZ,,Akpi Oil – 60ml,pzsku/Z5C0C1B686EF8A6CFB1FFZ/45/_/1785424188/e2f79ace-ff2c-4b03-ab9c-2b4983317a4d.jpg,https://z.nooncdn.com/products/tr:n-t_120/pzsku/Z5C0C1B686EF8A6CFB1FFZ/45/_/1785424188/e2f79ace-ff2c-4b03-ab9c-2b4983317a4d.jpg,fayfa,,"['https://z.nooncdn.com/products/tr:n-t_800/pzsku/Z5C0C1B686EF8A6CFB1FFZ/45/_/1785424188/e2f79ace-ff2c-4b03-ab9c-2b4983317a4d.jpg', 'https://z.nooncdn.com/products/tr:n-t_800/pzsku/Z5C0C1B686EF8A6CFB1FFZ/45/_/1785424204/84fc8b99-015f-45c4-b5ae-26ed0feb8e85.jpg', 'https://z.nooncdn.com/products/tr:n-t_800/pzsku/Z5C0C1B686EF8A6CFB1FFZ/45/_/1785424219/809afd8e-d860-4096-bfc0-9089e0b38ca6.jpg', 'https://z.nooncdn.com/products/tr:n-t_800/pzsku/Z5C0C1B686EF8A6CFB1FFZ/45/_/1785424252/46840046-cd09-46cf-ad32-e4139db5e3ee.jpg', 'https://z.nooncdn.com/products/tr:n-t_800/pzsku/Z5C0C1B686EF8A6CFB1FFZ/45/_/1785424258/5face626-6902-4f3d-a72e-e29f07a82b31.jpg']",NSAI70043679952-2-P1,2026-07-01 15:03:58+03:00,2026-07-02 12:03:27+03:00,2026-07-05 12:00:00+03:00,49.9,sar,null,,False,2026-07-01 18:01:34+03:00,delivered,PH24623098851S
NSAI70069398420,delivered,noon,False,False,a8cfcde6d35b621591e9f6ed9671c8aa,ZE591002DBB2E5F80B35CZ-1,Z.17704621264793444.1,ZE591002DBB2E5F80B35CZ,,AOi Matcha Japanese Pure Matcha Powder 100g x 2 | Premium Authentic Green Matcha,8fcb8d8c40005bbbba9a7be319324250|pzsku/ZE591002DBB2E5F80B35CZ/45/1770710447/d0abecb1-e3e7-417e-a774-9527842b27ea.jpg,https://z.nooncdn.com/products/tr:n-t_120/8fcb8d8c40005bbbba9a7be319324250|pzsku/ZE591002DBB2E5F80B35CZ/45/1770710447/d0abecb1-e3e7-417e-a774-9527842b27ea.jpg,aoi,100,"['https://z.nooncdn.com/products/tr:n-t_800/8fcb8d8c40005bbbba9a7be319324250|pzsku/ZE591002DBB2E5F80B35CZ/45/1770710447/d0abecb1-e3e7-417e-a774-9527842b27ea.jpg', 'https://z.nooncdn.com/products/tr:n-t_800/8fcb8d8c40005bbbba9a7be319324250|pzsku/ZE591002DBB2E5F80B35CZ/45/1770710447/f434f8dc-75ed-4ee1-832a-0e4c45c528f9.jpg', 'https://z.nooncdn.com/products/tr:n-t_800/8fcb8d8c40005bbbba9a7be319324250|pzsku/ZE591002DBB2E5F80B35CZ/45/1770710447/b17c19d2-9c60-49c1-a379-5ef415bf4f69.jpg', 'https://z.nooncdn.com/products/tr:n-t_800/8fcb8d8c40005bbbba9a7be319324250|pzsku/ZE591002DBB2E5F80B35CZ/45/1770710447/d72f7d10-9f07-488b-b169-4012159a5e2d.jpg']",NSAI70069398420-5-P1,2026-07-01 15:17:09+03:00,2026-07-02 12:03:27+03:00,2026-07-05 11:00:00+03:00,149.0,sar,null,,False,2026-07-01 18:00:51+03:00,delivered,PH22179119415S
NSAI70001701172,delivered,noon,False,False,a1eeefe561eb58789db1a8d796d0e86a,ZBE614E6BD123567F3C06Z-1,10102096,ZBE614E6BD123567F3C06Z,653871977096,Zaadana Organic Chia Seeds  250 gm,pzsku/ZBE614E6BD123567F3C06Z/45/1752408722/37e28913-59a1-43d6-92c1-52dd62be10b3.jpg,https://z.nooncdn.com/products/tr:n-t_120/pzsku/ZBE614E6BD123567F3C06Z/45/1752408722/37e28913-59a1-43d6-92c1-52dd62be10b3.jpg,zaadana,,['https://z.nooncdn.com/products/tr:n-t_800/pzsku/ZBE614E6BD123567F3C06Z/45/1752408722/37e28913-59a1-43d6-92c1-52dd62be10b3.jpg'],NSAI70001701172-1-P1,2026-07-02 08:35:25+03:00,2026-07-02 12:03:26+03:00,2026-07-05 12:00:00+03:00,33.01,sar,null,,False,2026-07-02 10:42:21+03:00,delivered,PH29660196597S
NSAI70001701172,delivered,noon,False,False,a1eeefe561eb58789db1a8d796d0e86a,ZBE614E6BD123567F3C06Z-1,10102096,ZBE614E6BD123567F3C06Z,653871977096,Zaadana Organic Chia Seeds  250 gm,pzsku/ZBE614E6BD123567F3C06Z/45/1752408722/37e28913-59a1-43d6-92c1-52dd62be10b3.jpg,https://z.nooncdn.com/products/tr:n-t_120/pzsku/ZBE614E6BD123567F3C06Z/45/1752408722/37e28913-59a1-43d6-92c1-52dd62be10b3.jpg,zaadana,,['https://z.nooncdn.com/products/tr:n-t_800/pzsku/ZBE614E6BD123567F3C06Z/45/1752408722/37e28913-59a1-43d6-92c1-52dd62be10b3.jpg'],NSAI70001701172-2-P1,2026-07-02 08:35:25+03:00,2026-07-02 12:03:26+03:00,2026-07-05 12:00:00+03:00,33.01,sar,null,,False,2026-07-02 10:42:21+03:00,delivered,PH29660196597S
NSAI70030198924,delivered,noon,False,False,a8cfcde6d35b621591e9f6ed9671c8aa,ZE591002DBB2E5F80B35CZ-1,Z.17704621264793444.1,ZE591002DBB2E5F80B35CZ,,AOi Matcha Japanese Pure Matcha Powder 100g x 2 | Premium Authentic Green Matcha,8fcb8d8c40005bbbba9a7be319324250|pzsku/ZE591002DBB2E5F80B35CZ/45/1770710447/d0abecb1-e3e7-417e-a774-9527842b27ea.jpg,https://z.nooncdn.com/products/tr:n-t_120/8fcb8d8c40005bbbba9a7be319324250|pzsku/ZE591002DBB2E5F80B35CZ/45/1770710447/d0abecb1-e3e7-417e-a774-9527842b27ea.jpg,aoi,100,"['https://z.nooncdn.com/products/tr:n-t_800/8fcb8d8c40005bbbba9a7be319324250|pzsku/ZE591002DBB2E5F80B35CZ/45/1770710447/d0abecb1-e3e7-417e-a774-9527842b27ea.jpg', 'https://z.nooncdn.com/products/tr:n-t_800/8fcb8d8c40005bbbba9a7be319324250|pzsku/ZE591002DBB2E5F80B35CZ/45/1770710447/f434f8dc-75ed-4ee1-832a-0e4c45c528f9.jpg', 'https://z.nooncdn.com/products/tr:n-t_800/8fcb8d8c40005bbbba9a7be319324250|pzsku/ZE591002DBB2E5F80B35CZ/45/1770710447/b17c19d2-9c60-49c1-a379-5ef415bf4f69.jpg', 'https://z.nooncdn.com/products/tr:n-t_800/8fcb8d8c40005bbbba9a7be319324250|pzsku/ZE591002DBB2E5F80B35CZ/45/1770710447/d72f7d10-9f07-488b-b169-4012159a5e2d.jpg']",NSAI70030198924-1-P1,2026-07-02 00:42:49+03:00,2026-07-02 12:03:26+03:00,2026-07-05 11:00:00+03:00,149.0,sar,null,,False,2026-07-02 10:43:56+03:00,delivered,PH21772062476S
NSAI60047036315,delivered,noon,False,False,a8cfcde6d35b621591e9f6ed9671c8aa,ZE591002DBB2E5F80B35CZ-1,Z.17704621264793444.1,ZE591002DBB2E5F80B35CZ,,AOi Matcha Japanese Pure Matcha Powder 100g x 2 | Premium Authentic Green Matcha,8fcb8d8c40005bbbba9a7be319324250|pzsku/ZE591002DBB2E5F80B35CZ/45/1770710447/d0abecb1-e3e7-417e-a774-9527842b27ea.jpg,https://z.nooncdn.com/products/tr:n-t_120/8fcb8d8c40005bbbba9a7be319324250|pzsku/ZE591002DBB2E5F80B35CZ/45/1770710447/d0abecb1-e3e7-417e-a774-9527842b27ea.jpg,aoi,100,"['https://z.nooncdn.com/products/tr:n-t_800/8fcb8d8c40005bbbba9a7be319324250|pzsku/ZE591002DBB2E5F80B35CZ/45/1770710447/d0abecb1-e3e7-417e-a774-9527842b27ea.jpg', 'https://z.nooncdn.com/products/tr:n-t_800/8fcb8d8c40005bbbba9a7be319324250|pzsku/ZE591002DBB2E5F80B35CZ/45/1770710447/f434f8dc-75ed-4ee1-832a-0e4c45c528f9.jpg', 'https://z.nooncdn.com/products/tr:n-t_800/8fcb8d8c40005bbbba9a7be319324250|pzsku/ZE591002DBB2E5F80B35CZ/45/1770710447/b17c19d2-9c60-49c1-a379-5ef415bf4f69.jpg', 'https://z.nooncdn.com/products/tr:n-t_800/8fcb8d8c40005bbbba9a7be319324250|pzsku/ZE591002DBB2E5F80B35CZ/45/1770710447/d72f7d10-9f07-488b-b169-4012159a5e2d.jpg']",NSAI60047036315-1-P1,2026-06-30 20:05:46+03:00,2026-07-01 11:40:09+03:00,2026-07-04 12:00:00+03:00,149.0,sar,null,,False,2026-07-01 10:07:57+03:00,delivered,PH25183134184S
NSAI60070455844,delivered,noon,False,False,a8cfcde6d35b621591e9f6ed9671c8aa,ZE591002DBB2E5F80B35CZ-1,Z.17704621264793444.1,ZE591002DBB2E5F80B35CZ,,AOi Matcha Japanese Pure Matcha Powder 100g x 2 | Premium Authentic Green Matcha,8fcb8d8c40005bbbba9a7be319324250|pzsku/ZE591002DBB2E5F80B35CZ/45/1770710447/d0abecb1-e3e7-417e-a774-9527842b27ea.jpg,https://z.nooncdn.com/products/tr:n-t_120/8fcb8d8c40005bbbba9a7be319324250|pzsku/ZE591002DBB2E5F80B35CZ/45/1770710447/d0abecb1-e3e7-417e-a774-9527842b27ea.jpg,aoi,100,"['https://z.nooncdn.com/products/tr:n-t_800/8fcb8d8c40005bbbba9a7be319324250|pzsku/ZE591002DBB2E5F80B35CZ/45/1770710447/d0abecb1-e3e7-417e-a774-9527842b27ea.jpg', 'https://z.nooncdn.com/products/tr:n-t_800/8fcb8d8c40005bbbba9a7be319324250|pzsku/ZE591002DBB2E5F80B35CZ/45/1770710447/f434f8dc-75ed-4ee1-832a-0e4c45c528f9.jpg', 'https://z.nooncdn.com/products/tr:n-t_800/8fcb8d8c40005bbbba9a7be319324250|pzsku/ZE591002DBB2E5F80B35CZ/45/1770710447/b17c19d2-9c60-49c1-a379-5ef415bf4f69.jpg', 'https://z.nooncdn.com/products/tr:n-t_800/8fcb8d8c40005bbbba9a7be319324250|pzsku/ZE591002DBB2E5F80B35CZ/45/1770710447/d72f7d10-9f07-488b-b169-4012159a5e2d.jpg']",NSAI60070455844-1-P1,2026-06-30 21:29:06+03:00,2026-07-01 11:40:09+03:00,2026-07-04 11:00:00+03:00,149.0,sar,null,,False,2026-07-01 10:07:31+03:00,delivered,PH27119984033S
NSAI60074682653,delivered,noon,False,False,a8cfcde6d35b621591e9f6ed9671c8aa,ZE591002DBB2E5F80B35CZ-1,Z.17704621264793444.1,ZE591002DBB2E5F80B35CZ,,AOi Matcha Japanese Pure Matcha Powder 100g x 2 | Premium Authentic Green Matcha,8fcb8d8c40005bbbba9a7be319324250|pzsku/ZE591002DBB2E5F80B35CZ/45/1770710447/d0abecb1-e3e7-417e-a774-9527842b27ea.jpg,https://z.nooncdn.com/products/tr:n-t_120/8fcb8d8c40005bbbba9a7be319324250|pzsku/ZE591002DBB2E5F80B35CZ/45/1770710447/d0abecb1-e3e7-417e-a774-9527842b27ea.jpg,aoi,100,"['https://z.nooncdn.com/products/tr:n-t_800/8fcb8d8c40005bbbba9a7be319324250|pzsku/ZE591002DBB2E5F80B35CZ/45/1770710447/d0abecb1-e3e7-417e-a774-9527842b27ea.jpg', 'https://z.nooncdn.com/products/tr:n-t_800/8fcb8d8c40005bbbba9a7be319324250|pzsku/ZE591002DBB2E5F80B35CZ/45/1770710447/f434f8dc-75ed-4ee1-832a-0e4c45c528f9.jpg', 'https://z.nooncdn.com/products/tr:n-t_800/8fcb8d8c40005bbbba9a7be319324250|pzsku/ZE591002DBB2E5F80B35CZ/45/1770710447/b17c19d2-9c60-49c1-a379-5ef415bf4f69.jpg', 'https://z.nooncdn.com/products/tr:n-t_800/8fcb8d8c40005bbbba9a7be319324250|pzsku/ZE591002DBB2E5F80B35CZ/45/1770710447/d72f7d10-9f07-488b-b169-4012159a5e2d.jpg']",NSAI60074682653-1-P1,2026-07-01 01:42:52+03:00,2026-07-01 11:40:09+03:00,2026-07-04 12:00:00+03:00,149.0,sar,null,,False,2026-07-01 10:08:19+03:00,delivered,PH25654920400S
NSAI70005581235,delivered,noon,False,False,a8cfcde6d35b621591e9f6ed9671c8aa,ZE591002DBB2E5F80B35CZ-1,Z.17704621264793444.1,ZE591002DBB2E5F80B35CZ,,AOi Matcha Japanese Pure Matcha Powder 100g x 2 | Premium Authentic Green Matcha,8fcb8d8c40005bbbba9a7be319324250|pzsku/ZE591002DBB2E5F80B35CZ/45/1770710447/d0abecb1-e3e7-417e-a774-9527842b27ea.jpg,https://z.nooncdn.com/products/tr:n-t_120/8fcb8d8c40005bbbba9a7be319324250|pzsku/ZE591002DBB2E5F80B35CZ/45/1770710447/d0abecb1-e3e7-417e-a774-9527842b27ea.jpg,aoi,100,"['https://z.nooncdn.com/products/tr:n-t_800/8fcb8d8c40005bbbba9a7be319324250|pzsku/ZE591002DBB2E5F80B35CZ/45/1770710447/d0abecb1-e3e7-417e-a774-9527842b27ea.jpg', 'https://z.nooncdn.com/products/tr:n-t_800/8fcb8d8c40005bbbba9a7be319324250|pzsku/ZE591002DBB2E5F80B35CZ/45/1770710447/f434f8dc-75ed-4ee1-832a-0e4c45c528f9.jpg', 'https://z.nooncdn.com/products/tr:n-t_800/8fcb8d8c40005bbbba9a7be319324250|pzsku/ZE591002DBB2E5F80B35CZ/45/1770710447/b17c19d2-9c60-49c1-a379-5ef415bf4f69.jpg', 'https://z.nooncdn.com/products/tr:n-t_800/8fcb8d8c40005bbbba9a7be319324250|pzsku/ZE591002DBB2E5F80B35CZ/45/1770710447/d72f7d10-9f07-488b-b169-4012159a5e2d.jpg']",NSAI70005581235-2-P1,2026-07-01 09:40:46+03:00,2026-07-01 11:40:09+03:00,2026-07-04 12:00:00+03:00,149.0,sar,null,,False,2026-07-01 10:09:05+03:00,delivered,PH24566453869S
NSAI70099488028,delivered,noon,False,False,a7a87143d2731fbfbf5eb2505217183a,Z83CF89B3821744BA53C7Z-1,20211016,Z83CF89B3821744BA53C7Z,,Dazy Moroccan Tabrikma 500ml – Deep Nourishing Moroccan Body Care Formula,pzsku/Z83CF89B3821744BA53C7Z/45/_/1787658312/84595338-ec60-44d2-b248-ef938153877d.jpg,https://z.nooncdn.com/products/tr:n-t_120/pzsku/Z83CF89B3821744BA53C7Z/45/_/1787658312/84595338-ec60-44d2-b248-ef938153877d.jpg,dazy,,"['https://z.nooncdn.com/products/tr:n-t_800/pzsku/Z83CF89B3821744BA53C7Z/45/_/1787658312/84595338-ec60-44d2-b248-ef938153877d.jpg', 'https://z.nooncdn.com/products/tr:n-t_800/pzsku/Z83CF89B3821744BA53C7Z/45/_/1787658312/828cc9a3-6bac-4592-9bc1-dbc3e2dfad95.jpg']",NSAI70099488028-2-P1,2026-07-01 03:23:28+03:00,2026-07-01 11:40:09+03:00,2026-07-04 12:00:00+03:00,24.96,sar,null,,False,2026-07-01 10:08:50+03:00,delivered,PH23358037601S
NSAI60084536063,delivered,noon,False,False,a8cfcde6d35b621591e9f6ed9671c8aa,ZE591002DBB2E5F80B35CZ-1,Z.17704621264793444.1,ZE591002DBB2E5F80B35CZ,,AOi Matcha Japanese Pure Matcha Powder 100g x 2 | Premium Authentic Green Matcha,8fcb8d8c40005bbbba9a7be319324250|pzsku/ZE591002DBB2E5F80B35CZ/45/1770710447/d0abecb1-e3e7-417e-a774-9527842b27ea.jpg,https://z.nooncdn.com/products/tr:n-t_120/8fcb8d8c40005bbbba9a7be319324250|pzsku/ZE591002DBB2E5F80B35CZ/45/1770710447/d0abecb1-e3e7-417e-a774-9527842b27ea.jpg,aoi,100,"['https://z.nooncdn.com/products/tr:n-t_800/8fcb8d8c40005bbbba9a7be319324250|pzsku/ZE591002DBB2E5F80B35CZ/45/1770710447/d0abecb1-e3e7-417e-a774-9527842b27ea.jpg', 'https://z.nooncdn.com/products/tr:n-t_800/8fcb8d8c40005bbbba9a7be319324250|pzsku/ZE591002DBB2E5F80B35CZ/45/1770710447/f434f8dc-75ed-4ee1-832a-0e4c45c528f9.jpg', 'https://z.nooncdn.com/products/tr:n-t_800/8fcb8d8c40005bbbba9a7be319324250|pzsku/ZE591002DBB2E5F80B35CZ/45/1770710447/b17c19d2-9c60-49c1-a379-5ef415bf4f69.jpg', 'https://z.nooncdn.com/products/tr:n-t_800/8fcb8d8c40005bbbba9a7be319324250|pzsku/ZE591002DBB2E5F80B35CZ/45/1770710447/d72f7d10-9f07-488b-b169-4012159a5e2d.jpg']",NSAI60084536063-1-P1,2026-06-29 22:19:17+03:00,2026-06-30 11:38:38+03:00,2026-07-02 11:00:00+03:00,149.0,sar,null,,False,2026-06-30 09:04:37+03:00,delivered,PH29218650010S
NSAI60044609464,delivered,noon,False,False,a5abd11c757197188ad3c4b1e0003eea,Z16E11AFE7CBBC8305D36Z-1,20109086,Z16E11AFE7CBBC8305D36Z,,Farmona Skin Lightening Cream 50ml for Dark Spot Reduction,pzsku/Z16E11AFE7CBBC8305D36Z/45/1764660170/a0572d2d-0bf5-4a90-b8b7-f1f944a98cff.jpg,https://z.nooncdn.com/products/tr:n-t_120/pzsku/Z16E11AFE7CBBC8305D36Z/45/1764660170/a0572d2d-0bf5-4a90-b8b7-f1f944a98cff.jpg,farmona,,['https://z.nooncdn.com/products/tr:n-t_800/pzsku/Z16E11AFE7CBBC8305D36Z/45/1764660170/a0572d2d-0bf5-4a90-b8b7-f1f944a98cff.jpg'],NSAI60044609464-1-P1,2026-06-29 12:33:43+03:00,2026-06-30 11:38:37+03:00,2026-07-02 11:00:00+03:00,80.91,sar,null,,False,2026-06-29 14:52:11+03:00,delivered,PH24065791714S
NSAI60044609464,delivered,noon,False,False,a5abd11c757197188ad3c4b1e0003eea,Z16E11AFE7CBBC8305D36Z-1,20109086,Z16E11AFE7CBBC8305D36Z,,Farmona Skin Lightening Cream 50ml for Dark Spot Reduction,pzsku/Z16E11AFE7CBBC8305D36Z/45/1764660170/a0572d2d-0bf5-4a90-b8b7-f1f944a98cff.jpg,https://z.nooncdn.com/products/tr:n-t_120/pzsku/Z16E11AFE7CBBC8305D36Z/45/1764660170/a0572d2d-0bf5-4a90-b8b7-f1f944a98cff.jpg,farmona,,['https://z.nooncdn.com/products/tr:n-t_800/pzsku/Z16E11AFE7CBBC8305D36Z/45/1764660170/a0572d2d-0bf5-4a90-b8b7-f1f944a98cff.jpg'],NSAI60044609464-2-P1,2026-06-29 12:33:43+03:00,2026-06-30 11:38:37+03:00,2026-07-02 11:00:00+03:00,80.91,sar,null,,False,2026-06-29 14:52:11+03:00,delivered,PH24065791714S
NSAI60015042716,delivered,noon,False,False,a7a87143d2731fbfbf5eb2505217183a,Z83CF89B3821744BA53C7Z-1,20211016,Z83CF89B3821744BA53C7Z,,Dazy Moroccan Tabrikma 500ml – Deep Nourishing Moroccan Body Care Formula,pzsku/Z83CF89B3821744BA53C7Z/45/_/1787658312/84595338-ec60-44d2-b248-ef938153877d.jpg,https://z.nooncdn.com/products/tr:n-t_120/pzsku/Z83CF89B3821744BA53C7Z/45/_/1787658312/84595338-ec60-44d2-b248-ef938153877d.jpg,dazy,,"['https://z.nooncdn.com/products/tr:n-t_800/pzsku/Z83CF89B3821744BA53C7Z/45/_/1787658312/84595338-ec60-44d2-b248-ef938153877d.jpg', 'https://z.nooncdn.com/products/tr:n-t_800/pzsku/Z83CF89B3821744BA53C7Z/45/_/1787658312/828cc9a3-6bac-4592-9bc1-dbc3e2dfad95.jpg']",NSAI60015042716-5-P1,2026-06-28 20:04:51+03:00,2026-06-29 11:49:35+03:00,2026-07-01 12:00:00+03:00,24.96,sar,null,,False,2026-06-29 10:18:50+03:00,delivered,PH27858100612S
NSAI60028312896,delivered,noon,False,False,a94e7d385a0bccb55abf37740775676a,ZA054A9D06F4CD0DBF91EZ-1,10610042,ZA054A9D06F4CD0DBF91EZ,653871976792,Zaadna Ready Keto Bread Mix – 500 gm,pzsku/ZA054A9D06F4CD0DBF91EZ/45/1752407155/d65d9ab7-e608-45c9-b8ee-2f5ec6c0f40e.jpg,https://z.nooncdn.com/products/tr:n-t_120/pzsku/ZA054A9D06F4CD0DBF91EZ/45/1752407155/d65d9ab7-e608-45c9-b8ee-2f5ec6c0f40e.jpg,zaadana,500,['https://z.nooncdn.com/products/tr:n-t_800/pzsku/ZA054A9D06F4CD0DBF91EZ/45/1752407155/d65d9ab7-e608-45c9-b8ee-2f5ec6c0f40e.jpg'],NSAI60028312896-13-P1,2026-06-28 16:36:44+03:00,2026-06-29 11:49:35+03:00,2026-07-01 11:00:00+03:00,39.99,sar,null,,False,2026-06-28 17:23:23+03:00,delivered,PH21040881668S
NSAI60041892843,delivered,noon,False,False,a59da5965206fce6a2947be03bb01b0a,ZD99EF035CCA7F0E9E1D3Z-1,10801004,ZD99EF035CCA7F0E9E1D3Z,,Jelham Indian Costus Dietary Supplement Capsules 60 Capsules,8fcb8d8c40005bbbba9a7be319324250|pzsku/ZD99EF035CCA7F0E9E1D3Z/45/1768653975/8b4f82ac-c73d-4c8c-ad8a-93ea87753f3c.jpg,https://z.nooncdn.com/products/tr:n-t_120/8fcb8d8c40005bbbba9a7be319324250|pzsku/ZD99EF035CCA7F0E9E1D3Z/45/1768653975/8b4f82ac-c73d-4c8c-ad8a-93ea87753f3c.jpg,jlhm,,"['https://z.nooncdn.com/products/tr:n-t_800/8fcb8d8c40005bbbba9a7be319324250|pzsku/ZD99EF035CCA7F0E9E1D3Z/45/1768653975/8b4f82ac-c73d-4c8c-ad8a-93ea87753f3c.jpg', 'https://z.nooncdn.com/products/tr:n-t_800/pzsku/ZD99EF035CCA7F0E9E1D3Z/45/_/1776676713/c3c9a022-b4fc-45de-b25e-e6a561c0a815.jpg']",NSAI60041892843-1-P1,2026-06-28 15:57:44+03:00,2026-06-29 11:49:35+03:00,2026-07-01 11:00:00+03:00,48.0,sar,null,,False,2026-06-28 16:29:27+03:00,delivered,PH27517643009S
NSAI60069471623,delivered,noon,False,False,a8cfcde6d35b621591e9f6ed9671c8aa,ZE591002DBB2E5F80B35CZ-1,Z.17704621264793444.1,ZE591002DBB2E5F80B35CZ,,AOi Matcha Japanese Pure Matcha Powder 100g x 2 | Premium Authentic Green Matcha,8fcb8d8c40005bbbba9a7be319324250|pzsku/ZE591002DBB2E5F80B35CZ/45/1770710447/d0abecb1-e3e7-417e-a774-9527842b27ea.jpg,https://z.nooncdn.com/products/tr:n-t_120/8fcb8d8c40005bbbba9a7be319324250|pzsku/ZE591002DBB2E5F80B35CZ/45/1770710447/d0abecb1-e3e7-417e-a774-9527842b27ea.jpg,aoi,100,"['https://z.nooncdn.com/products/tr:n-t_800/8fcb8d8c40005bbbba9a7be319324250|pzsku/ZE591002DBB2E5F80B35CZ/45/1770710447/d0abecb1-e3e7-417e-a774-9527842b27ea.jpg', 'https://z.nooncdn.com/products/tr:n-t_800/8fcb8d8c40005bbbba9a7be319324250|pzsku/ZE591002DBB2E5F80B35CZ/45/1770710447/f434f8dc-75ed-4ee1-832a-0e4c45c528f9.jpg', 'https://z.nooncdn.com/products/tr:n-t_800/8fcb8d8c40005bbbba9a7be319324250|pzsku/ZE591002DBB2E5F80B35CZ/45/1770710447/b17c19d2-9c60-49c1-a379-5ef415bf4f69.jpg', 'https://z.nooncdn.com/products/tr:n-t_800/8fcb8d8c40005bbbba9a7be319324250|pzsku/ZE591002DBB2E5F80B35CZ/45/1770710447/d72f7d10-9f07-488b-b169-4012159a5e2d.jpg']",NSAI60069471623-1-P1,2026-06-29 00:14:40+03:00,2026-06-29 11:49:35+03:00,2026-07-01 12:00:00+03:00,149.0,sar,null,,False,2026-06-29 10:17:06+03:00,delivered,PH25474558022S
NSAI60016956003,delivered,noon,False,False,a8cfcde6d35b621591e9f6ed9671c8aa,ZE591002DBB2E5F80B35CZ-1,Z.17704621264793444.1,ZE591002DBB2E5F80B35CZ,,AOi Matcha Japanese Pure Matcha Powder 100g x 2 | Premium Authentic Green Matcha,8fcb8d8c40005bbbba9a7be319324250|pzsku/ZE591002DBB2E5F80B35CZ/45/1770710447/d0abecb1-e3e7-417e-a774-9527842b27ea.jpg,https://z.nooncdn.com/products/tr:n-t_120/8fcb8d8c40005bbbba9a7be319324250|pzsku/ZE591002DBB2E5F80B35CZ/45/1770710447/d0abecb1-e3e7-417e-a774-9527842b27ea.jpg,aoi,100,"['https://z.nooncdn.com/products/tr:n-t_800/8fcb8d8c40005bbbba9a7be319324250|pzsku/ZE591002DBB2E5F80B35CZ/45/1770710447/d0abecb1-e3e7-417e-a774-9527842b27ea.jpg', 'https://z.nooncdn.com/products/tr:n-t_800/8fcb8d8c40005bbbba9a7be319324250|pzsku/ZE591002DBB2E5F80B35CZ/45/1770710447/f434f8dc-75ed-4ee1-832a-0e4c45c528f9.jpg', 'https://z.nooncdn.com/products/tr:n-t_800/8fcb8d8c40005bbbba9a7be319324250|pzsku/ZE591002DBB2E5F80B35CZ/45/1770710447/b17c19d2-9c60-49c1-a379-5ef415bf4f69.jpg', 'https://z.nooncdn.com/products/tr:n-t_800/8fcb8d8c40005bbbba9a7be319324250|pzsku/ZE591002DBB2E5F80B35CZ/45/1770710447/d72f7d10-9f07-488b-b169-4012159a5e2d.jpg']",NSAI60016956003-1-P1,2026-06-27 21:07:37+03:00,2026-06-28 11:20:26+03:00,2026-06-30 11:00:00+03:00,149.0,sar,null,,False,2026-06-28 09:52:40+03:00,delivered,PH20460958816S
NSAI60057227750,delivered,noon,False,False,a7a87143d2731fbfbf5eb2505217183a,Z83CF89B3821744BA53C7Z-1,20211016,Z83CF89B3821744BA53C7Z,,Dazy Moroccan Tabrikma 500ml – Deep Nourishing Moroccan Body Care Formula,pzsku/Z83CF89B3821744BA53C7Z/45/_/1787658312/84595338-ec60-44d2-b248-ef938153877d.jpg,https://z.nooncdn.com/products/tr:n-t_120/pzsku/Z83CF89B3821744BA53C7Z/45/_/1787658312/84595338-ec60-44d2-b248-ef938153877d.jpg,dazy,,"['https://z.nooncdn.com/products/tr:n-t_800/pzsku/Z83CF89B3821744BA53C7Z/45/_/1787658312/84595338-ec60-44d2-b248-ef938153877d.jpg', 'https://z.nooncdn.com/products/tr:n-t_800/pzsku/Z83CF89B3821744BA53C7Z/45/_/1787658312/828cc9a3-6bac-4592-9bc1-dbc3e2dfad95.jpg']",NSAI60057227750-7-P1,2026-06-28 07:39:42+03:00,2026-06-28 11:20:26+03:00,2026-06-30 11:00:00+03:00,22.3,sar,null,,False,2026-06-28 09:51:53+03:00,delivered,PH22398266283S
NSAI60076125430,delivered,noon,False,False,a566b4ecb58a36c7e02ed2d226f3ec5a,Z1EDD2CF7F641CD3DCCF1Z-1,Z.17624181574445143,Z1EDD2CF7F641CD3DCCF1Z,,BB LAB Marine Collagen Offer 3 Packs × 30 Sachets – Skin Radiance & Elasticity Support – Anti Wrinkle – Biotin for Hair Skin Nails – Korean Supplement,8fcb8d8c40005bbbba9a7be319324250|pzsku/Z1EDD2CF7F641CD3DCCF1Z/45/1771150186/ccae59a3-bca1-4a0b-ad2e-a82cd7e7aeca.jpg,https://z.nooncdn.com/products/tr:n-t_120/8fcb8d8c40005bbbba9a7be319324250|pzsku/Z1EDD2CF7F641CD3DCCF1Z/45/1771150186/ccae59a3-bca1-4a0b-ad2e-a82cd7e7aeca.jpg,bb_lab,,"['https://z.nooncdn.com/products/tr:n-t_800/8fcb8d8c40005bbbba9a7be319324250|pzsku/Z1EDD2CF7F641CD3DCCF1Z/45/1771150186/ccae59a3-bca1-4a0b-ad2e-a82cd7e7aeca.jpg', 'https://z.nooncdn.com/products/tr:n-t_800/8fcb8d8c40005bbbba9a7be319324250|pzsku/Z1EDD2CF7F641CD3DCCF1Z/45/1771150186/8b161091-8cc2-4b9b-beda-bb2ab0ce46f9.jpg', 'https://z.nooncdn.com/products/tr:n-t_800/8fcb8d8c40005bbbba9a7be319324250|pzsku/Z1EDD2CF7F641CD3DCCF1Z/45/1771150186/325d90e6-15ef-4326-b9a5-6b3e57468a27.jpg', 'https://z.nooncdn.com/products/tr:n-t_800/8fcb8d8c40005bbbba9a7be319324250|pzsku/Z1EDD2CF7F641CD3DCCF1Z/45/1771150186/c2448d6a-e8fe-4440-901a-6133c6a2dfa1.jpg', 'https://z.nooncdn.com/products/tr:n-t_800/8fcb8d8c40005bbbba9a7be319324250|pzsku/Z1EDD2CF7F641CD3DCCF1Z/45/1771150186/48bb76ce-d6ca-4c04-8bf8-fe86c9935b9b.jpg', 'https://z.nooncdn.com/products/tr:n-t_800/8fcb8d8c40005bbbba9a7be319324250|pzsku/Z1EDD2CF7F641CD3DCCF1Z/45/1771150187/f8ed7ba1-003d-4e0e-b632-d2f5e517ada3.jpg', 'https://z.nooncdn.com/products/tr:n-t_800/8fcb8d8c40005bbbba9a7be319324250|pzsku/Z1EDD2CF7F641CD3DCCF1Z/45/1771150186/176e1900-fce1-476f-8dc6-8602908a44bc.jpg', 'https://z.nooncdn.com/products/tr:n-t_800/8fcb8d8c40005bbbba9a7be319324250|pzsku/Z1EDD2CF7F641CD3DCCF1Z/45/1771150186/437ad10d-750a-46fb-a607-0510124cf204.jpg', 'https://z.nooncdn.com/products/tr:n-t_800/8fcb8d8c40005bbbba9a7be319324250|pzsku/Z1EDD2CF7F641CD3DCCF1Z/45/1771150186/f184dd4c-c690-444f-90c0-63100e2b5376.jpg', 'https://z.nooncdn.com/products/tr:n-t_800/8fcb8d8c40005bbbba9a7be319324250|pzsku/Z1EDD2CF7F641CD3DCCF1Z/45/1771150186/368700f8-fdbb-45f9-972a-4123c4550b28.jpg']",NSAI60076125430-2-P1,2026-06-28 11:07:44+03:00,2026-06-28 11:20:26+03:00,2026-07-01 11:00:00+03:00,288.0,sar,null,,False,2026-06-28 11:17:16+03:00,delivered,PH23337325340S
NSAI60085743178,delivered,noon,False,False,a566b4ecb58a36c7e02ed2d226f3ec5a,Z1EDD2CF7F641CD3DCCF1Z-1,Z.17624181574445143,Z1EDD2CF7F641CD3DCCF1Z,,BB LAB Marine Collagen Offer 3 Packs × 30 Sachets – Skin Radiance & Elasticity Support – Anti Wrinkle – Biotin for Hair Skin Nails – Korean Supplement,8fcb8d8c40005bbbba9a7be319324250|pzsku/Z1EDD2CF7F641CD3DCCF1Z/45/1771150186/ccae59a3-bca1-4a0b-ad2e-a82cd7e7aeca.jpg,https://z.nooncdn.com/products/tr:n-t_120/8fcb8d8c40005bbbba9a7be319324250|pzsku/Z1EDD2CF7F641CD3DCCF1Z/45/1771150186/ccae59a3-bca1-4a0b-ad2e-a82cd7e7aeca.jpg,bb_lab,,"['https://z.nooncdn.com/products/tr:n-t_800/8fcb8d8c40005bbbba9a7be319324250|pzsku/Z1EDD2CF7F641CD3DCCF1Z/45/1771150186/ccae59a3-bca1-4a0b-ad2e-a82cd7e7aeca.jpg', 'https://z.nooncdn.com/products/tr:n-t_800/8fcb8d8c40005bbbba9a7be319324250|pzsku/Z1EDD2CF7F641CD3DCCF1Z/45/1771150186/8b161091-8cc2-4b9b-beda-bb2ab0ce46f9.jpg', 'https://z.nooncdn.com/products/tr:n-t_800/8fcb8d8c40005bbbba9a7be319324250|pzsku/Z1EDD2CF7F641CD3DCCF1Z/45/1771150186/325d90e6-15ef-4326-b9a5-6b3e57468a27.jpg', 'https://z.nooncdn.com/products/tr:n-t_800/8fcb8d8c40005bbbba9a7be319324250|pzsku/Z1EDD2CF7F641CD3DCCF1Z/45/1771150186/c2448d6a-e8fe-4440-901a-6133c6a2dfa1.jpg', 'https://z.nooncdn.com/products/tr:n-t_800/8fcb8d8c40005bbbba9a7be319324250|pzsku/Z1EDD2CF7F641CD3DCCF1Z/45/1771150186/48bb76ce-d6ca-4c04-8bf8-fe86c9935b9b.jpg', 'https://z.nooncdn.com/products/tr:n-t_800/8fcb8d8c40005bbbba9a7be319324250|pzsku/Z1EDD2CF7F641CD3DCCF1Z/45/1771150187/f8ed7ba1-003d-4e0e-b632-d2f5e517ada3.jpg', 'https://z.nooncdn.com/products/tr:n-t_800/8fcb8d8c40005bbbba9a7be319324250|pzsku/Z1EDD2CF7F641CD3DCCF1Z/45/1771150186/176e1900-fce1-476f-8dc6-8602908a44bc.jpg', 'https://z.nooncdn.com/products/tr:n-t_800/8fcb8d8c40005bbbba9a7be319324250|pzsku/Z1EDD2CF7F641CD3DCCF1Z/45/1771150186/437ad10d-750a-46fb-a607-0510124cf204.jpg', 'https://z.nooncdn.com/products/tr:n-t_800/8fcb8d8c40005bbbba9a7be319324250|pzsku/Z1EDD2CF7F641CD3DCCF1Z/45/1771150186/f184dd4c-c690-444f-90c0-63100e2b5376.jpg', 'https://z.nooncdn.com/products/tr:n-t_800/8fcb8d8c40005bbbba9a7be319324250|pzsku/Z1EDD2CF7F641CD3DCCF1Z/45/1771150186/368700f8-fdbb-45f9-972a-4123c4550b28.jpg']",NSAI60085743178-1-P1,2026-06-28 04:13:14+03:00,2026-06-28 11:20:26+03:00,2026-06-30 11:00:00+03:00,288.0,sar,null,,False,2026-06-28 09:53:24+03:00,delivered,PH21721957546S
NSAI60000856404,delivered,noon,False,False,a59da5965206fce6a2947be03bb01b0a,ZD99EF035CCA7F0E9E1D3Z-1,10801004,ZD99EF035CCA7F0E9E1D3Z,,Jelham Indian Costus Dietary Supplement Capsules 60 Capsules,8fcb8d8c40005bbbba9a7be319324250|pzsku/ZD99EF035CCA7F0E9E1D3Z/45/1768653975/8b4f82ac-c73d-4c8c-ad8a-93ea87753f3c.jpg,https://z.nooncdn.com/products/tr:n-t_120/8fcb8d8c40005bbbba9a7be319324250|pzsku/ZD99EF035CCA7F0E9E1D3Z/45/1768653975/8b4f82ac-c73d-4c8c-ad8a-93ea87753f3c.jpg,jlhm,,"['https://z.nooncdn.com/products/tr:n-t_800/8fcb8d8c40005bbbba9a7be319324250|pzsku/ZD99EF035CCA7F0E9E1D3Z/45/1768653975/8b4f82ac-c73d-4c8c-ad8a-93ea87753f3c.jpg', 'https://z.nooncdn.com/products/tr:n-t_800/pzsku/ZD99EF035CCA7F0E9E1D3Z/45/_/1776676713/c3c9a022-b4fc-45de-b25e-e6a561c0a815.jpg']",NSAI60000856404-3-P1,2026-06-27 00:24:20+03:00,2026-06-27 11:48:55+03:00,2026-06-29 12:00:00+03:00,48.0,sar,null,,False,2026-06-27 09:17:47+03:00,delivered,PH26598884675S
NSAI60056745779,delivered,noon,False,False,a566b4ecb58a36c7e02ed2d226f3ec5a,Z1EDD2CF7F641CD3DCCF1Z-1,Z.17624181574445143,Z1EDD2CF7F641CD3DCCF1Z,,BB LAB Marine Collagen Offer 3 Packs × 30 Sachets – Skin Radiance & Elasticity Support – Anti Wrinkle – Biotin for Hair Skin Nails – Korean Supplement,8fcb8d8c40005bbbba9a7be319324250|pzsku/Z1EDD2CF7F641CD3DCCF1Z/45/1771150186/ccae59a3-bca1-4a0b-ad2e-a82cd7e7aeca.jpg,https://z.nooncdn.com/products/tr:n-t_120/8fcb8d8c40005bbbba9a7be319324250|pzsku/Z1EDD2CF7F641CD3DCCF1Z/45/1771150186/ccae59a3-bca1-4a0b-ad2e-a82cd7e7aeca.jpg,bb_lab,,"['https://z.nooncdn.com/products/tr:n-t_800/8fcb8d8c40005bbbba9a7be319324250|pzsku/Z1EDD2CF7F641CD3DCCF1Z/45/1771150186/ccae59a3-bca1-4a0b-ad2e-a82cd7e7aeca.jpg', 'https://z.nooncdn.com/products/tr:n-t_800/8fcb8d8c40005bbbba9a7be319324250|pzsku/Z1EDD2CF7F641CD3DCCF1Z/45/1771150186/8b161091-8cc2-4b9b-beda-bb2ab0ce46f9.jpg', 'https://z.nooncdn.com/products/tr:n-t_800/8fcb8d8c40005bbbba9a7be319324250|pzsku/Z1EDD2CF7F641CD3DCCF1Z/45/1771150186/325d90e6-15ef-4326-b9a5-6b3e57468a27.jpg', 'https://z.nooncdn.com/products/tr:n-t_800/8fcb8d8c40005bbbba9a7be319324250|pzsku/Z1EDD2CF7F641CD3DCCF1Z/45/1771150186/c2448d6a-e8fe-4440-901a-6133c6a2dfa1.jpg', 'https://z.nooncdn.com/products/tr:n-t_800/8fcb8d8c40005bbbba9a7be319324250|pzsku/Z1EDD2CF7F641CD3DCCF1Z/45/1771150186/48bb76ce-d6ca-4c04-8bf8-fe86c9935b9b.jpg', 'https://z.nooncdn.com/products/tr:n-t_800/8fcb8d8c40005bbbba9a7be319324250|pzsku/Z1EDD2CF7F641CD3DCCF1Z/45/1771150187/f8ed7ba1-003d-4e0e-b632-d2f5e517ada3.jpg', 'https://z.nooncdn.com/products/tr:n-t_800/8fcb8d8c40005bbbba9a7be319324250|pzsku/Z1EDD2CF7F641CD3DCCF1Z/45/1771150186/176e1900-fce1-476f-8dc6-8602908a44bc.jpg', 'https://z.nooncdn.com/products/tr:n-t_800/8fcb8d8c40005bbbba9a7be319324250|pzsku/Z1EDD2CF7F641CD3DCCF1Z/45/1771150186/437ad10d-750a-46fb-a607-0510124cf204.jpg', 'https://z.nooncdn.com/products/tr:n-t_800/8fcb8d8c40005bbbba9a7be319324250|pzsku/Z1EDD2CF7F641CD3DCCF1Z/45/1771150186/f184dd4c-c690-444f-90c0-63100e2b5376.jpg', 'https://z.nooncdn.com/products/tr:n-t_800/8fcb8d8c40005bbbba9a7be319324250|pzsku/Z1EDD2CF7F641CD3DCCF1Z/45/1771150186/368700f8-fdbb-45f9-972a-4123c4550b28.jpg']",NSAI60056745779-1-P1,2026-06-26 08:40:00+03:00,2026-06-27 11:48:55+03:00,2026-06-29 11:00:00+03:00,288.0,sar,null,,False,2026-06-26 16:55:12+03:00,delivered,PH21833828637S
NSAI60064411232,delivered,noon,False,False,ab08cda258b91e1cb57e908eca5d7f2a,Z6897828A171A81D0EC5DZ-1,21101093_1,Z6897828A171A81D0EC5DZ,,"Fair Lady Whitening Hand Cream 100 ml – Brightening, Softening & Pigmentation Reduction",pzsku/Z6897828A171A81D0EC5DZ/45/1764146399/5bc2330b-7f85-432d-b6e6-10196897831b.jpg,https://z.nooncdn.com/products/tr:n-t_120/pzsku/Z6897828A171A81D0EC5DZ/45/1764146399/5bc2330b-7f85-432d-b6e6-10196897831b.jpg,fair_lady,,['https://z.nooncdn.com/products/tr:n-t_800/pzsku/Z6897828A171A81D0EC5DZ/45/1764146399/5bc2330b-7f85-432d-b6e6-10196897831b.jpg'],NSAI60064411232-1-P1,2026-06-26 17:08:51+03:00,2026-06-27 11:48:55+03:00,2026-06-30 12:00:00+03:00,20.56,sar,null,,False,2026-06-26 17:11:59+03:00,delivered,PH21815232799S
NSAI60075903997,delivered,noon,False,False,a566b4ecb58a36c7e02ed2d226f3ec5a,Z1EDD2CF7F641CD3DCCF1Z-1,Z.17624181574445143,Z1EDD2CF7F641CD3DCCF1Z,,BB LAB Marine Collagen Offer 3 Packs × 30 Sachets – Skin Radiance & Elasticity Support – Anti Wrinkle – Biotin for Hair Skin Nails – Korean Supplement,8fcb8d8c40005bbbba9a7be319324250|pzsku/Z1EDD2CF7F641CD3DCCF1Z/45/1771150186/ccae59a3-bca1-4a0b-ad2e-a82cd7e7aeca.jpg,https://z.nooncdn.com/products/tr:n-t_120/8fcb8d8c40005bbbba9a7be319324250|pzsku/Z1EDD2CF7F641CD3DCCF1Z/45/1771150186/ccae59a3-bca1-4a0b-ad2e-a82cd7e7aeca.jpg,bb_lab,,"['https://z.nooncdn.com/products/tr:n-t_800/8fcb8d8c40005bbbba9a7be319324250|pzsku/Z1EDD2CF7F641CD3DCCF1Z/45/1771150186/ccae59a3-bca1-4a0b-ad2e-a82cd7e7aeca.jpg', 'https://z.nooncdn.com/products/tr:n-t_800/8fcb8d8c40005bbbba9a7be319324250|pzsku/Z1EDD2CF7F641CD3DCCF1Z/45/1771150186/8b161091-8cc2-4b9b-beda-bb2ab0ce46f9.jpg', 'https://z.nooncdn.com/products/tr:n-t_800/8fcb8d8c40005bbbba9a7be319324250|pzsku/Z1EDD2CF7F641CD3DCCF1Z/45/1771150186/325d90e6-15ef-4326-b9a5-6b3e57468a27.jpg', 'https://z.nooncdn.com/products/tr:n-t_800/8fcb8d8c40005bbbba9a7be319324250|pzsku/Z1EDD2CF7F641CD3DCCF1Z/45/1771150186/c2448d6a-e8fe-4440-901a-6133c6a2dfa1.jpg', 'https://z.nooncdn.com/products/tr:n-t_800/8fcb8d8c40005bbbba9a7be319324250|pzsku/Z1EDD2CF7F641CD3DCCF1Z/45/1771150186/48bb76ce-d6ca-4c04-8bf8-fe86c9935b9b.jpg', 'https://z.nooncdn.com/products/tr:n-t_800/8fcb8d8c40005bbbba9a7be319324250|pzsku/Z1EDD2CF7F641CD3DCCF1Z/45/1771150187/f8ed7ba1-003d-4e0e-b632-d2f5e517ada3.jpg', 'https://z.nooncdn.com/products/tr:n-t_800/8fcb8d8c40005bbbba9a7be319324250|pzsku/Z1EDD2CF7F641CD3DCCF1Z/45/1771150186/176e1900-fce1-476f-8dc6-8602908a44bc.jpg', 'https://z.nooncdn.com/products/tr:n-t_800/8fcb8d8c40005bbbba9a7be319324250|pzsku/Z1EDD2CF7F641CD3DCCF1Z/45/1771150186/437ad10d-750a-46fb-a607-0510124cf204.jpg', 'https://z.nooncdn.com/products/tr:n-t_800/8fcb8d8c40005bbbba9a7be319324250|pzsku/Z1EDD2CF7F641CD3DCCF1Z/45/1771150186/f184dd4c-c690-444f-90c0-63100e2b5376.jpg', 'https://z.nooncdn.com/products/tr:n-t_800/8fcb8d8c40005bbbba9a7be319324250|pzsku/Z1EDD2CF7F641CD3DCCF1Z/45/1771150186/368700f8-fdbb-45f9-972a-4123c4550b28.jpg']",NSAI60075903997-3-P1,2026-06-25 20:24:10+03:00,2026-06-27 11:48:55+03:00,2026-06-29 11:00:00+03:00,288.0,sar,null,,False,2026-06-26 16:55:52+03:00,delivered,PH23694217696S
NSAI60070772541,delivered,noon,False,False,a8cfcde6d35b621591e9f6ed9671c8aa,ZE591002DBB2E5F80B35CZ-1,Z.17704621264793444.1,ZE591002DBB2E5F80B35CZ,,AOi Matcha Japanese Pure Matcha Powder 100g x 2 | Premium Authentic Green Matcha,8fcb8d8c40005bbbba9a7be319324250|pzsku/ZE591002DBB2E5F80B35CZ/45/1770710447/d0abecb1-e3e7-417e-a774-9527842b27ea.jpg,https://z.nooncdn.com/products/tr:n-t_120/8fcb8d8c40005bbbba9a7be319324250|pzsku/ZE591002DBB2E5F80B35CZ/45/1770710447/d0abecb1-e3e7-417e-a774-9527842b27ea.jpg,aoi,100,"['https://z.nooncdn.com/products/tr:n-t_800/8fcb8d8c40005bbbba9a7be319324250|pzsku/ZE591002DBB2E5F80B35CZ/45/1770710447/d0abecb1-e3e7-417e-a774-9527842b27ea.jpg', 'https://z.nooncdn.com/products/tr:n-t_800/8fcb8d8c40005bbbba9a7be319324250|pzsku/ZE591002DBB2E5F80B35CZ/45/1770710447/f434f8dc-75ed-4ee1-832a-0e4c45c528f9.jpg', 'https://z.nooncdn.com/products/tr:n-t_800/8fcb8d8c40005bbbba9a7be319324250|pzsku/ZE591002DBB2E5F80B35CZ/45/1770710447/b17c19d2-9c60-49c1-a379-5ef415bf4f69.jpg', 'https://z.nooncdn.com/products/tr:n-t_800/8fcb8d8c40005bbbba9a7be319324250|pzsku/ZE591002DBB2E5F80B35CZ/45/1770710447/d72f7d10-9f07-488b-b169-4012159a5e2d.jpg']",NSAI60070772541-1-P1,2026-06-25 07:38:28+03:00,2026-06-25 11:37:14+03:00,2026-06-28 11:00:00+03:00,149.0,sar,null,,False,2026-06-25 09:01:46+03:00,delivered,PH24420802617S
NSAI60098410782,delivered,noon,False,False,a8cfcde6d35b621591e9f6ed9671c8aa,ZE591002DBB2E5F80B35CZ-1,Z.17704621264793444.1,ZE591002DBB2E5F80B35CZ,,AOi Matcha Japanese Pure Matcha Powder 100g x 2 | Premium Authentic Green Matcha,8fcb8d8c40005bbbba9a7be319324250|pzsku/ZE591002DBB2E5F80B35CZ/45/1770710447/d0abecb1-e3e7-417e-a774-9527842b27ea.jpg,https://z.nooncdn.com/products/tr:n-t_120/8fcb8d8c40005bbbba9a7be319324250|pzsku/ZE591002DBB2E5F80B35CZ/45/1770710447/d0abecb1-e3e7-417e-a774-9527842b27ea.jpg,aoi,100,"['https://z.nooncdn.com/products/tr:n-t_800/8fcb8d8c40005bbbba9a7be319324250|pzsku/ZE591002DBB2E5F80B35CZ/45/1770710447/d0abecb1-e3e7-417e-a774-9527842b27ea.jpg', 'https://z.nooncdn.com/products/tr:n-t_800/8fcb8d8c40005bbbba9a7be319324250|pzsku/ZE591002DBB2E5F80B35CZ/45/1770710447/f434f8dc-75ed-4ee1-832a-0e4c45c528f9.jpg', 'https://z.nooncdn.com/products/tr:n-t_800/8fcb8d8c40005bbbba9a7be319324250|pzsku/ZE591002DBB2E5F80B35CZ/45/1770710447/b17c19d2-9c60-49c1-a379-5ef415bf4f69.jpg', 'https://z.nooncdn.com/products/tr:n-t_800/8fcb8d8c40005bbbba9a7be319324250|pzsku/ZE591002DBB2E5F80B35CZ/45/1770710447/d72f7d10-9f07-488b-b169-4012159a5e2d.jpg']",NSAI60098410782-1-P1,2026-06-24 11:52:01+03:00,2026-06-25 11:37:14+03:00,2026-06-28 12:00:00+03:00,149.0,sar,null,,False,2026-06-24 12:42:18+03:00,delivered,PH22278113935S
NSAI60047218132,delivered,noon,False,False,a8cfcde6d35b621591e9f6ed9671c8aa,ZE591002DBB2E5F80B35CZ-1,Z.17704621264793444.1,ZE591002DBB2E5F80B35CZ,,AOi Matcha Japanese Pure Matcha Powder 100g x 2 | Premium Authentic Green Matcha,8fcb8d8c40005bbbba9a7be319324250|pzsku/ZE591002DBB2E5F80B35CZ/45/1770710447/d0abecb1-e3e7-417e-a774-9527842b27ea.jpg,https://z.nooncdn.com/products/tr:n-t_120/8fcb8d8c40005bbbba9a7be319324250|pzsku/ZE591002DBB2E5F80B35CZ/45/1770710447/d0abecb1-e3e7-417e-a774-9527842b27ea.jpg,aoi,100,"['https://z.nooncdn.com/products/tr:n-t_800/8fcb8d8c40005bbbba9a7be319324250|pzsku/ZE591002DBB2E5F80B35CZ/45/1770710447/d0abecb1-e3e7-417e-a774-9527842b27ea.jpg', 'https://z.nooncdn.com/products/tr:n-t_800/8fcb8d8c40005bbbba9a7be319324250|pzsku/ZE591002DBB2E5F80B35CZ/45/1770710447/f434f8dc-75ed-4ee1-832a-0e4c45c528f9.jpg', 'https://z.nooncdn.com/products/tr:n-t_800/8fcb8d8c40005bbbba9a7be319324250|pzsku/ZE591002DBB2E5F80B35CZ/45/1770710447/b17c19d2-9c60-49c1-a379-5ef415bf4f69.jpg', 'https://z.nooncdn.com/products/tr:n-t_800/8fcb8d8c40005bbbba9a7be319324250|pzsku/ZE591002DBB2E5F80B35CZ/45/1770710447/d72f7d10-9f07-488b-b169-4012159a5e2d.jpg']",NSAI60047218132-1-P1,2026-06-23 10:48:39+03:00,2026-06-24 11:57:00+03:00,2026-06-27 11:00:00+03:00,149.0,sar,null,,False,2026-06-23 13:03:59+03:00,delivered,PH28799591614S
NSAI60053434218,delivered,noon,False,False,a503c178bbba0c0959f753bf64009c4a,ZF1D6A81855A9170446FAZ-1,10614005,ZF1D6A81855A9170446FAZ,6285725003022,Fayfa Natural Date Palm Pollen Powder  20g,pzsku/ZF1D6A81855A9170446FAZ/45/_/1785155586/35ea6f6a-b4bc-4c13-9e3f-c9c7fcf6bfcd.jpg,https://z.nooncdn.com/products/tr:n-t_120/pzsku/ZF1D6A81855A9170446FAZ/45/_/1785155586/35ea6f6a-b4bc-4c13-9e3f-c9c7fcf6bfcd.jpg,fayfa,,"['https://z.nooncdn.com/products/tr:n-t_800/pzsku/ZF1D6A81855A9170446FAZ/45/_/1785155586/35ea6f6a-b4bc-4c13-9e3f-c9c7fcf6bfcd.jpg', 'https://z.nooncdn.com/products/tr:n-t_800/pzsku/ZF1D6A81855A9170446FAZ/45/_/1785155569/58cf794a-4768-4fa6-9c68-be54db061249.jpg', 'https://z.nooncdn.com/products/tr:n-t_800/pzsku/ZF1D6A81855A9170446FAZ/45/_/1785155586/48fb5577-84fd-4052-b782-0211d6b8cc9b.jpg', 'https://z.nooncdn.com/products/tr:n-t_800/pzsku/ZF1D6A81855A9170446FAZ/45/_/1785155598/65bb884b-f1e5-4850-838d-369f7b1c62d7.jpg', 'https://z.nooncdn.com/products/tr:n-t_800/pzsku/ZF1D6A81855A9170446FAZ/45/_/1785155598/d5151f2d-14f2-4a8a-881e-eb3d20e653b0.jpg', 'https://z.nooncdn.com/products/tr:n-t_800/pzsku/ZF1D6A81855A9170446FAZ/45/_/1785155617/5430c2c4-bd17-4af4-898a-0bdfb9a00205.jpg', 'https://z.nooncdn.com/products/tr:n-t_800/pzsku/ZF1D6A81855A9170446FAZ/45/_/1785155622/745fe20f-005f-486a-9c6d-df4278319391.jpg']",NSAI60053434218-1-P1,2026-06-23 11:00:25+03:00,2026-06-24 11:57:00+03:00,2026-06-27 11:00:00+03:00,31.5,sar,null,,False,2026-06-23 13:03:15+03:00,delivered,PH29459335896S
NSAI60053434218,delivered,noon,False,False,a503c178bbba0c0959f753bf64009c4a,ZF1D6A81855A9170446FAZ-1,10614005,ZF1D6A81855A9170446FAZ,6285725003022,Fayfa Natural Date Palm Pollen Powder  20g,pzsku/ZF1D6A81855A9170446FAZ/45/_/1785155586/35ea6f6a-b4bc-4c13-9e3f-c9c7fcf6bfcd.jpg,https://z.nooncdn.com/products/tr:n-t_120/pzsku/ZF1D6A81855A9170446FAZ/45/_/1785155586/35ea6f6a-b4bc-4c13-9e3f-c9c7fcf6bfcd.jpg,fayfa,,"['https://z.nooncdn.com/products/tr:n-t_800/pzsku/ZF1D6A81855A9170446FAZ/45/_/1785155586/35ea6f6a-b4bc-4c13-9e3f-c9c7fcf6bfcd.jpg', 'https://z.nooncdn.com/products/tr:n-t_800/pzsku/ZF1D6A81855A9170446FAZ/45/_/1785155569/58cf794a-4768-4fa6-9c68-be54db061249.jpg', 'https://z.nooncdn.com/products/tr:n-t_800/pzsku/ZF1D6A81855A9170446FAZ/45/_/1785155586/48fb5577-84fd-4052-b782-0211d6b8cc9b.jpg', 'https://z.nooncdn.com/products/tr:n-t_800/pzsku/ZF1D6A81855A9170446FAZ/45/_/1785155598/65bb884b-f1e5-4850-838d-369f7b1c62d7.jpg', 'https://z.nooncdn.com/products/tr:n-t_800/pzsku/ZF1D6A81855A9170446FAZ/45/_/1785155598/d5151f2d-14f2-4a8a-881e-eb3d20e653b0.jpg', 'https://z.nooncdn.com/products/tr:n-t_800/pzsku/ZF1D6A81855A9170446FAZ/45/_/1785155617/5430c2c4-bd17-4af4-898a-0bdfb9a00205.jpg', 'https://z.nooncdn.com/products/tr:n-t_800/pzsku/ZF1D6A81855A9170446FAZ/45/_/1785155622/745fe20f-005f-486a-9c6d-df4278319391.jpg']",NSAI60053434218-2-P1,2026-06-23 11:00:25+03:00,2026-06-24 11:57:00+03:00,2026-06-27 11:00:00+03:00,31.5,sar,null,,False,2026-06-23 13:03:15+03:00,delivered,PH29459335896S
NSAI60074724407,delivered,noon,False,False,a8cfcde6d35b621591e9f6ed9671c8aa,ZE591002DBB2E5F80B35CZ-1,Z.17704621264793444.1,ZE591002DBB2E5F80B35CZ,,AOi Matcha Japanese Pure Matcha Powder 100g x 2 | Premium Authentic Green Matcha,8fcb8d8c40005bbbba9a7be319324250|pzsku/ZE591002DBB2E5F80B35CZ/45/1770710447/d0abecb1-e3e7-417e-a774-9527842b27ea.jpg,https://z.nooncdn.com/products/tr:n-t_120/8fcb8d8c40005bbbba9a7be319324250|pzsku/ZE591002DBB2E5F80B35CZ/45/1770710447/d0abecb1-e3e7-417e-a774-9527842b27ea.jpg,aoi,100,"['https://z.nooncdn.com/products/tr:n-t_800/8fcb8d8c40005bbbba9a7be319324250|pzsku/ZE591002DBB2E5F80B35CZ/45/1770710447/d0abecb1-e3e7-417e-a774-9527842b27ea.jpg', 'https://z.nooncdn.com/products/tr:n-t_800/8fcb8d8c40005bbbba9a7be319324250|pzsku/ZE591002DBB2E5F80B35CZ/45/1770710447/f434f8dc-75ed-4ee1-832a-0e4c45c528f9.jpg', 'https://z.nooncdn.com/products/tr:n-t_800/8fcb8d8c40005bbbba9a7be319324250|pzsku/ZE591002DBB2E5F80B35CZ/45/1770710447/b17c19d2-9c60-49c1-a379-5ef415bf4f69.jpg', 'https://z.nooncdn.com/products/tr:n-t_800/8fcb8d8c40005bbbba9a7be319324250|pzsku/ZE591002DBB2E5F80B35CZ/45/1770710447/d72f7d10-9f07-488b-b169-4012159a5e2d.jpg']",NSAI60074724407-1-P1,2026-06-22 15:34:20+03:00,2026-06-23 11:42:00+03:00,2026-06-25 11:00:00+03:00,149.0,sar,null,,False,2026-06-22 16:25:24+03:00,delivered,PH28843359101S
NSAI60085194497,delivered,noon,False,False,a8cfcde6d35b621591e9f6ed9671c8aa,ZE591002DBB2E5F80B35CZ-1,Z.17704621264793444.1,ZE591002DBB2E5F80B35CZ,,AOi Matcha Japanese Pure Matcha Powder 100g x 2 | Premium Authentic Green Matcha,8fcb8d8c40005bbbba9a7be319324250|pzsku/ZE591002DBB2E5F80B35CZ/45/1770710447/d0abecb1-e3e7-417e-a774-9527842b27ea.jpg,https://z.nooncdn.com/products/tr:n-t_120/8fcb8d8c40005bbbba9a7be319324250|pzsku/ZE591002DBB2E5F80B35CZ/45/1770710447/d0abecb1-e3e7-417e-a774-9527842b27ea.jpg,aoi,100,"['https://z.nooncdn.com/products/tr:n-t_800/8fcb8d8c40005bbbba9a7be319324250|pzsku/ZE591002DBB2E5F80B35CZ/45/1770710447/d0abecb1-e3e7-417e-a774-9527842b27ea.jpg', 'https://z.nooncdn.com/products/tr:n-t_800/8fcb8d8c40005bbbba9a7be319324250|pzsku/ZE591002DBB2E5F80B35CZ/45/1770710447/f434f8dc-75ed-4ee1-832a-0e4c45c528f9.jpg', 'https://z.nooncdn.com/products/tr:n-t_800/8fcb8d8c40005bbbba9a7be319324250|pzsku/ZE591002DBB2E5F80B35CZ/45/1770710447/b17c19d2-9c60-49c1-a379-5ef415bf4f69.jpg', 'https://z.nooncdn.com/products/tr:n-t_800/8fcb8d8c40005bbbba9a7be319324250|pzsku/ZE591002DBB2E5F80B35CZ/45/1770710447/d72f7d10-9f07-488b-b169-4012159a5e2d.jpg']",NSAI60085194497-1-P1,2026-06-22 21:24:16+03:00,2026-06-23 11:42:00+03:00,2026-06-25 11:00:00+03:00,149.0,sar,null,,False,2026-06-23 09:30:57+03:00,delivered,PH27201918054S
NSAI60034881424,delivered,noon,False,False,a957d63937c9de8d651042183fbaa4da,Z1CDF434810A74FF8A4BCZ-1,20401188,Z1CDF434810A74FF8A4BCZ,6955050946126,Famous Rose Essential Oil 50 ml,pzsku/Z1CDF434810A74FF8A4BCZ/45/1755004489/598860ea-00e9-4f38-b8f6-8f66e2f677d6.jpg,https://z.nooncdn.com/products/tr:n-t_120/pzsku/Z1CDF434810A74FF8A4BCZ/45/1755004489/598860ea-00e9-4f38-b8f6-8f66e2f677d6.jpg,famous,50,['https://z.nooncdn.com/products/tr:n-t_800/pzsku/Z1CDF434810A74FF8A4BCZ/45/1755004489/598860ea-00e9-4f38-b8f6-8f66e2f677d6.jpg'],NSAI60034881424-1-P1,2026-06-20 15:03:20+03:00,2026-06-21 12:06:41+03:00,2026-06-23 11:00:00+03:00,25.0,sar,null,,False,2026-06-20 19:25:09+03:00,delivered,PH29081073967S
NSAI60034881424,delivered,noon,False,False,a957d63937c9de8d651042183fbaa4da,Z1CDF434810A74FF8A4BCZ-1,20401188,Z1CDF434810A74FF8A4BCZ,6955050946126,Famous Rose Essential Oil 50 ml,pzsku/Z1CDF434810A74FF8A4BCZ/45/1755004489/598860ea-00e9-4f38-b8f6-8f66e2f677d6.jpg,https://z.nooncdn.com/products/tr:n-t_120/pzsku/Z1CDF434810A74FF8A4BCZ/45/1755004489/598860ea-00e9-4f38-b8f6-8f66e2f677d6.jpg,famous,50,['https://z.nooncdn.com/products/tr:n-t_800/pzsku/Z1CDF434810A74FF8A4BCZ/45/1755004489/598860ea-00e9-4f38-b8f6-8f66e2f677d6.jpg'],NSAI60034881424-2-P1,2026-06-20 15:03:20+03:00,2026-06-21 12:06:41+03:00,2026-06-23 11:00:00+03:00,25.0,sar,null,,False,2026-06-20 19:25:09+03:00,delivered,PH29081073967S
NSAI60034881424,delivered,noon,False,False,a957d63937c9de8d651042183fbaa4da,Z1CDF434810A74FF8A4BCZ-1,20401188,Z1CDF434810A74FF8A4BCZ,6955050946126,Famous Rose Essential Oil 50 ml,pzsku/Z1CDF434810A74FF8A4BCZ/45/1755004489/598860ea-00e9-4f38-b8f6-8f66e2f677d6.jpg,https://z.nooncdn.com/products/tr:n-t_120/pzsku/Z1CDF434810A74FF8A4BCZ/45/1755004489/598860ea-00e9-4f38-b8f6-8f66e2f677d6.jpg,famous,50,['https://z.nooncdn.com/products/tr:n-t_800/pzsku/Z1CDF434810A74FF8A4BCZ/45/1755004489/598860ea-00e9-4f38-b8f6-8f66e2f677d6.jpg'],NSAI60034881424-3-P1,2026-06-20 15:03:20+03:00,2026-06-21 12:06:41+03:00,2026-06-23 11:00:00+03:00,25.0,sar,null,,False,2026-06-20 19:25:09+03:00,delivered,PH29081073967S
NSAI60034881424,delivered,noon,False,False,a957d63937c9de8d651042183fbaa4da,Z1CDF434810A74FF8A4BCZ-1,20401188,Z1CDF434810A74FF8A4BCZ,6955050946126,Famous Rose Essential Oil 50 ml,pzsku/Z1CDF434810A74FF8A4BCZ/45/1755004489/598860ea-00e9-4f38-b8f6-8f66e2f677d6.jpg,https://z.nooncdn.com/products/tr:n-t_120/pzsku/Z1CDF434810A74FF8A4BCZ/45/1755004489/598860ea-00e9-4f38-b8f6-8f66e2f677d6.jpg,famous,50,['https://z.nooncdn.com/products/tr:n-t_800/pzsku/Z1CDF434810A74FF8A4BCZ/45/1755004489/598860ea-00e9-4f38-b8f6-8f66e2f677d6.jpg'],NSAI60034881424-4-P1,2026-06-20 15:03:20+03:00,2026-06-21 12:06:41+03:00,2026-06-23 11:00:00+03:00,25.0,sar,null,,False,2026-06-20 19:25:09+03:00,delivered,PH29081073967S
NSAI60048485283,delivered,noon,False,False,a8fb8667da17bac80da66c64535ac1da,Z94F865435DC67E7CD25DZ-1,20204010,Z94F865435DC67E7CD25DZ,,Knoz Al Oud Moroccan White Henna 150g Instant Brightening & Purifying Skin Mask for Face and Body,pzsku/Z94F865435DC67E7CD25DZ/45/_/1784992609/3334413f-3d95-48a3-922b-abc448b5dbdc.jpg,https://z.nooncdn.com/products/tr:n-t_120/pzsku/Z94F865435DC67E7CD25DZ/45/_/1784992609/3334413f-3d95-48a3-922b-abc448b5dbdc.jpg,knoz_aloud,150,"['https://z.nooncdn.com/products/tr:n-t_800/pzsku/Z94F865435DC67E7CD25DZ/45/_/1784992609/3334413f-3d95-48a3-922b-abc448b5dbdc.jpg', 'https://z.nooncdn.com/products/tr:n-t_800/pzsku/Z94F865435DC67E7CD25DZ/45/_/1784992609/971b378a-ae7f-4a9e-9711-d3505f07c1a6.jpg', 'https://z.nooncdn.com/products/tr:n-t_800/pzsku/Z94F865435DC67E7CD25DZ/45/_/1784992609/919d0387-64d5-40f9-98c2-9f6686894665.jpg']",NSAI60048485283-1-P1,2026-06-20 16:29:39+03:00,2026-06-21 12:06:41+03:00,2026-06-23 11:00:00+03:00,27.84,sar,null,,False,2026-06-20 19:28:42+03:00,delivered,PH26723540094S
NSAI60048485283,delivered,noon,False,False,a8fb8667da17bac80da66c64535ac1da,Z94F865435DC67E7CD25DZ-1,20204010,Z94F865435DC67E7CD25DZ,,Knoz Al Oud Moroccan White Henna 150g Instant Brightening & Purifying Skin Mask for Face and Body,pzsku/Z94F865435DC67E7CD25DZ/45/_/1784992609/3334413f-3d95-48a3-922b-abc448b5dbdc.jpg,https://z.nooncdn.com/products/tr:n-t_120/pzsku/Z94F865435DC67E7CD25DZ/45/_/1784992609/3334413f-3d95-48a3-922b-abc448b5dbdc.jpg,knoz_aloud,150,"['https://z.nooncdn.com/products/tr:n-t_800/pzsku/Z94F865435DC67E7CD25DZ/45/_/1784992609/3334413f-3d95-48a3-922b-abc448b5dbdc.jpg', 'https://z.nooncdn.com/products/tr:n-t_800/pzsku/Z94F865435DC67E7CD25DZ/45/_/1784992609/971b378a-ae7f-4a9e-9711-d3505f07c1a6.jpg', 'https://z.nooncdn.com/products/tr:n-t_800/pzsku/Z94F865435DC67E7CD25DZ/45/_/1784992609/919d0387-64d5-40f9-98c2-9f6686894665.jpg']",NSAI60048485283-2-P1,2026-06-20 16:29:39+03:00,2026-06-21 12:06:41+03:00,2026-06-23 11:00:00+03:00,27.84,sar,null,,False,2026-06-20 19:28:42+03:00,delivered,PH26723540094S
NSAI60089927844,delivered,noon,False,False,a94e7d385a0bccb55abf37740775676a,ZA054A9D06F4CD0DBF91EZ-1,10610042,ZA054A9D06F4CD0DBF91EZ,653871976792,Zaadna Ready Keto Bread Mix – 500 gm,pzsku/ZA054A9D06F4CD0DBF91EZ/45/1752407155/d65d9ab7-e608-45c9-b8ee-2f5ec6c0f40e.jpg,https://z.nooncdn.com/products/tr:n-t_120/pzsku/ZA054A9D06F4CD0DBF91EZ/45/1752407155/d65d9ab7-e608-45c9-b8ee-2f5ec6c0f40e.jpg,zaadana,500,['https://z.nooncdn.com/products/tr:n-t_800/pzsku/ZA054A9D06F4CD0DBF91EZ/45/1752407155/d65d9ab7-e608-45c9-b8ee-2f5ec6c0f40e.jpg'],NSAI60089927844-2-P1,2026-06-21 10:37:11+03:00,2026-06-21 12:06:41+03:00,2026-06-23 11:00:00+03:00,37.0,sar,null,,False,2026-06-21 10:48:39+03:00,delivered,PH27964988607S
NSAI60089927844,delivered,noon,False,False,a94e7d385a0bccb55abf37740775676a,ZA054A9D06F4CD0DBF91EZ-1,10610042,ZA054A9D06F4CD0DBF91EZ,653871976792,Zaadna Ready Keto Bread Mix – 500 gm,pzsku/ZA054A9D06F4CD0DBF91EZ/45/1752407155/d65d9ab7-e608-45c9-b8ee-2f5ec6c0f40e.jpg,https://z.nooncdn.com/products/tr:n-t_120/pzsku/ZA054A9D06F4CD0DBF91EZ/45/1752407155/d65d9ab7-e608-45c9-b8ee-2f5ec6c0f40e.jpg,zaadana,500,['https://z.nooncdn.com/products/tr:n-t_800/pzsku/ZA054A9D06F4CD0DBF91EZ/45/1752407155/d65d9ab7-e608-45c9-b8ee-2f5ec6c0f40e.jpg'],NSAI60089927844-3-P1,2026-06-21 10:37:11+03:00,2026-06-21 12:06:41+03:00,2026-06-23 11:00:00+03:00,37.0,sar,null,,False,2026-06-21 10:48:39+03:00,delivered,PH27964988607S
NSAI60089927844,delivered,noon,False,False,a94e7d385a0bccb55abf37740775676a,ZA054A9D06F4CD0DBF91EZ-1,10610042,ZA054A9D06F4CD0DBF91EZ,653871976792,Zaadna Ready Keto Bread Mix – 500 gm,pzsku/ZA054A9D06F4CD0DBF91EZ/45/1752407155/d65d9ab7-e608-45c9-b8ee-2f5ec6c0f40e.jpg,https://z.nooncdn.com/products/tr:n-t_120/pzsku/ZA054A9D06F4CD0DBF91EZ/45/1752407155/d65d9ab7-e608-45c9-b8ee-2f5ec6c0f40e.jpg,zaadana,500,['https://z.nooncdn.com/products/tr:n-t_800/pzsku/ZA054A9D06F4CD0DBF91EZ/45/1752407155/d65d9ab7-e608-45c9-b8ee-2f5ec6c0f40e.jpg'],NSAI60089927844-4-P1,2026-06-21 10:37:11+03:00,2026-06-21 12:06:41+03:00,2026-06-23 11:00:00+03:00,37.0,sar,null,,False,2026-06-21 10:48:39+03:00,delivered,PH27964988607S
NSAI60091508717,delivered,noon,False,False,a94e7d385a0bccb55abf37740775676a,ZA054A9D06F4CD0DBF91EZ-1,10610042,ZA054A9D06F4CD0DBF91EZ,653871976792,Zaadna Ready Keto Bread Mix – 500 gm,pzsku/ZA054A9D06F4CD0DBF91EZ/45/1752407155/d65d9ab7-e608-45c9-b8ee-2f5ec6c0f40e.jpg,https://z.nooncdn.com/products/tr:n-t_120/pzsku/ZA054A9D06F4CD0DBF91EZ/45/1752407155/d65d9ab7-e608-45c9-b8ee-2f5ec6c0f40e.jpg,zaadana,500,['https://z.nooncdn.com/products/tr:n-t_800/pzsku/ZA054A9D06F4CD0DBF91EZ/45/1752407155/d65d9ab7-e608-45c9-b8ee-2f5ec6c0f40e.jpg'],NSAI60091508717-1-P1,2026-06-20 17:32:36+03:00,2026-06-21 12:06:41+03:00,2026-06-23 10:00:00+03:00,37.0,sar,null,,False,2026-06-20 19:28:11+03:00,delivered,PH22755386659S
NSAI60091508717,delivered,noon,False,False,a94e7d385a0bccb55abf37740775676a,ZA054A9D06F4CD0DBF91EZ-1,10610042,ZA054A9D06F4CD0DBF91EZ,653871976792,Zaadna Ready Keto Bread Mix – 500 gm,pzsku/ZA054A9D06F4CD0DBF91EZ/45/1752407155/d65d9ab7-e608-45c9-b8ee-2f5ec6c0f40e.jpg,https://z.nooncdn.com/products/tr:n-t_120/pzsku/ZA054A9D06F4CD0DBF91EZ/45/1752407155/d65d9ab7-e608-45c9-b8ee-2f5ec6c0f40e.jpg,zaadana,500,['https://z.nooncdn.com/products/tr:n-t_800/pzsku/ZA054A9D06F4CD0DBF91EZ/45/1752407155/d65d9ab7-e608-45c9-b8ee-2f5ec6c0f40e.jpg'],NSAI60091508717-2-P1,2026-06-20 17:32:36+03:00,2026-06-21 12:06:41+03:00,2026-06-23 10:00:00+03:00,37.0,sar,null,,False,2026-06-20 19:28:11+03:00,delivered,PH22755386659S
NSAI60091508717,delivered,noon,False,False,a94e7d385a0bccb55abf37740775676a,ZA054A9D06F4CD0DBF91EZ-1,10610042,ZA054A9D06F4CD0DBF91EZ,653871976792,Zaadna Ready Keto Bread Mix – 500 gm,pzsku/ZA054A9D06F4CD0DBF91EZ/45/1752407155/d65d9ab7-e608-45c9-b8ee-2f5ec6c0f40e.jpg,https://z.nooncdn.com/products/tr:n-t_120/pzsku/ZA054A9D06F4CD0DBF91EZ/45/1752407155/d65d9ab7-e608-45c9-b8ee-2f5ec6c0f40e.jpg,zaadana,500,['https://z.nooncdn.com/products/tr:n-t_800/pzsku/ZA054A9D06F4CD0DBF91EZ/45/1752407155/d65d9ab7-e608-45c9-b8ee-2f5ec6c0f40e.jpg'],NSAI60091508717-3-P1,2026-06-20 17:32:36+03:00,2026-06-21 12:06:41+03:00,2026-06-23 10:00:00+03:00,37.0,sar,null,,False,2026-06-20 19:28:11+03:00,delivered,PH22755386659S
NSAI60010353495,delivered,noon,False,False,a8cfcde6d35b621591e9f6ed9671c8aa,ZE591002DBB2E5F80B35CZ-1,Z.17704621264793444.1,ZE591002DBB2E5F80B35CZ,,AOi Matcha Japanese Pure Matcha Powder 100g x 2 | Premium Authentic Green Matcha,8fcb8d8c40005bbbba9a7be319324250|pzsku/ZE591002DBB2E5F80B35CZ/45/1770710447/d0abecb1-e3e7-417e-a774-9527842b27ea.jpg,https://z.nooncdn.com/products/tr:n-t_120/8fcb8d8c40005bbbba9a7be319324250|pzsku/ZE591002DBB2E5F80B35CZ/45/1770710447/d0abecb1-e3e7-417e-a774-9527842b27ea.jpg,aoi,100,"['https://z.nooncdn.com/products/tr:n-t_800/8fcb8d8c40005bbbba9a7be319324250|pzsku/ZE591002DBB2E5F80B35CZ/45/1770710447/d0abecb1-e3e7-417e-a774-9527842b27ea.jpg', 'https://z.nooncdn.com/products/tr:n-t_800/8fcb8d8c40005bbbba9a7be319324250|pzsku/ZE591002DBB2E5F80B35CZ/45/1770710447/f434f8dc-75ed-4ee1-832a-0e4c45c528f9.jpg', 'https://z.nooncdn.com/products/tr:n-t_800/8fcb8d8c40005bbbba9a7be319324250|pzsku/ZE591002DBB2E5F80B35CZ/45/1770710447/b17c19d2-9c60-49c1-a379-5ef415bf4f69.jpg', 'https://z.nooncdn.com/products/tr:n-t_800/8fcb8d8c40005bbbba9a7be319324250|pzsku/ZE591002DBB2E5F80B35CZ/45/1770710447/d72f7d10-9f07-488b-b169-4012159a5e2d.jpg']",NSAI60010353495-9-P1,2026-06-18 20:40:24+03:00,2026-06-20 12:57:54+03:00,2026-06-22 12:00:00+03:00,149.0,sar,null,,False,2026-06-19 16:14:27+03:00,delivered,PH29082858282S
NSAI60032281873,delivered,noon,False,False,a333a6884093241b02105e3cc8e70c8a,Z273A364140A9BFB55523Z-1,20312010,Z273A364140A9BFB55523Z,,VIP Brown Hair Dye Shampoo 180ml,pzsku/Z273A364140A9BFB55523Z/45/1750981751/3f851815-a0c7-4aa0-b0f7-98582137ad23.jpg,https://z.nooncdn.com/products/tr:n-t_120/pzsku/Z273A364140A9BFB55523Z/45/1750981751/3f851815-a0c7-4aa0-b0f7-98582137ad23.jpg,vip,,['https://z.nooncdn.com/products/tr:n-t_800/pzsku/Z273A364140A9BFB55523Z/45/1750981751/3f851815-a0c7-4aa0-b0f7-98582137ad23.jpg'],NSAI60032281873-1-P1,2026-06-19 01:30:29+03:00,2026-06-20 12:57:54+03:00,2026-06-22 12:00:00+03:00,69.0,sar,null,,False,2026-06-19 16:15:02+03:00,delivered,PH24358247150S
NSAI60052284633,delivered,noon,False,False,a566b4ecb58a36c7e02ed2d226f3ec5a,Z1EDD2CF7F641CD3DCCF1Z-1,Z.17624181574445143,Z1EDD2CF7F641CD3DCCF1Z,,BB LAB Marine Collagen Offer 3 Packs × 30 Sachets – Skin Radiance & Elasticity Support – Anti Wrinkle – Biotin for Hair Skin Nails – Korean Supplement,8fcb8d8c40005bbbba9a7be319324250|pzsku/Z1EDD2CF7F641CD3DCCF1Z/45/1771150186/ccae59a3-bca1-4a0b-ad2e-a82cd7e7aeca.jpg,https://z.nooncdn.com/products/tr:n-t_120/8fcb8d8c40005bbbba9a7be319324250|pzsku/Z1EDD2CF7F641CD3DCCF1Z/45/1771150186/ccae59a3-bca1-4a0b-ad2e-a82cd7e7aeca.jpg,bb_lab,,"['https://z.nooncdn.com/products/tr:n-t_800/8fcb8d8c40005bbbba9a7be319324250|pzsku/Z1EDD2CF7F641CD3DCCF1Z/45/1771150186/ccae59a3-bca1-4a0b-ad2e-a82cd7e7aeca.jpg', 'https://z.nooncdn.com/products/tr:n-t_800/8fcb8d8c40005bbbba9a7be319324250|pzsku/Z1EDD2CF7F641CD3DCCF1Z/45/1771150186/8b161091-8cc2-4b9b-beda-bb2ab0ce46f9.jpg', 'https://z.nooncdn.com/products/tr:n-t_800/8fcb8d8c40005bbbba9a7be319324250|pzsku/Z1EDD2CF7F641CD3DCCF1Z/45/1771150186/325d90e6-15ef-4326-b9a5-6b3e57468a27.jpg', 'https://z.nooncdn.com/products/tr:n-t_800/8fcb8d8c40005bbbba9a7be319324250|pzsku/Z1EDD2CF7F641CD3DCCF1Z/45/1771150186/c2448d6a-e8fe-4440-901a-6133c6a2dfa1.jpg', 'https://z.nooncdn.com/products/tr:n-t_800/8fcb8d8c40005bbbba9a7be319324250|pzsku/Z1EDD2CF7F641CD3DCCF1Z/45/1771150186/48bb76ce-d6ca-4c04-8bf8-fe86c9935b9b.jpg', 'https://z.nooncdn.com/products/tr:n-t_800/8fcb8d8c40005bbbba9a7be319324250|pzsku/Z1EDD2CF7F641CD3DCCF1Z/45/1771150187/f8ed7ba1-003d-4e0e-b632-d2f5e517ada3.jpg', 'https://z.nooncdn.com/products/tr:n-t_800/8fcb8d8c40005bbbba9a7be319324250|pzsku/Z1EDD2CF7F641CD3DCCF1Z/45/1771150186/176e1900-fce1-476f-8dc6-8602908a44bc.jpg', 'https://z.nooncdn.com/products/tr:n-t_800/8fcb8d8c40005bbbba9a7be319324250|pzsku/Z1EDD2CF7F641CD3DCCF1Z/45/1771150186/437ad10d-750a-46fb-a607-0510124cf204.jpg', 'https://z.nooncdn.com/products/tr:n-t_800/8fcb8d8c40005bbbba9a7be319324250|pzsku/Z1EDD2CF7F641CD3DCCF1Z/45/1771150186/f184dd4c-c690-444f-90c0-63100e2b5376.jpg', 'https://z.nooncdn.com/products/tr:n-t_800/8fcb8d8c40005bbbba9a7be319324250|pzsku/Z1EDD2CF7F641CD3DCCF1Z/45/1771150186/368700f8-fdbb-45f9-972a-4123c4550b28.jpg']",NSAI60052284633-2-P1,2026-06-19 10:43:42+03:00,2026-06-20 12:57:54+03:00,2026-06-23 11:00:00+03:00,320.0,sar,null,,False,2026-06-19 16:16:27+03:00,delivered,PH28861080451S
NSAI60052395686,delivered,noon,False,False,a7a87143d2731fbfbf5eb2505217183a,Z83CF89B3821744BA53C7Z-1,20211016,Z83CF89B3821744BA53C7Z,,Dazy Moroccan Tabrikma 500ml – Deep Nourishing Moroccan Body Care Formula,pzsku/Z83CF89B3821744BA53C7Z/45/_/1787658312/84595338-ec60-44d2-b248-ef938153877d.jpg,https://z.nooncdn.com/products/tr:n-t_120/pzsku/Z83CF89B3821744BA53C7Z/45/_/1787658312/84595338-ec60-44d2-b248-ef938153877d.jpg,dazy,,"['https://z.nooncdn.com/products/tr:n-t_800/pzsku/Z83CF89B3821744BA53C7Z/45/_/1787658312/84595338-ec60-44d2-b248-ef938153877d.jpg', 'https://z.nooncdn.com/products/tr:n-t_800/pzsku/Z83CF89B3821744BA53C7Z/45/_/1787658312/828cc9a3-6bac-4592-9bc1-dbc3e2dfad95.jpg']",NSAI60052395686-2-P1,2026-06-19 15:56:31+03:00,2026-06-20 12:57:54+03:00,2026-06-23 11:00:00+03:00,24.96,sar,null,,False,2026-06-19 16:17:18+03:00,delivered,PH21369640662S
NSAI60072902059,delivered,noon,False,False,a8cfcde6d35b621591e9f6ed9671c8aa,ZE591002DBB2E5F80B35CZ-1,Z.17704621264793444.1,ZE591002DBB2E5F80B35CZ,,AOi Matcha Japanese Pure Matcha Powder 100g x 2 | Premium Authentic Green Matcha,8fcb8d8c40005bbbba9a7be319324250|pzsku/ZE591002DBB2E5F80B35CZ/45/1770710447/d0abecb1-e3e7-417e-a774-9527842b27ea.jpg,https://z.nooncdn.com/products/tr:n-t_120/8fcb8d8c40005bbbba9a7be319324250|pzsku/ZE591002DBB2E5F80B35CZ/45/1770710447/d0abecb1-e3e7-417e-a774-9527842b27ea.jpg,aoi,100,"['https://z.nooncdn.com/products/tr:n-t_800/8fcb8d8c40005bbbba9a7be319324250|pzsku/ZE591002DBB2E5F80B35CZ/45/1770710447/d0abecb1-e3e7-417e-a774-9527842b27ea.jpg', 'https://z.nooncdn.com/products/tr:n-t_800/8fcb8d8c40005bbbba9a7be319324250|pzsku/ZE591002DBB2E5F80B35CZ/45/1770710447/f434f8dc-75ed-4ee1-832a-0e4c45c528f9.jpg', 'https://z.nooncdn.com/products/tr:n-t_800/8fcb8d8c40005bbbba9a7be319324250|pzsku/ZE591002DBB2E5F80B35CZ/45/1770710447/b17c19d2-9c60-49c1-a379-5ef415bf4f69.jpg', 'https://z.nooncdn.com/products/tr:n-t_800/8fcb8d8c40005bbbba9a7be319324250|pzsku/ZE591002DBB2E5F80B35CZ/45/1770710447/d72f7d10-9f07-488b-b169-4012159a5e2d.jpg']",NSAI60072902059-1-P1,2026-06-19 02:58:16+03:00,2026-06-20 12:57:54+03:00,2026-06-22 12:00:00+03:00,149.0,sar,null,,False,2026-06-19 16:15:55+03:00,delivered,PH25567126812S
NSAI60072902059,delivered,noon,False,False,a8cfcde6d35b621591e9f6ed9671c8aa,ZE591002DBB2E5F80B35CZ-1,Z.17704621264793444.1,ZE591002DBB2E5F80B35CZ,,AOi Matcha Japanese Pure Matcha Powder 100g x 2 | Premium Authentic Green Matcha,8fcb8d8c40005bbbba9a7be319324250|pzsku/ZE591002DBB2E5F80B35CZ/45/1770710447/d0abecb1-e3e7-417e-a774-9527842b27ea.jpg,https://z.nooncdn.com/products/tr:n-t_120/8fcb8d8c40005bbbba9a7be319324250|pzsku/ZE591002DBB2E5F80B35CZ/45/1770710447/d0abecb1-e3e7-417e-a774-9527842b27ea.jpg,aoi,100,"['https://z.nooncdn.com/products/tr:n-t_800/8fcb8d8c40005bbbba9a7be319324250|pzsku/ZE591002DBB2E5F80B35CZ/45/1770710447/d0abecb1-e3e7-417e-a774-9527842b27ea.jpg', 'https://z.nooncdn.com/products/tr:n-t_800/8fcb8d8c40005bbbba9a7be319324250|pzsku/ZE591002DBB2E5F80B35CZ/45/1770710447/f434f8dc-75ed-4ee1-832a-0e4c45c528f9.jpg', 'https://z.nooncdn.com/products/tr:n-t_800/8fcb8d8c40005bbbba9a7be319324250|pzsku/ZE591002DBB2E5F80B35CZ/45/1770710447/b17c19d2-9c60-49c1-a379-5ef415bf4f69.jpg', 'https://z.nooncdn.com/products/tr:n-t_800/8fcb8d8c40005bbbba9a7be319324250|pzsku/ZE591002DBB2E5F80B35CZ/45/1770710447/d72f7d10-9f07-488b-b169-4012159a5e2d.jpg']",NSAI60072902059-2-P1,2026-06-19 02:58:16+03:00,2026-06-20 12:57:54+03:00,2026-06-22 12:00:00+03:00,149.0,sar,null,,False,2026-06-19 16:15:55+03:00,delivered,PH25567126812S
NSAI60088473830,delivered,noon,False,False,a8cfcde6d35b621591e9f6ed9671c8aa,ZE591002DBB2E5F80B35CZ-1,Z.17704621264793444.1,ZE591002DBB2E5F80B35CZ,,AOi Matcha Japanese Pure Matcha Powder 100g x 2 | Premium Authentic Green Matcha,8fcb8d8c40005bbbba9a7be319324250|pzsku/ZE591002DBB2E5F80B35CZ/45/1770710447/d0abecb1-e3e7-417e-a774-9527842b27ea.jpg,https://z.nooncdn.com/products/tr:n-t_120/8fcb8d8c40005bbbba9a7be319324250|pzsku/ZE591002DBB2E5F80B35CZ/45/1770710447/d0abecb1-e3e7-417e-a774-9527842b27ea.jpg,aoi,100,"['https://z.nooncdn.com/products/tr:n-t_800/8fcb8d8c40005bbbba9a7be319324250|pzsku/ZE591002DBB2E5F80B35CZ/45/1770710447/d0abecb1-e3e7-417e-a774-9527842b27ea.jpg', 'https://z.nooncdn.com/products/tr:n-t_800/8fcb8d8c40005bbbba9a7be319324250|pzsku/ZE591002DBB2E5F80B35CZ/45/1770710447/f434f8dc-75ed-4ee1-832a-0e4c45c528f9.jpg', 'https://z.nooncdn.com/products/tr:n-t_800/8fcb8d8c40005bbbba9a7be319324250|pzsku/ZE591002DBB2E5F80B35CZ/45/1770710447/b17c19d2-9c60-49c1-a379-5ef415bf4f69.jpg', 'https://z.nooncdn.com/products/tr:n-t_800/8fcb8d8c40005bbbba9a7be319324250|pzsku/ZE591002DBB2E5F80B35CZ/45/1770710447/d72f7d10-9f07-488b-b169-4012159a5e2d.jpg']",NSAI60088473830-5-P1,2026-06-18 18:40:00+03:00,2026-06-20 12:57:54+03:00,2026-06-22 12:00:00+03:00,149.0,sar,null,,False,2026-06-18 19:14:00+03:00,delivered,PH22314980148S
NSAI60008568102,delivered,noon,False,False,a2c30dfcf452a2e874200e03ac3ca1aa,ZAA7A1D38C5281ED8A062Z-1,10501078,ZAA7A1D38C5281ED8A062Z,,TURKO BABA  Black mulberry Flavored Drink Powder 300g,pzsku/ZAA7A1D38C5281ED8A062Z/45/1754166637/aff68fcb-7a79-4149-9a62-5805df36ca2d.jpg,https://z.nooncdn.com/products/tr:n-t_120/pzsku/ZAA7A1D38C5281ED8A062Z/45/1754166637/aff68fcb-7a79-4149-9a62-5805df36ca2d.jpg,turko_baba,,"['https://z.nooncdn.com/products/tr:n-t_800/pzsku/ZAA7A1D38C5281ED8A062Z/45/1754166637/aff68fcb-7a79-4149-9a62-5805df36ca2d.jpg', 'https://z.nooncdn.com/products/tr:n-t_800/pzsku/ZAA7A1D38C5281ED8A062Z/45/_/1776502397/e481fc9d-52f8-4c80-be2e-d2b077b11f3b.jpg', 'https://z.nooncdn.com/products/tr:n-t_800/pzsku/ZAA7A1D38C5281ED8A062Z/45/_/1776502397/ad4990bb-f6d2-495d-8ac2-01e031ffbe9e.jpg']",NSAI60008568102-3-P1,2026-06-18 19:54:46+03:00,2026-06-20 12:57:53+03:00,2026-06-22 11:00:00+03:00,29.0,sar,null,,False,2026-06-19 16:13:42+03:00,delivered,PH22234406915S
NSAI60026555050,delivered,noon,False,False,aebb788a9c84ca24afeb208c711c343a,ZEB15203C5A9E956AAA84Z-1,10504006,ZEB15203C5A9E956AAA84Z,6285725009499,Fayfa Lotus Root Drink 60 Tea Bags,pzsku/ZEB15203C5A9E956AAA84Z/45/_/1785154042/587cee7c-5b71-45cc-9a09-3f078b0a3db4.jpg,https://z.nooncdn.com/products/tr:n-t_120/pzsku/ZEB15203C5A9E956AAA84Z/45/_/1785154042/587cee7c-5b71-45cc-9a09-3f078b0a3db4.jpg,fayfa,,"['https://z.nooncdn.com/products/tr:n-t_800/pzsku/ZEB15203C5A9E956AAA84Z/45/_/1785154042/587cee7c-5b71-45cc-9a09-3f078b0a3db4.jpg', 'https://z.nooncdn.com/products/tr:n-t_800/pzsku/ZEB15203C5A9E956AAA84Z/45/_/1785154042/1688e944-e180-4115-ab56-421cbad71cde.jpg', 'https://z.nooncdn.com/products/tr:n-t_800/pzsku/ZEB15203C5A9E956AAA84Z/45/_/1785154042/8d35e425-dc70-43ba-b302-e86da5144302.jpg', 'https://z.nooncdn.com/products/tr:n-t_800/pzsku/ZEB15203C5A9E956AAA84Z/45/_/1785154042/2f20da1a-11af-4966-98b2-45ae54310e1e.jpg', 'https://z.nooncdn.com/products/tr:n-t_800/pzsku/ZEB15203C5A9E956AAA84Z/45/_/1785154042/4655fe08-7874-423c-81c7-ab4d0c2c999c.jpg', 'https://z.nooncdn.com/products/tr:n-t_800/pzsku/ZEB15203C5A9E956AAA84Z/45/_/1785154071/8fd64a80-9969-4136-a901-2e8e1e05f304.jpg', 'https://z.nooncdn.com/products/tr:n-t_800/pzsku/ZEB15203C5A9E956AAA84Z/45/_/1785154071/e425f448-0b7c-49ea-874b-dfbb78f891d5.jpg']",NSAI60026555050-1-P1,2026-06-17 03:49:49+03:00,2026-06-17 11:54:32+03:00,2026-06-20 11:00:00+03:00,175.0,sar,null,,False,2026-06-17 08:53:48+03:00,delivered,PH22815430907S
NSAI60022367705,delivered,noon,False,False,afa3c4da9c08ab077c20b8007c7d727a,ZEA7DCF0AEE98A51D1864Z-1,20301003,ZEA7DCF0AEE98A51D1864Z,,Capelli Beard Growth Serum 30ml – Thickening & Nourishing Beard Care,pzsku/ZEA7DCF0AEE98A51D1864Z/45/_/1775135125/c5c7cf57-c52b-4a64-b09a-001e9a154416.jpg,https://z.nooncdn.com/products/tr:n-t_120/pzsku/ZEA7DCF0AEE98A51D1864Z/45/_/1775135125/c5c7cf57-c52b-4a64-b09a-001e9a154416.jpg,generic,30,"['https://z.nooncdn.com/products/tr:n-t_800/pzsku/ZEA7DCF0AEE98A51D1864Z/45/_/1775135125/c5c7cf57-c52b-4a64-b09a-001e9a154416.jpg', 'https://z.nooncdn.com/products/tr:n-t_800/pzsku/ZEA7DCF0AEE98A51D1864Z/45/_/1775135125/e1b139e3-c8d0-4acc-933c-59b9e1496686.jpg', 'https://z.nooncdn.com/products/tr:n-t_800/pzsku/ZEA7DCF0AEE98A51D1864Z/45/_/1775135125/5d4e23a7-ae4b-43c4-86c1-1f74f975a26f.jpg', 'https://z.nooncdn.com/products/tr:n-t_800/pzsku/ZEA7DCF0AEE98A51D1864Z/45/_/1775135125/631d0ecf-61f8-4069-a69a-36c425ae7b52.jpg']",NSAI60022367705-6-P1,2026-06-15 23:33:38+03:00,2026-06-16 11:23:13+03:00,2026-06-18 11:00:00+03:00,114.0,sar,null,,False,2026-06-16 08:40:39+03:00,delivered,PH22797956917S
NSAI60072347772,delivered,noon,False,False,af16ed7d6ff917a8d67bbc48c9d4efca,Z3BBDDAD1E34663439E25Z-1,20509022,Z3BBDDAD1E34663439E25Z,697794488253,Covix Intimate Wash with Aker Fassi 215 ml,pzsku/Z3BBDDAD1E34663439E25Z/45/1756280067/a2fda77f-9f68-4e82-bfec-ad6e373573f5.jpg,https://z.nooncdn.com/products/tr:n-t_120/pzsku/Z3BBDDAD1E34663439E25Z/45/1756280067/a2fda77f-9f68-4e82-bfec-ad6e373573f5.jpg,covix_care,,['https://z.nooncdn.com/products/tr:n-t_800/pzsku/Z3BBDDAD1E34663439E25Z/45/1756280067/a2fda77f-9f68-4e82-bfec-ad6e373573f5.jpg'],NSAI60072347772-11-P1,2026-06-14 10:59:18+03:00,2026-06-15 11:49:38+03:00,2026-06-16 12:00:00+03:00,29.0,sar,null,,False,2026-06-14 19:55:42+03:00,delivered,PH29992887282S
NSAI60021796804,delivered,noon,False,False,a68a2fdc139c81561a7b614df2676e7a,ZCC7C1610CDC085E61714Z-1,20211065,ZCC7C1610CDC085E61714Z,5285003146480,Moroccan Oil Moroccan Soap with Olive 850 g,8fcb8d8c40005bbbba9a7be319324250|pzsku/ZCC7C1610CDC085E61714Z/45/1771332227/0bebec7a-de5c-4ed4-99a0-363081a02760.jpg,https://z.nooncdn.com/products/tr:n-t_120/8fcb8d8c40005bbbba9a7be319324250|pzsku/ZCC7C1610CDC085E61714Z/45/1771332227/0bebec7a-de5c-4ed4-99a0-363081a02760.jpg,moroccan_oil,,['https://z.nooncdn.com/products/tr:n-t_800/8fcb8d8c40005bbbba9a7be319324250|pzsku/ZCC7C1610CDC085E61714Z/45/1771332227/0bebec7a-de5c-4ed4-99a0-363081a02760.jpg'],NSAI60021796804-6-P1,2026-06-15 03:44:50+03:00,2026-06-15 11:49:37+03:00,2026-06-17 12:00:00+03:00,24.0,sar,null,,False,2026-06-15 08:45:20+03:00,delivered,PH25305164749S
NSAI60042065861,delivered,noon,False,False,a4f25dc80bb9b6a15dba3f974a66431a,N11293158A,20207015,ZBBA921DB00CFB78F00D6Z,,Shea Butter Skin Moisturizer,pzsku/ZFB23DA7A2A5D1F675832Z/45/_/1772787189/39b604b8-310f-4351-92fc-fc8afc60a7aa.jpg,https://z.nooncdn.com/products/tr:n-t_120/pzsku/ZFB23DA7A2A5D1F675832Z/45/_/1772787189/39b604b8-310f-4351-92fc-fc8afc60a7aa.jpg,now,7,"['https://z.nooncdn.com/products/tr:n-t_800/pzsku/ZFB23DA7A2A5D1F675832Z/45/_/1772787189/39b604b8-310f-4351-92fc-fc8afc60a7aa.jpg', 'https://z.nooncdn.com/products/tr:n-t_800/pzsku/ZFB23DA7A2A5D1F675832Z/45/_/1772787189/026104b1-562e-42e4-9f99-5969103b51e6.jpg', 'https://z.nooncdn.com/products/tr:n-t_800/pzsku/ZFB23DA7A2A5D1F675832Z/45/_/1772787188/303a9594-d122-4fdf-87f8-589f878c4ffb.jpg', 'https://z.nooncdn.com/products/tr:n-t_800/pzsku/ZFB23DA7A2A5D1F675832Z/45/_/1772787189/2282245c-92e1-4ca2-bd1f-146f7d0b010b.jpg']",NSAI60042065861-1-P1,2026-06-15 02:13:47+03:00,2026-06-15 11:49:37+03:00,2026-06-18 12:00:00+03:00,46.0,sar,null,,False,2026-06-15 08:44:35+03:00,delivered,PH24713514784S
NSAI60062683587,delivered,noon,False,False,a4f25dc80bb9b6a15dba3f974a66431a,N11293158A,20207015,ZBBA921DB00CFB78F00D6Z,,Shea Butter Skin Moisturizer,pzsku/ZFB23DA7A2A5D1F675832Z/45/_/1772787189/39b604b8-310f-4351-92fc-fc8afc60a7aa.jpg,https://z.nooncdn.com/products/tr:n-t_120/pzsku/ZFB23DA7A2A5D1F675832Z/45/_/1772787189/39b604b8-310f-4351-92fc-fc8afc60a7aa.jpg,now,7,"['https://z.nooncdn.com/products/tr:n-t_800/pzsku/ZFB23DA7A2A5D1F675832Z/45/_/1772787189/39b604b8-310f-4351-92fc-fc8afc60a7aa.jpg', 'https://z.nooncdn.com/products/tr:n-t_800/pzsku/ZFB23DA7A2A5D1F675832Z/45/_/1772787189/026104b1-562e-42e4-9f99-5969103b51e6.jpg', 'https://z.nooncdn.com/products/tr:n-t_800/pzsku/ZFB23DA7A2A5D1F675832Z/45/_/1772787188/303a9594-d122-4fdf-87f8-589f878c4ffb.jpg', 'https://z.nooncdn.com/products/tr:n-t_800/pzsku/ZFB23DA7A2A5D1F675832Z/45/_/1772787189/2282245c-92e1-4ca2-bd1f-146f7d0b010b.jpg']",NSAI60062683587-2-P1,2026-06-15 01:23:05+03:00,2026-06-15 11:49:37+03:00,2026-06-17 11:00:00+03:00,46.0,sar,null,,False,2026-06-15 08:44:56+03:00,delivered,PH22070604629S
NSAI60028295633,delivered,noon,False,False,a2483ab90de23c4fa1ab12314898b9da,Z5C0C1B686EF8A6CFB1FFZ-1,20401021,Z5C0C1B686EF8A6CFB1FFZ,,Akpi Oil – 60ml,pzsku/Z5C0C1B686EF8A6CFB1FFZ/45/_/1785424188/e2f79ace-ff2c-4b03-ab9c-2b4983317a4d.jpg,https://z.nooncdn.com/products/tr:n-t_120/pzsku/Z5C0C1B686EF8A6CFB1FFZ/45/_/1785424188/e2f79ace-ff2c-4b03-ab9c-2b4983317a4d.jpg,fayfa,,"['https://z.nooncdn.com/products/tr:n-t_800/pzsku/Z5C0C1B686EF8A6CFB1FFZ/45/_/1785424188/e2f79ace-ff2c-4b03-ab9c-2b4983317a4d.jpg', 'https://z.nooncdn.com/products/tr:n-t_800/pzsku/Z5C0C1B686EF8A6CFB1FFZ/45/_/1785424204/84fc8b99-015f-45c4-b5ae-26ed0feb8e85.jpg', 'https://z.nooncdn.com/products/tr:n-t_800/pzsku/Z5C0C1B686EF8A6CFB1FFZ/45/_/1785424219/809afd8e-d860-4096-bfc0-9089e0b38ca6.jpg', 'https://z.nooncdn.com/products/tr:n-t_800/pzsku/Z5C0C1B686EF8A6CFB1FFZ/45/_/1785424252/46840046-cd09-46cf-ad32-e4139db5e3ee.jpg', 'https://z.nooncdn.com/products/tr:n-t_800/pzsku/Z5C0C1B686EF8A6CFB1FFZ/45/_/1785424258/5face626-6902-4f3d-a72e-e29f07a82b31.jpg']",NSAI60028295633-1-P1,2026-06-13 21:37:50+03:00,2026-06-14 11:29:03+03:00,2026-06-16 12:00:00+03:00,49.94,sar,null,,False,2026-06-14 08:56:25+03:00,delivered,PH24919167014S
NSAI60028682679,delivered,noon,False,False,abc813ef8a9ea3ba9945e652637a46ca,ZDDBDBC84A8B5F70109ECZ-1,10501140,ZDDBDBC84A8B5F70109ECZ,8692582210681,Rise Blueberry Flavored Drink 300 g,pzsku/ZDDBDBC84A8B5F70109ECZ/45/1755590159/c75ea633-0678-4e7a-919e-d7a027164cee.jpg,https://z.nooncdn.com/products/tr:n-t_120/pzsku/ZDDBDBC84A8B5F70109ECZ/45/1755590159/c75ea633-0678-4e7a-919e-d7a027164cee.jpg,rise,,['https://z.nooncdn.com/products/tr:n-t_800/pzsku/ZDDBDBC84A8B5F70109ECZ/45/1755590159/c75ea633-0678-4e7a-919e-d7a027164cee.jpg'],NSAI60028682679-1-P1,2026-06-14 04:03:27+03:00,2026-06-14 11:29:03+03:00,2026-06-17 12:00:00+03:00,25.13,sar,null,,False,2026-06-14 08:56:51+03:00,delivered,PH26599420847S
NSAI60008566003,delivered,noon,False,False,a605f6c98e92e1dc9d6edafcf16a9b8a,Z4CB8C7A962195B4E2817Z-1,20109084,Z4CB8C7A962195B4E2817Z,,Carotone Brightening Body Cream 300ml – Lightening & Skin Tone Correcting Formula,pzsku/Z4CB8C7A962195B4E2817Z/45/1764146408/8dfdfefd-d6eb-4bc8-ba42-bddc480db24c.jpg,https://z.nooncdn.com/products/tr:n-t_120/pzsku/Z4CB8C7A962195B4E2817Z/45/1764146408/8dfdfefd-d6eb-4bc8-ba42-bddc480db24c.jpg,carotone,300,['https://z.nooncdn.com/products/tr:n-t_800/pzsku/Z4CB8C7A962195B4E2817Z/45/1764146408/8dfdfefd-d6eb-4bc8-ba42-bddc480db24c.jpg'],NSAI60008566003-1-P1,2026-06-12 02:19:57+03:00,2026-06-13 12:35:47+03:00,2026-06-15 11:00:00+03:00,26.0,sar,null,,False,2026-06-12 17:33:51+03:00,delivered,PH21900604116S
NSAI60016427730,delivered,noon,False,False,a4f25dc80bb9b6a15dba3f974a66431a,N11293158A,20207015,ZBBA921DB00CFB78F00D6Z,,Shea Butter Skin Moisturizer,pzsku/ZFB23DA7A2A5D1F675832Z/45/_/1772787189/39b604b8-310f-4351-92fc-fc8afc60a7aa.jpg,https://z.nooncdn.com/products/tr:n-t_120/pzsku/ZFB23DA7A2A5D1F675832Z/45/_/1772787189/39b604b8-310f-4351-92fc-fc8afc60a7aa.jpg,now,7,"['https://z.nooncdn.com/products/tr:n-t_800/pzsku/ZFB23DA7A2A5D1F675832Z/45/_/1772787189/39b604b8-310f-4351-92fc-fc8afc60a7aa.jpg', 'https://z.nooncdn.com/products/tr:n-t_800/pzsku/ZFB23DA7A2A5D1F675832Z/45/_/1772787189/026104b1-562e-42e4-9f99-5969103b51e6.jpg', 'https://z.nooncdn.com/products/tr:n-t_800/pzsku/ZFB23DA7A2A5D1F675832Z/45/_/1772787188/303a9594-d122-4fdf-87f8-589f878c4ffb.jpg', 'https://z.nooncdn.com/products/tr:n-t_800/pzsku/ZFB23DA7A2A5D1F675832Z/45/_/1772787189/2282245c-92e1-4ca2-bd1f-146f7d0b010b.jpg']",NSAI60016427730-2-P1,2026-06-12 02:26:57+03:00,2026-06-13 12:35:47+03:00,2026-06-15 11:00:00+03:00,46.0,sar,null,,False,2026-06-12 17:32:34+03:00,delivered,PH29637981575S
NSAI60063727428,delivered,noon,False,False,a1eeefe561eb58789db1a8d796d0e86a,ZBE614E6BD123567F3C06Z-1,10102096,ZBE614E6BD123567F3C06Z,653871977096,Zaadana Organic Chia Seeds  250 gm,pzsku/ZBE614E6BD123567F3C06Z/45/1752408722/37e28913-59a1-43d6-92c1-52dd62be10b3.jpg,https://z.nooncdn.com/products/tr:n-t_120/pzsku/ZBE614E6BD123567F3C06Z/45/1752408722/37e28913-59a1-43d6-92c1-52dd62be10b3.jpg,zaadana,,['https://z.nooncdn.com/products/tr:n-t_800/pzsku/ZBE614E6BD123567F3C06Z/45/1752408722/37e28913-59a1-43d6-92c1-52dd62be10b3.jpg'],NSAI60063727428-8-P1,2026-06-13 09:16:55+03:00,2026-06-13 12:35:47+03:00,2026-06-15 11:00:00+03:00,29.5,sar,null,,False,2026-06-13 09:30:44+03:00,delivered,PH25801103285S
NSAI60082603775,delivered,noon,False,False,a8cfcde6d35b621591e9f6ed9671c8aa,ZE591002DBB2E5F80B35CZ-1,Z.17704621264793444.1,ZE591002DBB2E5F80B35CZ,,AOi Matcha Japanese Pure Matcha Powder 100g x 2 | Premium Authentic Green Matcha,8fcb8d8c40005bbbba9a7be319324250|pzsku/ZE591002DBB2E5F80B35CZ/45/1770710447/d0abecb1-e3e7-417e-a774-9527842b27ea.jpg,https://z.nooncdn.com/products/tr:n-t_120/8fcb8d8c40005bbbba9a7be319324250|pzsku/ZE591002DBB2E5F80B35CZ/45/1770710447/d0abecb1-e3e7-417e-a774-9527842b27ea.jpg,aoi,100,"['https://z.nooncdn.com/products/tr:n-t_800/8fcb8d8c40005bbbba9a7be319324250|pzsku/ZE591002DBB2E5F80B35CZ/45/1770710447/d0abecb1-e3e7-417e-a774-9527842b27ea.jpg', 'https://z.nooncdn.com/products/tr:n-t_800/8fcb8d8c40005bbbba9a7be319324250|pzsku/ZE591002DBB2E5F80B35CZ/45/1770710447/f434f8dc-75ed-4ee1-832a-0e4c45c528f9.jpg', 'https://z.nooncdn.com/products/tr:n-t_800/8fcb8d8c40005bbbba9a7be319324250|pzsku/ZE591002DBB2E5F80B35CZ/45/1770710447/b17c19d2-9c60-49c1-a379-5ef415bf4f69.jpg', 'https://z.nooncdn.com/products/tr:n-t_800/8fcb8d8c40005bbbba9a7be319324250|pzsku/ZE591002DBB2E5F80B35CZ/45/1770710447/d72f7d10-9f07-488b-b169-4012159a5e2d.jpg']",NSAI60082603775-2-P1,2026-06-13 04:33:03+03:00,2026-06-13 12:35:47+03:00,2026-06-15 11:00:00+03:00,149.0,sar,null,,False,2026-06-13 08:34:49+03:00,delivered,PH21835753906S
NSAI60085074875,delivered,noon,False,False,a8cfcde6d35b621591e9f6ed9671c8aa,ZE591002DBB2E5F80B35CZ-1,Z.17704621264793444.1,ZE591002DBB2E5F80B35CZ,,AOi Matcha Japanese Pure Matcha Powder 100g x 2 | Premium Authentic Green Matcha,8fcb8d8c40005bbbba9a7be319324250|pzsku/ZE591002DBB2E5F80B35CZ/45/1770710447/d0abecb1-e3e7-417e-a774-9527842b27ea.jpg,https://z.nooncdn.com/products/tr:n-t_120/8fcb8d8c40005bbbba9a7be319324250|pzsku/ZE591002DBB2E5F80B35CZ/45/1770710447/d0abecb1-e3e7-417e-a774-9527842b27ea.jpg,aoi,100,"['https://z.nooncdn.com/products/tr:n-t_800/8fcb8d8c40005bbbba9a7be319324250|pzsku/ZE591002DBB2E5F80B35CZ/45/1770710447/d0abecb1-e3e7-417e-a774-9527842b27ea.jpg', 'https://z.nooncdn.com/products/tr:n-t_800/8fcb8d8c40005bbbba9a7be319324250|pzsku/ZE591002DBB2E5F80B35CZ/45/1770710447/f434f8dc-75ed-4ee1-832a-0e4c45c528f9.jpg', 'https://z.nooncdn.com/products/tr:n-t_800/8fcb8d8c40005bbbba9a7be319324250|pzsku/ZE591002DBB2E5F80B35CZ/45/1770710447/b17c19d2-9c60-49c1-a379-5ef415bf4f69.jpg', 'https://z.nooncdn.com/products/tr:n-t_800/8fcb8d8c40005bbbba9a7be319324250|pzsku/ZE591002DBB2E5F80B35CZ/45/1770710447/d72f7d10-9f07-488b-b169-4012159a5e2d.jpg']",NSAI60085074875-1-P1,2026-06-11 22:41:40+03:00,2026-06-13 12:35:47+03:00,2026-06-15 12:00:00+03:00,149.0,sar,null,,False,2026-06-12 17:34:05+03:00,delivered,PH22696696881S
NSAI60090975423,delivered,noon,False,False,a4f25dc80bb9b6a15dba3f974a66431a,N11293158A,20207015,ZBBA921DB00CFB78F00D6Z,,Shea Butter Skin Moisturizer,pzsku/ZFB23DA7A2A5D1F675832Z/45/_/1772787189/39b604b8-310f-4351-92fc-fc8afc60a7aa.jpg,https://z.nooncdn.com/products/tr:n-t_120/pzsku/ZFB23DA7A2A5D1F675832Z/45/_/1772787189/39b604b8-310f-4351-92fc-fc8afc60a7aa.jpg,now,7,"['https://z.nooncdn.com/products/tr:n-t_800/pzsku/ZFB23DA7A2A5D1F675832Z/45/_/1772787189/39b604b8-310f-4351-92fc-fc8afc60a7aa.jpg', 'https://z.nooncdn.com/products/tr:n-t_800/pzsku/ZFB23DA7A2A5D1F675832Z/45/_/1772787189/026104b1-562e-42e4-9f99-5969103b51e6.jpg', 'https://z.nooncdn.com/products/tr:n-t_800/pzsku/ZFB23DA7A2A5D1F675832Z/45/_/1772787188/303a9594-d122-4fdf-87f8-589f878c4ffb.jpg', 'https://z.nooncdn.com/products/tr:n-t_800/pzsku/ZFB23DA7A2A5D1F675832Z/45/_/1772787189/2282245c-92e1-4ca2-bd1f-146f7d0b010b.jpg']",NSAI60090975423-2-P1,2026-06-12 14:07:46+03:00,2026-06-13 12:35:47+03:00,2026-06-16 11:00:00+03:00,46.0,sar,null,,False,2026-06-12 17:34:24+03:00,delivered,PH22386495486S
NSAI60098005009,delivered,noon,False,False,a8cfcde6d35b621591e9f6ed9671c8aa,ZE591002DBB2E5F80B35CZ-1,Z.17704621264793444.1,ZE591002DBB2E5F80B35CZ,,AOi Matcha Japanese Pure Matcha Powder 100g x 2 | Premium Authentic Green Matcha,8fcb8d8c40005bbbba9a7be319324250|pzsku/ZE591002DBB2E5F80B35CZ/45/1770710447/d0abecb1-e3e7-417e-a774-9527842b27ea.jpg,https://z.nooncdn.com/products/tr:n-t_120/8fcb8d8c40005bbbba9a7be319324250|pzsku/ZE591002DBB2E5F80B35CZ/45/1770710447/d0abecb1-e3e7-417e-a774-9527842b27ea.jpg,aoi,100,"['https://z.nooncdn.com/products/tr:n-t_800/8fcb8d8c40005bbbba9a7be319324250|pzsku/ZE591002DBB2E5F80B35CZ/45/1770710447/d0abecb1-e3e7-417e-a774-9527842b27ea.jpg', 'https://z.nooncdn.com/products/tr:n-t_800/8fcb8d8c40005bbbba9a7be319324250|pzsku/ZE591002DBB2E5F80B35CZ/45/1770710447/f434f8dc-75ed-4ee1-832a-0e4c45c528f9.jpg', 'https://z.nooncdn.com/products/tr:n-t_800/8fcb8d8c40005bbbba9a7be319324250|pzsku/ZE591002DBB2E5F80B35CZ/45/1770710447/b17c19d2-9c60-49c1-a379-5ef415bf4f69.jpg', 'https://z.nooncdn.com/products/tr:n-t_800/8fcb8d8c40005bbbba9a7be319324250|pzsku/ZE591002DBB2E5F80B35CZ/45/1770710447/d72f7d10-9f07-488b-b169-4012159a5e2d.jpg']",NSAI60098005009-1-P1,2026-06-13 08:14:32+03:00,2026-06-13 12:35:47+03:00,2026-06-16 11:00:00+03:00,149.0,sar,null,,False,2026-06-13 08:36:05+03:00,delivered,PH29754630100S
NSAI60037503842,delivered,noon,False,False,a8cfcde6d35b621591e9f6ed9671c8aa,ZE591002DBB2E5F80B35CZ-1,Z.17704621264793444.1,ZE591002DBB2E5F80B35CZ,,AOi Matcha Japanese Pure Matcha Powder 100g x 2 | Premium Authentic Green Matcha,8fcb8d8c40005bbbba9a7be319324250|pzsku/ZE591002DBB2E5F80B35CZ/45/1770710447/d0abecb1-e3e7-417e-a774-9527842b27ea.jpg,https://z.nooncdn.com/products/tr:n-t_120/8fcb8d8c40005bbbba9a7be319324250|pzsku/ZE591002DBB2E5F80B35CZ/45/1770710447/d0abecb1-e3e7-417e-a774-9527842b27ea.jpg,aoi,100,"['https://z.nooncdn.com/products/tr:n-t_800/8fcb8d8c40005bbbba9a7be319324250|pzsku/ZE591002DBB2E5F80B35CZ/45/1770710447/d0abecb1-e3e7-417e-a774-9527842b27ea.jpg', 'https://z.nooncdn.com/products/tr:n-t_800/8fcb8d8c40005bbbba9a7be319324250|pzsku/ZE591002DBB2E5F80B35CZ/45/1770710447/f434f8dc-75ed-4ee1-832a-0e4c45c528f9.jpg', 'https://z.nooncdn.com/products/tr:n-t_800/8fcb8d8c40005bbbba9a7be319324250|pzsku/ZE591002DBB2E5F80B35CZ/45/1770710447/b17c19d2-9c60-49c1-a379-5ef415bf4f69.jpg', 'https://z.nooncdn.com/products/tr:n-t_800/8fcb8d8c40005bbbba9a7be319324250|pzsku/ZE591002DBB2E5F80B35CZ/45/1770710447/d72f7d10-9f07-488b-b169-4012159a5e2d.jpg']",NSAI60037503842-3-P1,2026-06-11 00:32:03+03:00,2026-06-11 11:59:48+03:00,2026-06-14 11:00:00+03:00,149.0,sar,null,,False,2026-06-11 08:55:53+03:00,delivered,PH26232255085S
NSAI60046847515,delivered,noon,False,False,a4f25dc80bb9b6a15dba3f974a66431a,N11293158A,20207015,ZBBA921DB00CFB78F00D6Z,,Shea Butter Skin Moisturizer,pzsku/ZFB23DA7A2A5D1F675832Z/45/_/1772787189/39b604b8-310f-4351-92fc-fc8afc60a7aa.jpg,https://z.nooncdn.com/products/tr:n-t_120/pzsku/ZFB23DA7A2A5D1F675832Z/45/_/1772787189/39b604b8-310f-4351-92fc-fc8afc60a7aa.jpg,now,7,"['https://z.nooncdn.com/products/tr:n-t_800/pzsku/ZFB23DA7A2A5D1F675832Z/45/_/1772787189/39b604b8-310f-4351-92fc-fc8afc60a7aa.jpg', 'https://z.nooncdn.com/products/tr:n-t_800/pzsku/ZFB23DA7A2A5D1F675832Z/45/_/1772787189/026104b1-562e-42e4-9f99-5969103b51e6.jpg', 'https://z.nooncdn.com/products/tr:n-t_800/pzsku/ZFB23DA7A2A5D1F675832Z/45/_/1772787188/303a9594-d122-4fdf-87f8-589f878c4ffb.jpg', 'https://z.nooncdn.com/products/tr:n-t_800/pzsku/ZFB23DA7A2A5D1F675832Z/45/_/1772787189/2282245c-92e1-4ca2-bd1f-146f7d0b010b.jpg']",NSAI60046847515-1-P1,2026-06-11 00:24:13+03:00,2026-06-11 11:59:48+03:00,2026-06-14 12:00:00+03:00,46.0,sar,null,,False,2026-06-11 08:55:28+03:00,delivered,PH26104256591S
NSAI60046847515,delivered,noon,False,False,a4f25dc80bb9b6a15dba3f974a66431a,N11293158A,20207015,ZBBA921DB00CFB78F00D6Z,,Shea Butter Skin Moisturizer,pzsku/ZFB23DA7A2A5D1F675832Z/45/_/1772787189/39b604b8-310f-4351-92fc-fc8afc60a7aa.jpg,https://z.nooncdn.com/products/tr:n-t_120/pzsku/ZFB23DA7A2A5D1F675832Z/45/_/1772787189/39b604b8-310f-4351-92fc-fc8afc60a7aa.jpg,now,7,"['https://z.nooncdn.com/products/tr:n-t_800/pzsku/ZFB23DA7A2A5D1F675832Z/45/_/1772787189/39b604b8-310f-4351-92fc-fc8afc60a7aa.jpg', 'https://z.nooncdn.com/products/tr:n-t_800/pzsku/ZFB23DA7A2A5D1F675832Z/45/_/1772787189/026104b1-562e-42e4-9f99-5969103b51e6.jpg', 'https://z.nooncdn.com/products/tr:n-t_800/pzsku/ZFB23DA7A2A5D1F675832Z/45/_/1772787188/303a9594-d122-4fdf-87f8-589f878c4ffb.jpg', 'https://z.nooncdn.com/products/tr:n-t_800/pzsku/ZFB23DA7A2A5D1F675832Z/45/_/1772787189/2282245c-92e1-4ca2-bd1f-146f7d0b010b.jpg']",NSAI60046847515-2-P1,2026-06-11 00:24:13+03:00,2026-06-11 11:59:48+03:00,2026-06-14 12:00:00+03:00,46.0,sar,null,,False,2026-06-11 08:55:28+03:00,delivered,PH26104256591S
NSAI60089527537,delivered,noon,False,False,a8cfcde6d35b621591e9f6ed9671c8aa,ZE591002DBB2E5F80B35CZ-1,Z.17704621264793444.1,ZE591002DBB2E5F80B35CZ,,AOi Matcha Japanese Pure Matcha Powder 100g x 2 | Premium Authentic Green Matcha,8fcb8d8c40005bbbba9a7be319324250|pzsku/ZE591002DBB2E5F80B35CZ/45/1770710447/d0abecb1-e3e7-417e-a774-9527842b27ea.jpg,https://z.nooncdn.com/products/tr:n-t_120/8fcb8d8c40005bbbba9a7be319324250|pzsku/ZE591002DBB2E5F80B35CZ/45/1770710447/d0abecb1-e3e7-417e-a774-9527842b27ea.jpg,aoi,100,"['https://z.nooncdn.com/products/tr:n-t_800/8fcb8d8c40005bbbba9a7be319324250|pzsku/ZE591002DBB2E5F80B35CZ/45/1770710447/d0abecb1-e3e7-417e-a774-9527842b27ea.jpg', 'https://z.nooncdn.com/products/tr:n-t_800/8fcb8d8c40005bbbba9a7be319324250|pzsku/ZE591002DBB2E5F80B35CZ/45/1770710447/f434f8dc-75ed-4ee1-832a-0e4c45c528f9.jpg', 'https://z.nooncdn.com/products/tr:n-t_800/8fcb8d8c40005bbbba9a7be319324250|pzsku/ZE591002DBB2E5F80B35CZ/45/1770710447/b17c19d2-9c60-49c1-a379-5ef415bf4f69.jpg', 'https://z.nooncdn.com/products/tr:n-t_800/8fcb8d8c40005bbbba9a7be319324250|pzsku/ZE591002DBB2E5F80B35CZ/45/1770710447/d72f7d10-9f07-488b-b169-4012159a5e2d.jpg']",NSAI60089527537-1-P1,2026-06-10 14:15:17+03:00,2026-06-11 11:59:48+03:00,2026-06-14 11:00:00+03:00,149.0,sar,null,,False,2026-06-10 18:55:51+03:00,delivered,PH21679035268S
NSAI60090162401,delivered,noon,False,False,a4f25dc80bb9b6a15dba3f974a66431a,N11293158A,20207015,ZBBA921DB00CFB78F00D6Z,,Shea Butter Skin Moisturizer,pzsku/ZFB23DA7A2A5D1F675832Z/45/_/1772787189/39b604b8-310f-4351-92fc-fc8afc60a7aa.jpg,https://z.nooncdn.com/products/tr:n-t_120/pzsku/ZFB23DA7A2A5D1F675832Z/45/_/1772787189/39b604b8-310f-4351-92fc-fc8afc60a7aa.jpg,now,7,"['https://z.nooncdn.com/products/tr:n-t_800/pzsku/ZFB23DA7A2A5D1F675832Z/45/_/1772787189/39b604b8-310f-4351-92fc-fc8afc60a7aa.jpg', 'https://z.nooncdn.com/products/tr:n-t_800/pzsku/ZFB23DA7A2A5D1F675832Z/45/_/1772787189/026104b1-562e-42e4-9f99-5969103b51e6.jpg', 'https://z.nooncdn.com/products/tr:n-t_800/pzsku/ZFB23DA7A2A5D1F675832Z/45/_/1772787188/303a9594-d122-4fdf-87f8-589f878c4ffb.jpg', 'https://z.nooncdn.com/products/tr:n-t_800/pzsku/ZFB23DA7A2A5D1F675832Z/45/_/1772787189/2282245c-92e1-4ca2-bd1f-146f7d0b010b.jpg']",NSAI60090162401-3-P1,2026-06-10 14:14:48+03:00,2026-06-11 11:59:48+03:00,2026-06-14 11:00:00+03:00,46.0,sar,null,,False,2026-06-10 18:56:19+03:00,delivered,PH21325038094S
NSAI60034243164,delivered,noon,False,False,a4f25dc80bb9b6a15dba3f974a66431a,N11293158A,20207015,ZBBA921DB00CFB78F00D6Z,,Shea Butter Skin Moisturizer,pzsku/ZFB23DA7A2A5D1F675832Z/45/_/1772787189/39b604b8-310f-4351-92fc-fc8afc60a7aa.jpg,https://z.nooncdn.com/products/tr:n-t_120/pzsku/ZFB23DA7A2A5D1F675832Z/45/_/1772787189/39b604b8-310f-4351-92fc-fc8afc60a7aa.jpg,now,7,"['https://z.nooncdn.com/products/tr:n-t_800/pzsku/ZFB23DA7A2A5D1F675832Z/45/_/1772787189/39b604b8-310f-4351-92fc-fc8afc60a7aa.jpg', 'https://z.nooncdn.com/products/tr:n-t_800/pzsku/ZFB23DA7A2A5D1F675832Z/45/_/1772787189/026104b1-562e-42e4-9f99-5969103b51e6.jpg', 'https://z.nooncdn.com/products/tr:n-t_800/pzsku/ZFB23DA7A2A5D1F675832Z/45/_/1772787188/303a9594-d122-4fdf-87f8-589f878c4ffb.jpg', 'https://z.nooncdn.com/products/tr:n-t_800/pzsku/ZFB23DA7A2A5D1F675832Z/45/_/1772787189/2282245c-92e1-4ca2-bd1f-146f7d0b010b.jpg']",NSAI60034243164-7-P1,2026-06-11 05:55:56+03:00,2026-06-11 11:59:47+03:00,2026-06-14 12:00:00+03:00,46.0,sar,null,,False,2026-06-11 08:56:34+03:00,delivered,PH24450015235S
NSAI60069753823,delivered,noon,False,False,a8cfcde6d35b621591e9f6ed9671c8aa,ZE591002DBB2E5F80B35CZ-1,Z.17704621264793444.1,ZE591002DBB2E5F80B35CZ,,AOi Matcha Japanese Pure Matcha Powder 100g x 2 | Premium Authentic Green Matcha,8fcb8d8c40005bbbba9a7be319324250|pzsku/ZE591002DBB2E5F80B35CZ/45/1770710447/d0abecb1-e3e7-417e-a774-9527842b27ea.jpg,https://z.nooncdn.com/products/tr:n-t_120/8fcb8d8c40005bbbba9a7be319324250|pzsku/ZE591002DBB2E5F80B35CZ/45/1770710447/d0abecb1-e3e7-417e-a774-9527842b27ea.jpg,aoi,100,"['https://z.nooncdn.com/products/tr:n-t_800/8fcb8d8c40005bbbba9a7be319324250|pzsku/ZE591002DBB2E5F80B35CZ/45/1770710447/d0abecb1-e3e7-417e-a774-9527842b27ea.jpg', 'https://z.nooncdn.com/products/tr:n-t_800/8fcb8d8c40005bbbba9a7be319324250|pzsku/ZE591002DBB2E5F80B35CZ/45/1770710447/f434f8dc-75ed-4ee1-832a-0e4c45c528f9.jpg', 'https://z.nooncdn.com/products/tr:n-t_800/8fcb8d8c40005bbbba9a7be319324250|pzsku/ZE591002DBB2E5F80B35CZ/45/1770710447/b17c19d2-9c60-49c1-a379-5ef415bf4f69.jpg', 'https://z.nooncdn.com/products/tr:n-t_800/8fcb8d8c40005bbbba9a7be319324250|pzsku/ZE591002DBB2E5F80B35CZ/45/1770710447/d72f7d10-9f07-488b-b169-4012159a5e2d.jpg']",NSAI60069753823-1-P1,2026-06-09 21:41:07+03:00,2026-06-10 11:29:47+03:00,2026-06-13 12:00:00+03:00,149.0,sar,null,,False,2026-06-10 08:57:45+03:00,delivered,PH27650973102S
NSAI60019198972,delivered,noon,False,False,a4f25dc80bb9b6a15dba3f974a66431a,N11293158A,20207015,ZBBA921DB00CFB78F00D6Z,,Shea Butter Skin Moisturizer,pzsku/ZFB23DA7A2A5D1F675832Z/45/_/1772787189/39b604b8-310f-4351-92fc-fc8afc60a7aa.jpg,https://z.nooncdn.com/products/tr:n-t_120/pzsku/ZFB23DA7A2A5D1F675832Z/45/_/1772787189/39b604b8-310f-4351-92fc-fc8afc60a7aa.jpg,now,7,"['https://z.nooncdn.com/products/tr:n-t_800/pzsku/ZFB23DA7A2A5D1F675832Z/45/_/1772787189/39b604b8-310f-4351-92fc-fc8afc60a7aa.jpg', 'https://z.nooncdn.com/products/tr:n-t_800/pzsku/ZFB23DA7A2A5D1F675832Z/45/_/1772787189/026104b1-562e-42e4-9f99-5969103b51e6.jpg', 'https://z.nooncdn.com/products/tr:n-t_800/pzsku/ZFB23DA7A2A5D1F675832Z/45/_/1772787188/303a9594-d122-4fdf-87f8-589f878c4ffb.jpg', 'https://z.nooncdn.com/products/tr:n-t_800/pzsku/ZFB23DA7A2A5D1F675832Z/45/_/1772787189/2282245c-92e1-4ca2-bd1f-146f7d0b010b.jpg']",NSAI60019198972-2-P1,2026-06-09 21:12:10+03:00,2026-06-10 11:29:46+03:00,2026-06-13 12:00:00+03:00,46.0,sar,null,,False,2026-06-10 08:57:11+03:00,delivered,PH25272447977S
NSAI60022144417,delivered,noon,False,False,a566b4ecb58a36c7e02ed2d226f3ec5a,Z1EDD2CF7F641CD3DCCF1Z-1,Z.17624181574445143,Z1EDD2CF7F641CD3DCCF1Z,,BB LAB Marine Collagen Offer 3 Packs × 30 Sachets – Skin Radiance & Elasticity Support – Anti Wrinkle – Biotin for Hair Skin Nails – Korean Supplement,8fcb8d8c40005bbbba9a7be319324250|pzsku/Z1EDD2CF7F641CD3DCCF1Z/45/1771150186/ccae59a3-bca1-4a0b-ad2e-a82cd7e7aeca.jpg,https://z.nooncdn.com/products/tr:n-t_120/8fcb8d8c40005bbbba9a7be319324250|pzsku/Z1EDD2CF7F641CD3DCCF1Z/45/1771150186/ccae59a3-bca1-4a0b-ad2e-a82cd7e7aeca.jpg,bb_lab,,"['https://z.nooncdn.com/products/tr:n-t_800/8fcb8d8c40005bbbba9a7be319324250|pzsku/Z1EDD2CF7F641CD3DCCF1Z/45/1771150186/ccae59a3-bca1-4a0b-ad2e-a82cd7e7aeca.jpg', 'https://z.nooncdn.com/products/tr:n-t_800/8fcb8d8c40005bbbba9a7be319324250|pzsku/Z1EDD2CF7F641CD3DCCF1Z/45/1771150186/8b161091-8cc2-4b9b-beda-bb2ab0ce46f9.jpg', 'https://z.nooncdn.com/products/tr:n-t_800/8fcb8d8c40005bbbba9a7be319324250|pzsku/Z1EDD2CF7F641CD3DCCF1Z/45/1771150186/325d90e6-15ef-4326-b9a5-6b3e57468a27.jpg', 'https://z.nooncdn.com/products/tr:n-t_800/8fcb8d8c40005bbbba9a7be319324250|pzsku/Z1EDD2CF7F641CD3DCCF1Z/45/1771150186/c2448d6a-e8fe-4440-901a-6133c6a2dfa1.jpg', 'https://z.nooncdn.com/products/tr:n-t_800/8fcb8d8c40005bbbba9a7be319324250|pzsku/Z1EDD2CF7F641CD3DCCF1Z/45/1771150186/48bb76ce-d6ca-4c04-8bf8-fe86c9935b9b.jpg', 'https://z.nooncdn.com/products/tr:n-t_800/8fcb8d8c40005bbbba9a7be319324250|pzsku/Z1EDD2CF7F641CD3DCCF1Z/45/1771150187/f8ed7ba1-003d-4e0e-b632-d2f5e517ada3.jpg', 'https://z.nooncdn.com/products/tr:n-t_800/8fcb8d8c40005bbbba9a7be319324250|pzsku/Z1EDD2CF7F641CD3DCCF1Z/45/1771150186/176e1900-fce1-476f-8dc6-8602908a44bc.jpg', 'https://z.nooncdn.com/products/tr:n-t_800/8fcb8d8c40005bbbba9a7be319324250|pzsku/Z1EDD2CF7F641CD3DCCF1Z/45/1771150186/437ad10d-750a-46fb-a607-0510124cf204.jpg', 'https://z.nooncdn.com/products/tr:n-t_800/8fcb8d8c40005bbbba9a7be319324250|pzsku/Z1EDD2CF7F641CD3DCCF1Z/45/1771150186/f184dd4c-c690-444f-90c0-63100e2b5376.jpg', 'https://z.nooncdn.com/products/tr:n-t_800/8fcb8d8c40005bbbba9a7be319324250|pzsku/Z1EDD2CF7F641CD3DCCF1Z/45/1771150186/368700f8-fdbb-45f9-972a-4123c4550b28.jpg']",NSAI60022144417-1-P1,2026-06-10 00:04:43+03:00,2026-06-10 11:29:46+03:00,2026-06-13 11:00:00+03:00,320.0,sar,null,,False,2026-06-10 08:56:18+03:00,delivered,PH29920616592S
NSAI60022144417,delivered,noon,False,False,a566b4ecb58a36c7e02ed2d226f3ec5a,Z1EDD2CF7F641CD3DCCF1Z-1,Z.17624181574445143,Z1EDD2CF7F641CD3DCCF1Z,,BB LAB Marine Collagen Offer 3 Packs × 30 Sachets – Skin Radiance & Elasticity Support – Anti Wrinkle – Biotin for Hair Skin Nails – Korean Supplement,8fcb8d8c40005bbbba9a7be319324250|pzsku/Z1EDD2CF7F641CD3DCCF1Z/45/1771150186/ccae59a3-bca1-4a0b-ad2e-a82cd7e7aeca.jpg,https://z.nooncdn.com/products/tr:n-t_120/8fcb8d8c40005bbbba9a7be319324250|pzsku/Z1EDD2CF7F641CD3DCCF1Z/45/1771150186/ccae59a3-bca1-4a0b-ad2e-a82cd7e7aeca.jpg,bb_lab,,"['https://z.nooncdn.com/products/tr:n-t_800/8fcb8d8c40005bbbba9a7be319324250|pzsku/Z1EDD2CF7F641CD3DCCF1Z/45/1771150186/ccae59a3-bca1-4a0b-ad2e-a82cd7e7aeca.jpg', 'https://z.nooncdn.com/products/tr:n-t_800/8fcb8d8c40005bbbba9a7be319324250|pzsku/Z1EDD2CF7F641CD3DCCF1Z/45/1771150186/8b161091-8cc2-4b9b-beda-bb2ab0ce46f9.jpg', 'https://z.nooncdn.com/products/tr:n-t_800/8fcb8d8c40005bbbba9a7be319324250|pzsku/Z1EDD2CF7F641CD3DCCF1Z/45/1771150186/325d90e6-15ef-4326-b9a5-6b3e57468a27.jpg', 'https://z.nooncdn.com/products/tr:n-t_800/8fcb8d8c40005bbbba9a7be319324250|pzsku/Z1EDD2CF7F641CD3DCCF1Z/45/1771150186/c2448d6a-e8fe-4440-901a-6133c6a2dfa1.jpg', 'https://z.nooncdn.com/products/tr:n-t_800/8fcb8d8c40005bbbba9a7be319324250|pzsku/Z1EDD2CF7F641CD3DCCF1Z/45/1771150186/48bb76ce-d6ca-4c04-8bf8-fe86c9935b9b.jpg', 'https://z.nooncdn.com/products/tr:n-t_800/8fcb8d8c40005bbbba9a7be319324250|pzsku/Z1EDD2CF7F641CD3DCCF1Z/45/1771150187/f8ed7ba1-003d-4e0e-b632-d2f5e517ada3.jpg', 'https://z.nooncdn.com/products/tr:n-t_800/8fcb8d8c40005bbbba9a7be319324250|pzsku/Z1EDD2CF7F641CD3DCCF1Z/45/1771150186/176e1900-fce1-476f-8dc6-8602908a44bc.jpg', 'https://z.nooncdn.com/products/tr:n-t_800/8fcb8d8c40005bbbba9a7be319324250|pzsku/Z1EDD2CF7F641CD3DCCF1Z/45/1771150186/437ad10d-750a-46fb-a607-0510124cf204.jpg', 'https://z.nooncdn.com/products/tr:n-t_800/8fcb8d8c40005bbbba9a7be319324250|pzsku/Z1EDD2CF7F641CD3DCCF1Z/45/1771150186/f184dd4c-c690-444f-90c0-63100e2b5376.jpg', 'https://z.nooncdn.com/products/tr:n-t_800/8fcb8d8c40005bbbba9a7be319324250|pzsku/Z1EDD2CF7F641CD3DCCF1Z/45/1771150186/368700f8-fdbb-45f9-972a-4123c4550b28.jpg']",NSAI60022144417-2-P1,2026-06-10 00:04:43+03:00,2026-06-10 11:29:46+03:00,2026-06-13 11:00:00+03:00,320.0,sar,null,,False,2026-06-10 08:56:18+03:00,delivered,PH29920616592S
NSAI60035767852,delivered,noon,False,False,a4f25dc80bb9b6a15dba3f974a66431a,N11293158A,20207015,ZBBA921DB00CFB78F00D6Z,,Shea Butter Skin Moisturizer,pzsku/ZFB23DA7A2A5D1F675832Z/45/_/1772787189/39b604b8-310f-4351-92fc-fc8afc60a7aa.jpg,https://z.nooncdn.com/products/tr:n-t_120/pzsku/ZFB23DA7A2A5D1F675832Z/45/_/1772787189/39b604b8-310f-4351-92fc-fc8afc60a7aa.jpg,now,7,"['https://z.nooncdn.com/products/tr:n-t_800/pzsku/ZFB23DA7A2A5D1F675832Z/45/_/1772787189/39b604b8-310f-4351-92fc-fc8afc60a7aa.jpg', 'https://z.nooncdn.com/products/tr:n-t_800/pzsku/ZFB23DA7A2A5D1F675832Z/45/_/1772787189/026104b1-562e-42e4-9f99-5969103b51e6.jpg', 'https://z.nooncdn.com/products/tr:n-t_800/pzsku/ZFB23DA7A2A5D1F675832Z/45/_/1772787188/303a9594-d122-4fdf-87f8-589f878c4ffb.jpg', 'https://z.nooncdn.com/products/tr:n-t_800/pzsku/ZFB23DA7A2A5D1F675832Z/45/_/1772787189/2282245c-92e1-4ca2-bd1f-146f7d0b010b.jpg']",NSAI60035767852-1-P1,2026-06-10 07:37:38+03:00,2026-06-10 11:29:46+03:00,2026-06-13 11:00:00+03:00,46.0,sar,null,,False,2026-06-10 08:52:49+03:00,delivered,PH23559592559S
NSAI60028397299,delivered,noon,False,False,afceed6a6a896714f57e709d83f71f3a,Z8A9BBD7A50F2741CB0C2Z-1,10602007,Z8A9BBD7A50F2741CB0C2Z,048176661021,Mantova Organic Apple Cider Vinegar 1000 ml,pzsku/Z8A9BBD7A50F2741CB0C2Z/45/1756296383/1bdaf3a7-8eee-44ee-8514-c2372686d631.jpg,https://z.nooncdn.com/products/tr:n-t_120/pzsku/Z8A9BBD7A50F2741CB0C2Z/45/1756296383/1bdaf3a7-8eee-44ee-8514-c2372686d631.jpg,mantova,,['https://z.nooncdn.com/products/tr:n-t_800/pzsku/Z8A9BBD7A50F2741CB0C2Z/45/1756296383/1bdaf3a7-8eee-44ee-8514-c2372686d631.jpg'],NSAI60028397299-1-P1,2026-06-09 00:12:42+03:00,2026-06-09 12:00:47+03:00,2026-06-11 12:00:00+03:00,36.66,sar,null,,False,2026-06-09 09:17:26+03:00,delivered,PH23476595507S
NSAI60028397299,delivered,noon,False,False,afceed6a6a896714f57e709d83f71f3a,Z8A9BBD7A50F2741CB0C2Z-1,10602007,Z8A9BBD7A50F2741CB0C2Z,048176661021,Mantova Organic Apple Cider Vinegar 1000 ml,pzsku/Z8A9BBD7A50F2741CB0C2Z/45/1756296383/1bdaf3a7-8eee-44ee-8514-c2372686d631.jpg,https://z.nooncdn.com/products/tr:n-t_120/pzsku/Z8A9BBD7A50F2741CB0C2Z/45/1756296383/1bdaf3a7-8eee-44ee-8514-c2372686d631.jpg,mantova,,['https://z.nooncdn.com/products/tr:n-t_800/pzsku/Z8A9BBD7A50F2741CB0C2Z/45/1756296383/1bdaf3a7-8eee-44ee-8514-c2372686d631.jpg'],NSAI60028397299-2-P1,2026-06-09 00:12:42+03:00,2026-06-09 12:00:47+03:00,2026-06-11 12:00:00+03:00,36.66,sar,null,,False,2026-06-09 09:17:26+03:00,delivered,PH23476595507S
NSAI60028397299,delivered,noon,False,False,afceed6a6a896714f57e709d83f71f3a,Z8A9BBD7A50F2741CB0C2Z-1,10602007,Z8A9BBD7A50F2741CB0C2Z,048176661021,Mantova Organic Apple Cider Vinegar 1000 ml,pzsku/Z8A9BBD7A50F2741CB0C2Z/45/1756296383/1bdaf3a7-8eee-44ee-8514-c2372686d631.jpg,https://z.nooncdn.com/products/tr:n-t_120/pzsku/Z8A9BBD7A50F2741CB0C2Z/45/1756296383/1bdaf3a7-8eee-44ee-8514-c2372686d631.jpg,mantova,,['https://z.nooncdn.com/products/tr:n-t_800/pzsku/Z8A9BBD7A50F2741CB0C2Z/45/1756296383/1bdaf3a7-8eee-44ee-8514-c2372686d631.jpg'],NSAI60028397299-3-P1,2026-06-09 00:12:42+03:00,2026-06-09 12:00:47+03:00,2026-06-11 12:00:00+03:00,36.66,sar,null,,False,2026-06-09 09:17:26+03:00,delivered,PH23476595507S
NSAI60028397299,delivered,noon,False,False,afceed6a6a896714f57e709d83f71f3a,Z8A9BBD7A50F2741CB0C2Z-1,10602007,Z8A9BBD7A50F2741CB0C2Z,048176661021,Mantova Organic Apple Cider Vinegar 1000 ml,pzsku/Z8A9BBD7A50F2741CB0C2Z/45/1756296383/1bdaf3a7-8eee-44ee-8514-c2372686d631.jpg,https://z.nooncdn.com/products/tr:n-t_120/pzsku/Z8A9BBD7A50F2741CB0C2Z/45/1756296383/1bdaf3a7-8eee-44ee-8514-c2372686d631.jpg,mantova,,['https://z.nooncdn.com/products/tr:n-t_800/pzsku/Z8A9BBD7A50F2741CB0C2Z/45/1756296383/1bdaf3a7-8eee-44ee-8514-c2372686d631.jpg'],NSAI60028397299-4-P1,2026-06-09 00:12:42+03:00,2026-06-09 12:00:47+03:00,2026-06-11 12:00:00+03:00,36.66,sar,null,,False,2026-06-09 09:17:26+03:00,delivered,PH23476595507S
NSAI60028397299,delivered,noon,False,False,afceed6a6a896714f57e709d83f71f3a,Z8A9BBD7A50F2741CB0C2Z-1,10602007,Z8A9BBD7A50F2741CB0C2Z,048176661021,Mantova Organic Apple Cider Vinegar 1000 ml,pzsku/Z8A9BBD7A50F2741CB0C2Z/45/1756296383/1bdaf3a7-8eee-44ee-8514-c2372686d631.jpg,https://z.nooncdn.com/products/tr:n-t_120/pzsku/Z8A9BBD7A50F2741CB0C2Z/45/1756296383/1bdaf3a7-8eee-44ee-8514-c2372686d631.jpg,mantova,,['https://z.nooncdn.com/products/tr:n-t_800/pzsku/Z8A9BBD7A50F2741CB0C2Z/45/1756296383/1bdaf3a7-8eee-44ee-8514-c2372686d631.jpg'],NSAI60028397299-5-P1,2026-06-09 00:12:42+03:00,2026-06-09 12:00:47+03:00,2026-06-11 12:00:00+03:00,36.66,sar,null,,False,2026-06-09 09:17:26+03:00,delivered,PH23476595507S
NSAI60028397299,delivered,noon,False,False,afceed6a6a896714f57e709d83f71f3a,Z8A9BBD7A50F2741CB0C2Z-1,10602007,Z8A9BBD7A50F2741CB0C2Z,048176661021,Mantova Organic Apple Cider Vinegar 1000 ml,pzsku/Z8A9BBD7A50F2741CB0C2Z/45/1756296383/1bdaf3a7-8eee-44ee-8514-c2372686d631.jpg,https://z.nooncdn.com/products/tr:n-t_120/pzsku/Z8A9BBD7A50F2741CB0C2Z/45/1756296383/1bdaf3a7-8eee-44ee-8514-c2372686d631.jpg,mantova,,['https://z.nooncdn.com/products/tr:n-t_800/pzsku/Z8A9BBD7A50F2741CB0C2Z/45/1756296383/1bdaf3a7-8eee-44ee-8514-c2372686d631.jpg'],NSAI60028397299-6-P1,2026-06-09 00:12:42+03:00,2026-06-09 12:00:47+03:00,2026-06-11 12:00:00+03:00,36.66,sar,null,,False,2026-06-09 09:17:26+03:00,delivered,PH23476595507S
NSAI60036963663,delivered,noon,False,False,a8cfcde6d35b621591e9f6ed9671c8aa,ZE591002DBB2E5F80B35CZ-1,Z.17704621264793444.1,ZE591002DBB2E5F80B35CZ,,AOi Matcha Japanese Pure Matcha Powder 100g x 2 | Premium Authentic Green Matcha,8fcb8d8c40005bbbba9a7be319324250|pzsku/ZE591002DBB2E5F80B35CZ/45/1770710447/d0abecb1-e3e7-417e-a774-9527842b27ea.jpg,https://z.nooncdn.com/products/tr:n-t_120/8fcb8d8c40005bbbba9a7be319324250|pzsku/ZE591002DBB2E5F80B35CZ/45/1770710447/d0abecb1-e3e7-417e-a774-9527842b27ea.jpg,aoi,100,"['https://z.nooncdn.com/products/tr:n-t_800/8fcb8d8c40005bbbba9a7be319324250|pzsku/ZE591002DBB2E5F80B35CZ/45/1770710447/d0abecb1-e3e7-417e-a774-9527842b27ea.jpg', 'https://z.nooncdn.com/products/tr:n-t_800/8fcb8d8c40005bbbba9a7be319324250|pzsku/ZE591002DBB2E5F80B35CZ/45/1770710447/f434f8dc-75ed-4ee1-832a-0e4c45c528f9.jpg', 'https://z.nooncdn.com/products/tr:n-t_800/8fcb8d8c40005bbbba9a7be319324250|pzsku/ZE591002DBB2E5F80B35CZ/45/1770710447/b17c19d2-9c60-49c1-a379-5ef415bf4f69.jpg', 'https://z.nooncdn.com/products/tr:n-t_800/8fcb8d8c40005bbbba9a7be319324250|pzsku/ZE591002DBB2E5F80B35CZ/45/1770710447/d72f7d10-9f07-488b-b169-4012159a5e2d.jpg']",NSAI60036963663-1-P1,2026-06-08 19:56:09+03:00,2026-06-09 12:00:47+03:00,2026-06-11 12:00:00+03:00,149.0,sar,null,,False,2026-06-09 09:08:49+03:00,delivered,PH29208358670S
NSAI60078374058,delivered,noon,False,False,a570bc9124f3e4b1e3abb0517318e72a,Z7653E15CC2286AC2EDBBZ-1,10103048,Z7653E15CC2286AC2EDBBZ,,Al-Hekma Beetroot Powder 100 g – Natural Antioxidant-Rich Superfood,pzsku/Z7653E15CC2286AC2EDBBZ/45/1764146378/3b1ef1b7-44c2-4223-bf37-c858e956d868.jpg,https://z.nooncdn.com/products/tr:n-t_120/pzsku/Z7653E15CC2286AC2EDBBZ/45/1764146378/3b1ef1b7-44c2-4223-bf37-c858e956d868.jpg,elhekma,,['https://z.nooncdn.com/products/tr:n-t_800/pzsku/Z7653E15CC2286AC2EDBBZ/45/1764146378/3b1ef1b7-44c2-4223-bf37-c858e956d868.jpg'],NSAI60078374058-7-P1,2026-06-09 08:43:38+03:00,2026-06-09 12:00:47+03:00,2026-06-11 11:00:00+03:00,27.74,sar,null,,False,2026-06-09 09:07:41+03:00,delivered,PH22285721652S
NSAI60083601743,delivered,noon,False,False,ada2fc96828d9e282c989907ab8eb39a,Z827F0966D72D581D3233Z-1,10503029.1,Z827F0966D72D581D3233Z,8997236230047,Parsa Drink with Ginseng 100 g – 5 Sachets,pzsku/Z827F0966D72D581D3233Z/45/1754986686/8716e0ce-81c4-441c-a287-688b45e32d08.jpg,https://z.nooncdn.com/products/tr:n-t_120/pzsku/Z827F0966D72D581D3233Z/45/1754986686/8716e0ce-81c4-441c-a287-688b45e32d08.jpg,parsa_coffee,,"['https://z.nooncdn.com/products/tr:n-t_800/pzsku/Z827F0966D72D581D3233Z/45/1754986686/8716e0ce-81c4-441c-a287-688b45e32d08.jpg', 'https://z.nooncdn.com/products/tr:n-t_800/pzsku/Z827F0966D72D581D3233Z/45/_/1782041470/d4ef559e-73bb-47b6-a72d-11ad1d55a27e.jpg', 'https://z.nooncdn.com/products/tr:n-t_800/pzsku/Z827F0966D72D581D3233Z/45/_/1782041546/92ad816f-294c-47cc-9af9-0770c1ff6156.jpg', 'https://z.nooncdn.com/products/tr:n-t_800/pzsku/Z827F0966D72D581D3233Z/45/_/1782041609/d37c5897-acd0-4c7f-a4a2-aed48a4af6ca.jpg', 'https://z.nooncdn.com/products/tr:n-t_800/pzsku/Z827F0966D72D581D3233Z/45/_/1782041993/4142305d-0316-4981-af9e-335208df08d8.jpg']",NSAI60083601743-6-P1,2026-06-06 15:50:28+03:00,2026-06-07 12:00:54+03:00,2026-06-09 12:00:00+03:00,70.0,sar,null,,False,2026-06-06 17:18:46+03:00,delivered,PH21376150345S
NSAI60083601743,delivered,noon,False,False,ada2fc96828d9e282c989907ab8eb39a,Z827F0966D72D581D3233Z-1,10503029.1,Z827F0966D72D581D3233Z,8997236230047,Parsa Drink with Ginseng 100 g – 5 Sachets,pzsku/Z827F0966D72D581D3233Z/45/1754986686/8716e0ce-81c4-441c-a287-688b45e32d08.jpg,https://z.nooncdn.com/products/tr:n-t_120/pzsku/Z827F0966D72D581D3233Z/45/1754986686/8716e0ce-81c4-441c-a287-688b45e32d08.jpg,parsa_coffee,,"['https://z.nooncdn.com/products/tr:n-t_800/pzsku/Z827F0966D72D581D3233Z/45/1754986686/8716e0ce-81c4-441c-a287-688b45e32d08.jpg', 'https://z.nooncdn.com/products/tr:n-t_800/pzsku/Z827F0966D72D581D3233Z/45/_/1782041470/d4ef559e-73bb-47b6-a72d-11ad1d55a27e.jpg', 'https://z.nooncdn.com/products/tr:n-t_800/pzsku/Z827F0966D72D581D3233Z/45/_/1782041546/92ad816f-294c-47cc-9af9-0770c1ff6156.jpg', 'https://z.nooncdn.com/products/tr:n-t_800/pzsku/Z827F0966D72D581D3233Z/45/_/1782041609/d37c5897-acd0-4c7f-a4a2-aed48a4af6ca.jpg', 'https://z.nooncdn.com/products/tr:n-t_800/pzsku/Z827F0966D72D581D3233Z/45/_/1782041993/4142305d-0316-4981-af9e-335208df08d8.jpg']",NSAI60083601743-7-P1,2026-06-06 15:50:28+03:00,2026-06-07 12:00:54+03:00,2026-06-09 12:00:00+03:00,70.0,sar,null,,False,2026-06-06 17:18:46+03:00,delivered,PH21376150345S
NSAI60086047836,delivered,noon,False,False,a65f744d862fcb05688e1ccc7cb2931a,Z9CFC61A1FDC8370A179AZ-1,10303003,Z9CFC61A1FDC8370A179AZ,048176612450,Mantova Organic Pumpkin Seed Oil  500 ml,pzsku/Z9CFC61A1FDC8370A179AZ/45/_/1775133305/4c659b03-7e51-4b82-b909-d5ae4ce4e75e.jpg,https://z.nooncdn.com/products/tr:n-t_120/pzsku/Z9CFC61A1FDC8370A179AZ/45/_/1775133305/4c659b03-7e51-4b82-b909-d5ae4ce4e75e.jpg,mantova,,['https://z.nooncdn.com/products/tr:n-t_800/pzsku/Z9CFC61A1FDC8370A179AZ/45/_/1775133305/4c659b03-7e51-4b82-b909-d5ae4ce4e75e.jpg'],NSAI60086047836-1-P1,2026-06-07 01:39:07+03:00,2026-06-07 12:00:54+03:00,2026-06-09 12:00:00+03:00,79.89,sar,null,,False,2026-06-07 08:54:14+03:00,delivered,PH23055203856S
NSAI60092926676,delivered,noon,False,False,ada2fc96828d9e282c989907ab8eb39a,Z827F0966D72D581D3233Z-1,10503029.1,Z827F0966D72D581D3233Z,8997236230047,Parsa Drink with Ginseng 100 g – 5 Sachets,pzsku/Z827F0966D72D581D3233Z/45/1754986686/8716e0ce-81c4-441c-a287-688b45e32d08.jpg,https://z.nooncdn.com/products/tr:n-t_120/pzsku/Z827F0966D72D581D3233Z/45/1754986686/8716e0ce-81c4-441c-a287-688b45e32d08.jpg,parsa_coffee,,"['https://z.nooncdn.com/products/tr:n-t_800/pzsku/Z827F0966D72D581D3233Z/45/1754986686/8716e0ce-81c4-441c-a287-688b45e32d08.jpg', 'https://z.nooncdn.com/products/tr:n-t_800/pzsku/Z827F0966D72D581D3233Z/45/_/1782041470/d4ef559e-73bb-47b6-a72d-11ad1d55a27e.jpg', 'https://z.nooncdn.com/products/tr:n-t_800/pzsku/Z827F0966D72D581D3233Z/45/_/1782041546/92ad816f-294c-47cc-9af9-0770c1ff6156.jpg', 'https://z.nooncdn.com/products/tr:n-t_800/pzsku/Z827F0966D72D581D3233Z/45/_/1782041609/d37c5897-acd0-4c7f-a4a2-aed48a4af6ca.jpg', 'https://z.nooncdn.com/products/tr:n-t_800/pzsku/Z827F0966D72D581D3233Z/45/_/1782041993/4142305d-0316-4981-af9e-335208df08d8.jpg']",NSAI60092926676-3-P1,2026-06-06 18:52:12+03:00,2026-06-07 12:00:54+03:00,2026-06-09 11:00:00+03:00,70.0,sar,null,,False,2026-06-07 08:55:35+03:00,delivered,PH26939595895S
NSAI60092926676,delivered,noon,False,False,ada2fc96828d9e282c989907ab8eb39a,Z827F0966D72D581D3233Z-1,10503029.1,Z827F0966D72D581D3233Z,8997236230047,Parsa Drink with Ginseng 100 g – 5 Sachets,pzsku/Z827F0966D72D581D3233Z/45/1754986686/8716e0ce-81c4-441c-a287-688b45e32d08.jpg,https://z.nooncdn.com/products/tr:n-t_120/pzsku/Z827F0966D72D581D3233Z/45/1754986686/8716e0ce-81c4-441c-a287-688b45e32d08.jpg,parsa_coffee,,"['https://z.nooncdn.com/products/tr:n-t_800/pzsku/Z827F0966D72D581D3233Z/45/1754986686/8716e0ce-81c4-441c-a287-688b45e32d08.jpg', 'https://z.nooncdn.com/products/tr:n-t_800/pzsku/Z827F0966D72D581D3233Z/45/_/1782041470/d4ef559e-73bb-47b6-a72d-11ad1d55a27e.jpg', 'https://z.nooncdn.com/products/tr:n-t_800/pzsku/Z827F0966D72D581D3233Z/45/_/1782041546/92ad816f-294c-47cc-9af9-0770c1ff6156.jpg', 'https://z.nooncdn.com/products/tr:n-t_800/pzsku/Z827F0966D72D581D3233Z/45/_/1782041609/d37c5897-acd0-4c7f-a4a2-aed48a4af6ca.jpg', 'https://z.nooncdn.com/products/tr:n-t_800/pzsku/Z827F0966D72D581D3233Z/45/_/1782041993/4142305d-0316-4981-af9e-335208df08d8.jpg']",NSAI60092926676-4-P1,2026-06-06 18:52:12+03:00,2026-06-07 12:00:54+03:00,2026-06-09 11:00:00+03:00,70.0,sar,null,,False,2026-06-07 08:55:35+03:00,delivered,PH26939595895S
NSAI60017624165,delivered,noon,False,False,ada2fc96828d9e282c989907ab8eb39a,Z827F0966D72D581D3233Z-1,10503029.1,Z827F0966D72D581D3233Z,8997236230047,Parsa Drink with Ginseng 100 g – 5 Sachets,pzsku/Z827F0966D72D581D3233Z/45/1754986686/8716e0ce-81c4-441c-a287-688b45e32d08.jpg,https://z.nooncdn.com/products/tr:n-t_120/pzsku/Z827F0966D72D581D3233Z/45/1754986686/8716e0ce-81c4-441c-a287-688b45e32d08.jpg,parsa_coffee,,"['https://z.nooncdn.com/products/tr:n-t_800/pzsku/Z827F0966D72D581D3233Z/45/1754986686/8716e0ce-81c4-441c-a287-688b45e32d08.jpg', 'https://z.nooncdn.com/products/tr:n-t_800/pzsku/Z827F0966D72D581D3233Z/45/_/1782041470/d4ef559e-73bb-47b6-a72d-11ad1d55a27e.jpg', 'https://z.nooncdn.com/products/tr:n-t_800/pzsku/Z827F0966D72D581D3233Z/45/_/1782041546/92ad816f-294c-47cc-9af9-0770c1ff6156.jpg', 'https://z.nooncdn.com/products/tr:n-t_800/pzsku/Z827F0966D72D581D3233Z/45/_/1782041609/d37c5897-acd0-4c7f-a4a2-aed48a4af6ca.jpg', 'https://z.nooncdn.com/products/tr:n-t_800/pzsku/Z827F0966D72D581D3233Z/45/_/1782041993/4142305d-0316-4981-af9e-335208df08d8.jpg']",NSAI60017624165-2-P1,2026-06-06 20:52:52+03:00,2026-06-07 12:00:53+03:00,2026-06-09 11:00:00+03:00,70.0,sar,null,,False,2026-06-07 08:55:05+03:00,delivered,PH23925313986S
NSAI60079869248,delivered,noon,False,False,ada2fc96828d9e282c989907ab8eb39a,Z827F0966D72D581D3233Z-1,10503029.1,Z827F0966D72D581D3233Z,8997236230047,Parsa Drink with Ginseng 100 g – 5 Sachets,pzsku/Z827F0966D72D581D3233Z/45/1754986686/8716e0ce-81c4-441c-a287-688b45e32d08.jpg,https://z.nooncdn.com/products/tr:n-t_120/pzsku/Z827F0966D72D581D3233Z/45/1754986686/8716e0ce-81c4-441c-a287-688b45e32d08.jpg,parsa_coffee,,"['https://z.nooncdn.com/products/tr:n-t_800/pzsku/Z827F0966D72D581D3233Z/45/1754986686/8716e0ce-81c4-441c-a287-688b45e32d08.jpg', 'https://z.nooncdn.com/products/tr:n-t_800/pzsku/Z827F0966D72D581D3233Z/45/_/1782041470/d4ef559e-73bb-47b6-a72d-11ad1d55a27e.jpg', 'https://z.nooncdn.com/products/tr:n-t_800/pzsku/Z827F0966D72D581D3233Z/45/_/1782041546/92ad816f-294c-47cc-9af9-0770c1ff6156.jpg', 'https://z.nooncdn.com/products/tr:n-t_800/pzsku/Z827F0966D72D581D3233Z/45/_/1782041609/d37c5897-acd0-4c7f-a4a2-aed48a4af6ca.jpg', 'https://z.nooncdn.com/products/tr:n-t_800/pzsku/Z827F0966D72D581D3233Z/45/_/1782041993/4142305d-0316-4981-af9e-335208df08d8.jpg']",NSAI60079869248-2-P1,2026-06-06 15:08:02+03:00,2026-06-07 12:00:53+03:00,2026-06-09 12:00:00+03:00,70.0,sar,null,,False,2026-06-06 17:19:17+03:00,delivered,PH21714152423S
NSAI60099753133,delivered,noon,False,False,ada2fc96828d9e282c989907ab8eb39a,Z827F0966D72D581D3233Z-1,10503029.1,Z827F0966D72D581D3233Z,8997236230047,Parsa Drink with Ginseng 100 g – 5 Sachets,pzsku/Z827F0966D72D581D3233Z/45/1754986686/8716e0ce-81c4-441c-a287-688b45e32d08.jpg,https://z.nooncdn.com/products/tr:n-t_120/pzsku/Z827F0966D72D581D3233Z/45/1754986686/8716e0ce-81c4-441c-a287-688b45e32d08.jpg,parsa_coffee,,"['https://z.nooncdn.com/products/tr:n-t_800/pzsku/Z827F0966D72D581D3233Z/45/1754986686/8716e0ce-81c4-441c-a287-688b45e32d08.jpg', 'https://z.nooncdn.com/products/tr:n-t_800/pzsku/Z827F0966D72D581D3233Z/45/_/1782041470/d4ef559e-73bb-47b6-a72d-11ad1d55a27e.jpg', 'https://z.nooncdn.com/products/tr:n-t_800/pzsku/Z827F0966D72D581D3233Z/45/_/1782041546/92ad816f-294c-47cc-9af9-0770c1ff6156.jpg', 'https://z.nooncdn.com/products/tr:n-t_800/pzsku/Z827F0966D72D581D3233Z/45/_/1782041609/d37c5897-acd0-4c7f-a4a2-aed48a4af6ca.jpg', 'https://z.nooncdn.com/products/tr:n-t_800/pzsku/Z827F0966D72D581D3233Z/45/_/1782041993/4142305d-0316-4981-af9e-335208df08d8.jpg']",NSAI60099753133-1-P1,2026-06-06 11:25:26+03:00,2026-06-06 12:51:32+03:00,2026-06-09 11:00:00+03:00,70.0,sar,null,,False,2026-06-06 12:46:34+03:00,delivered,PH20841667072S
NSAI60059473952,delivered,noon,False,False,ada2fc96828d9e282c989907ab8eb39a,Z827F0966D72D581D3233Z-1,10503029.1,Z827F0966D72D581D3233Z,8997236230047,Parsa Drink with Ginseng 100 g – 5 Sachets,pzsku/Z827F0966D72D581D3233Z/45/1754986686/8716e0ce-81c4-441c-a287-688b45e32d08.jpg,https://z.nooncdn.com/products/tr:n-t_120/pzsku/Z827F0966D72D581D3233Z/45/1754986686/8716e0ce-81c4-441c-a287-688b45e32d08.jpg,parsa_coffee,,"['https://z.nooncdn.com/products/tr:n-t_800/pzsku/Z827F0966D72D581D3233Z/45/1754986686/8716e0ce-81c4-441c-a287-688b45e32d08.jpg', 'https://z.nooncdn.com/products/tr:n-t_800/pzsku/Z827F0966D72D581D3233Z/45/_/1782041470/d4ef559e-73bb-47b6-a72d-11ad1d55a27e.jpg', 'https://z.nooncdn.com/products/tr:n-t_800/pzsku/Z827F0966D72D581D3233Z/45/_/1782041546/92ad816f-294c-47cc-9af9-0770c1ff6156.jpg', 'https://z.nooncdn.com/products/tr:n-t_800/pzsku/Z827F0966D72D581D3233Z/45/_/1782041609/d37c5897-acd0-4c7f-a4a2-aed48a4af6ca.jpg', 'https://z.nooncdn.com/products/tr:n-t_800/pzsku/Z827F0966D72D581D3233Z/45/_/1782041993/4142305d-0316-4981-af9e-335208df08d8.jpg']",NSAI60059473952-2-P1,2026-06-06 09:16:59+03:00,2026-06-06 12:51:31+03:00,2026-06-08 12:00:00+03:00,70.0,sar,null,,False,2026-06-06 09:42:54+03:00,delivered,PH27638976025S
NSAI60059654489,delivered,noon,False,False,ada2fc96828d9e282c989907ab8eb39a,Z827F0966D72D581D3233Z-1,10503029.1,Z827F0966D72D581D3233Z,8997236230047,Parsa Drink with Ginseng 100 g – 5 Sachets,pzsku/Z827F0966D72D581D3233Z/45/1754986686/8716e0ce-81c4-441c-a287-688b45e32d08.jpg,https://z.nooncdn.com/products/tr:n-t_120/pzsku/Z827F0966D72D581D3233Z/45/1754986686/8716e0ce-81c4-441c-a287-688b45e32d08.jpg,parsa_coffee,,"['https://z.nooncdn.com/products/tr:n-t_800/pzsku/Z827F0966D72D581D3233Z/45/1754986686/8716e0ce-81c4-441c-a287-688b45e32d08.jpg', 'https://z.nooncdn.com/products/tr:n-t_800/pzsku/Z827F0966D72D581D3233Z/45/_/1782041470/d4ef559e-73bb-47b6-a72d-11ad1d55a27e.jpg', 'https://z.nooncdn.com/products/tr:n-t_800/pzsku/Z827F0966D72D581D3233Z/45/_/1782041546/92ad816f-294c-47cc-9af9-0770c1ff6156.jpg', 'https://z.nooncdn.com/products/tr:n-t_800/pzsku/Z827F0966D72D581D3233Z/45/_/1782041609/d37c5897-acd0-4c7f-a4a2-aed48a4af6ca.jpg', 'https://z.nooncdn.com/products/tr:n-t_800/pzsku/Z827F0966D72D581D3233Z/45/_/1782041993/4142305d-0316-4981-af9e-335208df08d8.jpg']",NSAI60059654489-6-P1,2026-06-05 20:57:46+03:00,2026-06-06 12:51:31+03:00,2026-06-09 11:00:00+03:00,70.0,sar,null,,False,2026-06-06 08:54:41+03:00,delivered,PH21064150866S
NSAI60062123090,delivered,noon,False,False,ada2fc96828d9e282c989907ab8eb39a,Z827F0966D72D581D3233Z-1,10503029.1,Z827F0966D72D581D3233Z,8997236230047,Parsa Drink with Ginseng 100 g – 5 Sachets,pzsku/Z827F0966D72D581D3233Z/45/1754986686/8716e0ce-81c4-441c-a287-688b45e32d08.jpg,https://z.nooncdn.com/products/tr:n-t_120/pzsku/Z827F0966D72D581D3233Z/45/1754986686/8716e0ce-81c4-441c-a287-688b45e32d08.jpg,parsa_coffee,,"['https://z.nooncdn.com/products/tr:n-t_800/pzsku/Z827F0966D72D581D3233Z/45/1754986686/8716e0ce-81c4-441c-a287-688b45e32d08.jpg', 'https://z.nooncdn.com/products/tr:n-t_800/pzsku/Z827F0966D72D581D3233Z/45/_/1782041470/d4ef559e-73bb-47b6-a72d-11ad1d55a27e.jpg', 'https://z.nooncdn.com/products/tr:n-t_800/pzsku/Z827F0966D72D581D3233Z/45/_/1782041546/92ad816f-294c-47cc-9af9-0770c1ff6156.jpg', 'https://z.nooncdn.com/products/tr:n-t_800/pzsku/Z827F0966D72D581D3233Z/45/_/1782041609/d37c5897-acd0-4c7f-a4a2-aed48a4af6ca.jpg', 'https://z.nooncdn.com/products/tr:n-t_800/pzsku/Z827F0966D72D581D3233Z/45/_/1782041993/4142305d-0316-4981-af9e-335208df08d8.jpg']",NSAI60062123090-1-P1,2026-06-05 19:22:19+03:00,2026-06-06 12:51:31+03:00,2026-06-09 12:00:00+03:00,70.0,sar,null,,False,2026-06-06 08:51:07+03:00,delivered,PH26291754631S
NSAI60062123090,delivered,noon,False,False,ada2fc96828d9e282c989907ab8eb39a,Z827F0966D72D581D3233Z-1,10503029.1,Z827F0966D72D581D3233Z,8997236230047,Parsa Drink with Ginseng 100 g – 5 Sachets,pzsku/Z827F0966D72D581D3233Z/45/1754986686/8716e0ce-81c4-441c-a287-688b45e32d08.jpg,https://z.nooncdn.com/products/tr:n-t_120/pzsku/Z827F0966D72D581D3233Z/45/1754986686/8716e0ce-81c4-441c-a287-688b45e32d08.jpg,parsa_coffee,,"['https://z.nooncdn.com/products/tr:n-t_800/pzsku/Z827F0966D72D581D3233Z/45/1754986686/8716e0ce-81c4-441c-a287-688b45e32d08.jpg', 'https://z.nooncdn.com/products/tr:n-t_800/pzsku/Z827F0966D72D581D3233Z/45/_/1782041470/d4ef559e-73bb-47b6-a72d-11ad1d55a27e.jpg', 'https://z.nooncdn.com/products/tr:n-t_800/pzsku/Z827F0966D72D581D3233Z/45/_/1782041546/92ad816f-294c-47cc-9af9-0770c1ff6156.jpg', 'https://z.nooncdn.com/products/tr:n-t_800/pzsku/Z827F0966D72D581D3233Z/45/_/1782041609/d37c5897-acd0-4c7f-a4a2-aed48a4af6ca.jpg', 'https://z.nooncdn.com/products/tr:n-t_800/pzsku/Z827F0966D72D581D3233Z/45/_/1782041993/4142305d-0316-4981-af9e-335208df08d8.jpg']",NSAI60062123090-2-P1,2026-06-05 19:22:19+03:00,2026-06-06 12:51:31+03:00,2026-06-09 12:00:00+03:00,70.0,sar,null,,False,2026-06-06 08:51:07+03:00,delivered,PH26291754631S
NSAI60067747150,delivered,noon,False,False,ada2fc96828d9e282c989907ab8eb39a,Z827F0966D72D581D3233Z-1,10503029.1,Z827F0966D72D581D3233Z,8997236230047,Parsa Drink with Ginseng 100 g – 5 Sachets,pzsku/Z827F0966D72D581D3233Z/45/1754986686/8716e0ce-81c4-441c-a287-688b45e32d08.jpg,https://z.nooncdn.com/products/tr:n-t_120/pzsku/Z827F0966D72D581D3233Z/45/1754986686/8716e0ce-81c4-441c-a287-688b45e32d08.jpg,parsa_coffee,,"['https://z.nooncdn.com/products/tr:n-t_800/pzsku/Z827F0966D72D581D3233Z/45/1754986686/8716e0ce-81c4-441c-a287-688b45e32d08.jpg', 'https://z.nooncdn.com/products/tr:n-t_800/pzsku/Z827F0966D72D581D3233Z/45/_/1782041470/d4ef559e-73bb-47b6-a72d-11ad1d55a27e.jpg', 'https://z.nooncdn.com/products/tr:n-t_800/pzsku/Z827F0966D72D581D3233Z/45/_/1782041546/92ad816f-294c-47cc-9af9-0770c1ff6156.jpg', 'https://z.nooncdn.com/products/tr:n-t_800/pzsku/Z827F0966D72D581D3233Z/45/_/1782041609/d37c5897-acd0-4c7f-a4a2-aed48a4af6ca.jpg', 'https://z.nooncdn.com/products/tr:n-t_800/pzsku/Z827F0966D72D581D3233Z/45/_/1782041993/4142305d-0316-4981-af9e-335208df08d8.jpg']",NSAI60067747150-5-P1,2026-06-05 21:03:28+03:00,2026-06-06 12:51:31+03:00,2026-06-09 11:00:00+03:00,70.0,sar,null,,False,2026-06-06 08:55:04+03:00,delivered,PH27409821898S
NSAI60067747150,delivered,noon,False,False,ada2fc96828d9e282c989907ab8eb39a,Z827F0966D72D581D3233Z-1,10503029.1,Z827F0966D72D581D3233Z,8997236230047,Parsa Drink with Ginseng 100 g – 5 Sachets,pzsku/Z827F0966D72D581D3233Z/45/1754986686/8716e0ce-81c4-441c-a287-688b45e32d08.jpg,https://z.nooncdn.com/products/tr:n-t_120/pzsku/Z827F0966D72D581D3233Z/45/1754986686/8716e0ce-81c4-441c-a287-688b45e32d08.jpg,parsa_coffee,,"['https://z.nooncdn.com/products/tr:n-t_800/pzsku/Z827F0966D72D581D3233Z/45/1754986686/8716e0ce-81c4-441c-a287-688b45e32d08.jpg', 'https://z.nooncdn.com/products/tr:n-t_800/pzsku/Z827F0966D72D581D3233Z/45/_/1782041470/d4ef559e-73bb-47b6-a72d-11ad1d55a27e.jpg', 'https://z.nooncdn.com/products/tr:n-t_800/pzsku/Z827F0966D72D581D3233Z/45/_/1782041546/92ad816f-294c-47cc-9af9-0770c1ff6156.jpg', 'https://z.nooncdn.com/products/tr:n-t_800/pzsku/Z827F0966D72D581D3233Z/45/_/1782041609/d37c5897-acd0-4c7f-a4a2-aed48a4af6ca.jpg', 'https://z.nooncdn.com/products/tr:n-t_800/pzsku/Z827F0966D72D581D3233Z/45/_/1782041993/4142305d-0316-4981-af9e-335208df08d8.jpg']",NSAI60067747150-6-P1,2026-06-05 21:03:28+03:00,2026-06-06 12:51:31+03:00,2026-06-09 11:00:00+03:00,70.0,sar,null,,False,2026-06-06 08:55:28+03:00,delivered,PH29383404498S
NSAI60073139240,delivered,noon,False,False,aa532f8405476d9cf21088fb3217c96a,Z3CBBC508B9FAB0392763Z-1,20105057,Z3CBBC508B9FAB0392763Z,,"Nature’s Answer Licorice Root Serum 30ml Natural Licorice Extract for Skin Tone, Dark Spots & Redness",pzsku/Z3CBBC508B9FAB0392763Z/45/1765354987/d90589b6-7e64-462c-a61d-539b617c38d0.jpg,https://z.nooncdn.com/products/tr:n-t_120/pzsku/Z3CBBC508B9FAB0392763Z/45/1765354987/d90589b6-7e64-462c-a61d-539b617c38d0.jpg,nature_s_answer,,"['https://z.nooncdn.com/products/tr:n-t_800/pzsku/Z3CBBC508B9FAB0392763Z/45/1765354987/d90589b6-7e64-462c-a61d-539b617c38d0.jpg', 'https://z.nooncdn.com/products/tr:n-t_800/pzsku/Z3CBBC508B9FAB0392763Z/45/1765354987/c6d0a407-d954-441a-870f-e740666321f2.jpg']",NSAI60073139240-4-P1,2026-06-04 23:27:14+03:00,2026-06-06 12:51:31+03:00,2026-06-08 11:00:00+03:00,44.95,sar,null,,False,2026-06-05 14:38:07+03:00,delivered,PH22391242746S
NSAI60081535590,delivered,noon,False,False,ada2fc96828d9e282c989907ab8eb39a,Z827F0966D72D581D3233Z-1,10503029.1,Z827F0966D72D581D3233Z,8997236230047,Parsa Drink with Ginseng 100 g – 5 Sachets,pzsku/Z827F0966D72D581D3233Z/45/1754986686/8716e0ce-81c4-441c-a287-688b45e32d08.jpg,https://z.nooncdn.com/products/tr:n-t_120/pzsku/Z827F0966D72D581D3233Z/45/1754986686/8716e0ce-81c4-441c-a287-688b45e32d08.jpg,parsa_coffee,,"['https://z.nooncdn.com/products/tr:n-t_800/pzsku/Z827F0966D72D581D3233Z/45/1754986686/8716e0ce-81c4-441c-a287-688b45e32d08.jpg', 'https://z.nooncdn.com/products/tr:n-t_800/pzsku/Z827F0966D72D581D3233Z/45/_/1782041470/d4ef559e-73bb-47b6-a72d-11ad1d55a27e.jpg', 'https://z.nooncdn.com/products/tr:n-t_800/pzsku/Z827F0966D72D581D3233Z/45/_/1782041546/92ad816f-294c-47cc-9af9-0770c1ff6156.jpg', 'https://z.nooncdn.com/products/tr:n-t_800/pzsku/Z827F0966D72D581D3233Z/45/_/1782041609/d37c5897-acd0-4c7f-a4a2-aed48a4af6ca.jpg', 'https://z.nooncdn.com/products/tr:n-t_800/pzsku/Z827F0966D72D581D3233Z/45/_/1782041993/4142305d-0316-4981-af9e-335208df08d8.jpg']",NSAI60081535590-3-P1,2026-06-05 19:56:08+03:00,2026-06-06 12:51:31+03:00,2026-06-09 12:00:00+03:00,70.0,sar,null,,False,2026-06-06 08:56:15+03:00,delivered,PH26229948408S
NSAI60030613939,delivered,noon,False,False,a570bc9124f3e4b1e3abb0517318e72a,Z7653E15CC2286AC2EDBBZ-1,10103048,Z7653E15CC2286AC2EDBBZ,,Al-Hekma Beetroot Powder 100 g – Natural Antioxidant-Rich Superfood,pzsku/Z7653E15CC2286AC2EDBBZ/45/1764146378/3b1ef1b7-44c2-4223-bf37-c858e956d868.jpg,https://z.nooncdn.com/products/tr:n-t_120/pzsku/Z7653E15CC2286AC2EDBBZ/45/1764146378/3b1ef1b7-44c2-4223-bf37-c858e956d868.jpg,elhekma,,['https://z.nooncdn.com/products/tr:n-t_800/pzsku/Z7653E15CC2286AC2EDBBZ/45/1764146378/3b1ef1b7-44c2-4223-bf37-c858e956d868.jpg'],NSAI60030613939-5-P1,2026-06-05 21:40:42+03:00,2026-06-06 12:51:30+03:00,2026-06-09 11:00:00+03:00,27.74,sar,null,,False,2026-06-06 08:55:53+03:00,delivered,PH23858799822S
NSAI60033129089,delivered,noon,False,False,a605f6c98e92e1dc9d6edafcf16a9b8a,Z4CB8C7A962195B4E2817Z-1,20109084,Z4CB8C7A962195B4E2817Z,,Carotone Brightening Body Cream 300ml – Lightening & Skin Tone Correcting Formula,pzsku/Z4CB8C7A962195B4E2817Z/45/1764146408/8dfdfefd-d6eb-4bc8-ba42-bddc480db24c.jpg,https://z.nooncdn.com/products/tr:n-t_120/pzsku/Z4CB8C7A962195B4E2817Z/45/1764146408/8dfdfefd-d6eb-4bc8-ba42-bddc480db24c.jpg,carotone,300,['https://z.nooncdn.com/products/tr:n-t_800/pzsku/Z4CB8C7A962195B4E2817Z/45/1764146408/8dfdfefd-d6eb-4bc8-ba42-bddc480db24c.jpg'],NSAI60033129089-1-P1,2026-06-06 00:43:42+03:00,2026-06-06 12:51:30+03:00,2026-06-08 12:00:00+03:00,26.0,sar,null,,False,2026-06-06 08:53:30+03:00,delivered,PH28506390870S
NSAI60034115957,delivered,noon,False,False,abc813ef8a9ea3ba9945e652637a46ca,ZDDBDBC84A8B5F70109ECZ-1,10501140,ZDDBDBC84A8B5F70109ECZ,8692582210681,Rise Blueberry Flavored Drink 300 g,pzsku/ZDDBDBC84A8B5F70109ECZ/45/1755590159/c75ea633-0678-4e7a-919e-d7a027164cee.jpg,https://z.nooncdn.com/products/tr:n-t_120/pzsku/ZDDBDBC84A8B5F70109ECZ/45/1755590159/c75ea633-0678-4e7a-919e-d7a027164cee.jpg,rise,,['https://z.nooncdn.com/products/tr:n-t_800/pzsku/ZDDBDBC84A8B5F70109ECZ/45/1755590159/c75ea633-0678-4e7a-919e-d7a027164cee.jpg'],NSAI60034115957-1-P1,2026-06-04 20:54:21+03:00,2026-06-06 12:51:30+03:00,2026-06-08 11:00:00+03:00,25.13,sar,null,,False,2026-06-05 14:39:16+03:00,delivered,PH21866137479S
NSAI60034115957,delivered,noon,False,False,abc813ef8a9ea3ba9945e652637a46ca,ZDDBDBC84A8B5F70109ECZ-1,10501140,ZDDBDBC84A8B5F70109ECZ,8692582210681,Rise Blueberry Flavored Drink 300 g,pzsku/ZDDBDBC84A8B5F70109ECZ/45/1755590159/c75ea633-0678-4e7a-919e-d7a027164cee.jpg,https://z.nooncdn.com/products/tr:n-t_120/pzsku/ZDDBDBC84A8B5F70109ECZ/45/1755590159/c75ea633-0678-4e7a-919e-d7a027164cee.jpg,rise,,['https://z.nooncdn.com/products/tr:n-t_800/pzsku/ZDDBDBC84A8B5F70109ECZ/45/1755590159/c75ea633-0678-4e7a-919e-d7a027164cee.jpg'],NSAI60034115957-2-P1,2026-06-04 20:54:21+03:00,2026-06-06 12:51:30+03:00,2026-06-08 11:00:00+03:00,25.13,sar,null,,False,2026-06-05 14:39:16+03:00,delivered,PH21866137479S
NSAI60039941389,delivered,noon,False,False,a2c30dfcf452a2e874200e03ac3ca1aa,ZAA7A1D38C5281ED8A062Z-1,10501078,ZAA7A1D38C5281ED8A062Z,,TURKO BABA  Black mulberry Flavored Drink Powder 300g,pzsku/ZAA7A1D38C5281ED8A062Z/45/1754166637/aff68fcb-7a79-4149-9a62-5805df36ca2d.jpg,https://z.nooncdn.com/products/tr:n-t_120/pzsku/ZAA7A1D38C5281ED8A062Z/45/1754166637/aff68fcb-7a79-4149-9a62-5805df36ca2d.jpg,turko_baba,,"['https://z.nooncdn.com/products/tr:n-t_800/pzsku/ZAA7A1D38C5281ED8A062Z/45/1754166637/aff68fcb-7a79-4149-9a62-5805df36ca2d.jpg', 'https://z.nooncdn.com/products/tr:n-t_800/pzsku/ZAA7A1D38C5281ED8A062Z/45/_/1776502397/e481fc9d-52f8-4c80-be2e-d2b077b11f3b.jpg', 'https://z.nooncdn.com/products/tr:n-t_800/pzsku/ZAA7A1D38C5281ED8A062Z/45/_/1776502397/ad4990bb-f6d2-495d-8ac2-01e031ffbe9e.jpg']",NSAI60039941389-1-P1,2026-06-04 20:35:03+03:00,2026-06-06 12:51:30+03:00,2026-06-08 11:00:00+03:00,29.0,sar,null,,False,2026-06-05 14:38:36+03:00,delivered,PH23938152314S
NSAI60045484168,delivered,noon,False,False,ada2fc96828d9e282c989907ab8eb39a,Z827F0966D72D581D3233Z-1,10503029.1,Z827F0966D72D581D3233Z,8997236230047,Parsa Drink with Ginseng 100 g – 5 Sachets,pzsku/Z827F0966D72D581D3233Z/45/1754986686/8716e0ce-81c4-441c-a287-688b45e32d08.jpg,https://z.nooncdn.com/products/tr:n-t_120/pzsku/Z827F0966D72D581D3233Z/45/1754986686/8716e0ce-81c4-441c-a287-688b45e32d08.jpg,parsa_coffee,,"['https://z.nooncdn.com/products/tr:n-t_800/pzsku/Z827F0966D72D581D3233Z/45/1754986686/8716e0ce-81c4-441c-a287-688b45e32d08.jpg', 'https://z.nooncdn.com/products/tr:n-t_800/pzsku/Z827F0966D72D581D3233Z/45/_/1782041470/d4ef559e-73bb-47b6-a72d-11ad1d55a27e.jpg', 'https://z.nooncdn.com/products/tr:n-t_800/pzsku/Z827F0966D72D581D3233Z/45/_/1782041546/92ad816f-294c-47cc-9af9-0770c1ff6156.jpg', 'https://z.nooncdn.com/products/tr:n-t_800/pzsku/Z827F0966D72D581D3233Z/45/_/1782041609/d37c5897-acd0-4c7f-a4a2-aed48a4af6ca.jpg', 'https://z.nooncdn.com/products/tr:n-t_800/pzsku/Z827F0966D72D581D3233Z/45/_/1782041993/4142305d-0316-4981-af9e-335208df08d8.jpg']",NSAI60045484168-1-P1,2026-06-05 11:01:32+03:00,2026-06-06 12:51:30+03:00,2026-06-08 12:00:00+03:00,70.0,sar,null,,False,2026-06-05 14:40:20+03:00,delivered,PH26490628976S
NSAI60045484168,delivered,noon,False,False,ada2fc96828d9e282c989907ab8eb39a,Z827F0966D72D581D3233Z-1,10503029.1,Z827F0966D72D581D3233Z,8997236230047,Parsa Drink with Ginseng 100 g – 5 Sachets,pzsku/Z827F0966D72D581D3233Z/45/1754986686/8716e0ce-81c4-441c-a287-688b45e32d08.jpg,https://z.nooncdn.com/products/tr:n-t_120/pzsku/Z827F0966D72D581D3233Z/45/1754986686/8716e0ce-81c4-441c-a287-688b45e32d08.jpg,parsa_coffee,,"['https://z.nooncdn.com/products/tr:n-t_800/pzsku/Z827F0966D72D581D3233Z/45/1754986686/8716e0ce-81c4-441c-a287-688b45e32d08.jpg', 'https://z.nooncdn.com/products/tr:n-t_800/pzsku/Z827F0966D72D581D3233Z/45/_/1782041470/d4ef559e-73bb-47b6-a72d-11ad1d55a27e.jpg', 'https://z.nooncdn.com/products/tr:n-t_800/pzsku/Z827F0966D72D581D3233Z/45/_/1782041546/92ad816f-294c-47cc-9af9-0770c1ff6156.jpg', 'https://z.nooncdn.com/products/tr:n-t_800/pzsku/Z827F0966D72D581D3233Z/45/_/1782041609/d37c5897-acd0-4c7f-a4a2-aed48a4af6ca.jpg', 'https://z.nooncdn.com/products/tr:n-t_800/pzsku/Z827F0966D72D581D3233Z/45/_/1782041993/4142305d-0316-4981-af9e-335208df08d8.jpg']",NSAI60045484168-2-P1,2026-06-05 11:01:32+03:00,2026-06-06 12:51:30+03:00,2026-06-08 12:00:00+03:00,70.0,sar,null,,False,2026-06-05 14:40:20+03:00,delivered,PH26490628976S
NSAI60046081960,delivered,noon,False,False,a2a7d6dc03cab22df0cae33919fb8a4a,ZC4AA2D14A43F8A9482D4Z-1,20505009,ZC4AA2D14A43F8A9482D4Z,6941975208500,SARA BEAUTY CARE Bikini Area Lightening Balm Moisturizing & Even Skin Tone 40g,pzsku/ZC4AA2D14A43F8A9482D4Z/45/_/1771763019/c3245e56-a16f-4a80-a480-58e6618585f4.jpg,https://z.nooncdn.com/products/tr:n-t_120/pzsku/ZC4AA2D14A43F8A9482D4Z/45/_/1771763019/c3245e56-a16f-4a80-a480-58e6618585f4.jpg,sara_beauty,40,"['https://z.nooncdn.com/products/tr:n-t_800/pzsku/ZC4AA2D14A43F8A9482D4Z/45/_/1771763019/c3245e56-a16f-4a80-a480-58e6618585f4.jpg', 'https://z.nooncdn.com/products/tr:n-t_800/pzsku/ZC4AA2D14A43F8A9482D4Z/45/_/1771763484/9c3ea4e0-e9a5-4431-927b-e413602f1e9f.jpg']",NSAI60046081960-2-P1,2026-06-06 00:53:58+03:00,2026-06-06 12:51:30+03:00,2026-06-08 12:00:00+03:00,52.0,sar,null,,False,2026-06-06 08:52:55+03:00,delivered,PH25261096020S
NSAI60047016062,delivered,noon,False,False,abc813ef8a9ea3ba9945e652637a46ca,ZDDBDBC84A8B5F70109ECZ-1,10501140,ZDDBDBC84A8B5F70109ECZ,8692582210681,Rise Blueberry Flavored Drink 300 g,pzsku/ZDDBDBC84A8B5F70109ECZ/45/1755590159/c75ea633-0678-4e7a-919e-d7a027164cee.jpg,https://z.nooncdn.com/products/tr:n-t_120/pzsku/ZDDBDBC84A8B5F70109ECZ/45/1755590159/c75ea633-0678-4e7a-919e-d7a027164cee.jpg,rise,,['https://z.nooncdn.com/products/tr:n-t_800/pzsku/ZDDBDBC84A8B5F70109ECZ/45/1755590159/c75ea633-0678-4e7a-919e-d7a027164cee.jpg'],NSAI60047016062-2-P1,2026-06-05 22:03:35+03:00,2026-06-06 12:51:30+03:00,2026-06-09 12:00:00+03:00,25.13,sar,null,,False,2026-06-06 08:56:59+03:00,delivered,PH21906184770S
NSAI60047016062,delivered,noon,False,False,abc813ef8a9ea3ba9945e652637a46ca,ZDDBDBC84A8B5F70109ECZ-1,10501140,ZDDBDBC84A8B5F70109ECZ,8692582210681,Rise Blueberry Flavored Drink 300 g,pzsku/ZDDBDBC84A8B5F70109ECZ/45/1755590159/c75ea633-0678-4e7a-919e-d7a027164cee.jpg,https://z.nooncdn.com/products/tr:n-t_120/pzsku/ZDDBDBC84A8B5F70109ECZ/45/1755590159/c75ea633-0678-4e7a-919e-d7a027164cee.jpg,rise,,['https://z.nooncdn.com/products/tr:n-t_800/pzsku/ZDDBDBC84A8B5F70109ECZ/45/1755590159/c75ea633-0678-4e7a-919e-d7a027164cee.jpg'],NSAI60047016062-3-P1,2026-06-05 22:03:35+03:00,2026-06-06 12:51:30+03:00,2026-06-09 12:00:00+03:00,25.13,sar,null,,False,2026-06-06 08:56:59+03:00,delivered,PH21906184770S
NSAI60012237083,delivered,noon,False,False,ada2fc96828d9e282c989907ab8eb39a,Z827F0966D72D581D3233Z-1,10503029.1,Z827F0966D72D581D3233Z,8997236230047,Parsa Drink with Ginseng 100 g – 5 Sachets,pzsku/Z827F0966D72D581D3233Z/45/1754986686/8716e0ce-81c4-441c-a287-688b45e32d08.jpg,https://z.nooncdn.com/products/tr:n-t_120/pzsku/Z827F0966D72D581D3233Z/45/1754986686/8716e0ce-81c4-441c-a287-688b45e32d08.jpg,parsa_coffee,,"['https://z.nooncdn.com/products/tr:n-t_800/pzsku/Z827F0966D72D581D3233Z/45/1754986686/8716e0ce-81c4-441c-a287-688b45e32d08.jpg', 'https://z.nooncdn.com/products/tr:n-t_800/pzsku/Z827F0966D72D581D3233Z/45/_/1782041470/d4ef559e-73bb-47b6-a72d-11ad1d55a27e.jpg', 'https://z.nooncdn.com/products/tr:n-t_800/pzsku/Z827F0966D72D581D3233Z/45/_/1782041546/92ad816f-294c-47cc-9af9-0770c1ff6156.jpg', 'https://z.nooncdn.com/products/tr:n-t_800/pzsku/Z827F0966D72D581D3233Z/45/_/1782041609/d37c5897-acd0-4c7f-a4a2-aed48a4af6ca.jpg', 'https://z.nooncdn.com/products/tr:n-t_800/pzsku/Z827F0966D72D581D3233Z/45/_/1782041993/4142305d-0316-4981-af9e-335208df08d8.jpg']",NSAI60012237083-1-P1,2026-06-05 16:36:12+03:00,2026-06-06 12:51:29+03:00,2026-06-09 11:00:00+03:00,70.0,sar,null,,False,2026-06-06 08:53:52+03:00,delivered,PH26384169357S
NSAI60013522434,delivered,noon,False,False,ada2fc96828d9e282c989907ab8eb39a,Z827F0966D72D581D3233Z-1,10503029.1,Z827F0966D72D581D3233Z,8997236230047,Parsa Drink with Ginseng 100 g – 5 Sachets,pzsku/Z827F0966D72D581D3233Z/45/1754986686/8716e0ce-81c4-441c-a287-688b45e32d08.jpg,https://z.nooncdn.com/products/tr:n-t_120/pzsku/Z827F0966D72D581D3233Z/45/1754986686/8716e0ce-81c4-441c-a287-688b45e32d08.jpg,parsa_coffee,,"['https://z.nooncdn.com/products/tr:n-t_800/pzsku/Z827F0966D72D581D3233Z/45/1754986686/8716e0ce-81c4-441c-a287-688b45e32d08.jpg', 'https://z.nooncdn.com/products/tr:n-t_800/pzsku/Z827F0966D72D581D3233Z/45/_/1782041470/d4ef559e-73bb-47b6-a72d-11ad1d55a27e.jpg', 'https://z.nooncdn.com/products/tr:n-t_800/pzsku/Z827F0966D72D581D3233Z/45/_/1782041546/92ad816f-294c-47cc-9af9-0770c1ff6156.jpg', 'https://z.nooncdn.com/products/tr:n-t_800/pzsku/Z827F0966D72D581D3233Z/45/_/1782041609/d37c5897-acd0-4c7f-a4a2-aed48a4af6ca.jpg', 'https://z.nooncdn.com/products/tr:n-t_800/pzsku/Z827F0966D72D581D3233Z/45/_/1782041993/4142305d-0316-4981-af9e-335208df08d8.jpg']",NSAI60013522434-1-P1,2026-06-06 06:01:19+03:00,2026-06-06 12:51:29+03:00,2026-06-08 12:00:00+03:00,70.0,sar,null,,False,2026-06-06 08:51:30+03:00,delivered,PH29249844340S
NSAI60016252747,delivered,noon,False,False,a2c30dfcf452a2e874200e03ac3ca1aa,ZAA7A1D38C5281ED8A062Z-1,10501078,ZAA7A1D38C5281ED8A062Z,,TURKO BABA  Black mulberry Flavored Drink Powder 300g,pzsku/ZAA7A1D38C5281ED8A062Z/45/1754166637/aff68fcb-7a79-4149-9a62-5805df36ca2d.jpg,https://z.nooncdn.com/products/tr:n-t_120/pzsku/ZAA7A1D38C5281ED8A062Z/45/1754166637/aff68fcb-7a79-4149-9a62-5805df36ca2d.jpg,turko_baba,,"['https://z.nooncdn.com/products/tr:n-t_800/pzsku/ZAA7A1D38C5281ED8A062Z/45/1754166637/aff68fcb-7a79-4149-9a62-5805df36ca2d.jpg', 'https://z.nooncdn.com/products/tr:n-t_800/pzsku/ZAA7A1D38C5281ED8A062Z/45/_/1776502397/e481fc9d-52f8-4c80-be2e-d2b077b11f3b.jpg', 'https://z.nooncdn.com/products/tr:n-t_800/pzsku/ZAA7A1D38C5281ED8A062Z/45/_/1776502397/ad4990bb-f6d2-495d-8ac2-01e031ffbe9e.jpg']",NSAI60016252747-1-P1,2026-06-05 18:15:36+03:00,2026-06-06 12:51:29+03:00,2026-06-09 11:00:00+03:00,29.0,sar,null,,False,2026-06-06 08:54:22+03:00,delivered,PH22832060241S
NSAI60016280496,delivered,noon,False,False,aa382c0369a8d3d5e1e28104569dfe3a,Z038EE42CA47136DA4C46Z-1,Z.17624208185915747.1,Z038EE42CA47136DA4C46Z,8809514649260,BB LAB Marine Collagen with Biotin 30 Sachets 2+1 Free Offer Beauty Supplement for Hair Skin & Nails Support,8fcb8d8c40005bbbba9a7be319324250|pzsku/Z038EE42CA47136DA4C46Z/45/1770804134/517e1d81-1150-4c3d-9567-5ed963831faa.jpg,https://z.nooncdn.com/products/tr:n-t_120/8fcb8d8c40005bbbba9a7be319324250|pzsku/Z038EE42CA47136DA4C46Z/45/1770804134/517e1d81-1150-4c3d-9567-5ed963831faa.jpg,bb_lab,,"['https://z.nooncdn.com/products/tr:n-t_800/8fcb8d8c40005bbbba9a7be319324250|pzsku/Z038EE42CA47136DA4C46Z/45/1770804134/517e1d81-1150-4c3d-9567-5ed963831faa.jpg', 'https://z.nooncdn.com/products/tr:n-t_800/8fcb8d8c40005bbbba9a7be319324250|pzsku/Z038EE42CA47136DA4C46Z/45/1770804134/7a13f2de-5b60-4c0f-99c5-28f563e8799b.jpg', 'https://z.nooncdn.com/products/tr:n-t_800/8fcb8d8c40005bbbba9a7be319324250|pzsku/Z038EE42CA47136DA4C46Z/45/1770804134/7e1a675b-6324-450d-a76f-0aa202ff2e95.jpg', 'https://z.nooncdn.com/products/tr:n-t_800/8fcb8d8c40005bbbba9a7be319324250|pzsku/Z038EE42CA47136DA4C46Z/45/1770804134/daa9b21e-10be-4faf-b4e5-bdad8c94b9b3.jpg', 'https://z.nooncdn.com/products/tr:n-t_800/8fcb8d8c40005bbbba9a7be319324250|pzsku/Z038EE42CA47136DA4C46Z/45/1770804134/bf555b95-8437-4b1d-9ef9-62960369e662.jpg', 'https://z.nooncdn.com/products/tr:n-t_800/8fcb8d8c40005bbbba9a7be319324250|pzsku/Z038EE42CA47136DA4C46Z/45/1770804134/5f86fe8e-36fb-40ce-b9c2-700887a634f4.jpg', 'https://z.nooncdn.com/products/tr:n-t_800/8fcb8d8c40005bbbba9a7be319324250|pzsku/Z038EE42CA47136DA4C46Z/45/1770804134/79526317-4e2d-4ba0-928e-153b3730d96a.jpg', 'https://z.nooncdn.com/products/tr:n-t_800/8fcb8d8c40005bbbba9a7be319324250|pzsku/Z038EE42CA47136DA4C46Z/45/1770804134/65d8a803-d642-467d-91a8-05e2605a7e86.jpg', 'https://z.nooncdn.com/products/tr:n-t_800/8fcb8d8c40005bbbba9a7be319324250|pzsku/Z038EE42CA47136DA4C46Z/45/1770804134/1c063bce-b63b-4737-99c2-8621405545ba.jpg', 'https://z.nooncdn.com/products/tr:n-t_800/8fcb8d8c40005bbbba9a7be319324250|pzsku/Z038EE42CA47136DA4C46Z/45/1770804134/861c6e43-7acb-4ec4-a967-00e7ae045ff3.jpg', 'https://z.nooncdn.com/products/tr:n-t_800/8fcb8d8c40005bbbba9a7be319324250|pzsku/Z038EE42CA47136DA4C46Z/45/1770804134/cd2a7850-759b-47ea-b4d6-dafa689c263e.jpg']",NSAI60016280496-1-P1,2026-06-06 00:58:03+03:00,2026-06-06 12:51:29+03:00,2026-06-08 12:00:00+03:00,318.0,sar,null,,False,2026-06-06 08:52:23+03:00,delivered,PH23389232531S
NSAI60026255399,delivered,noon,False,False,ada2fc96828d9e282c989907ab8eb39a,Z827F0966D72D581D3233Z-1,10503029.1,Z827F0966D72D581D3233Z,8997236230047,Parsa Drink with Ginseng 100 g – 5 Sachets,pzsku/Z827F0966D72D581D3233Z/45/1754986686/8716e0ce-81c4-441c-a287-688b45e32d08.jpg,https://z.nooncdn.com/products/tr:n-t_120/pzsku/Z827F0966D72D581D3233Z/45/1754986686/8716e0ce-81c4-441c-a287-688b45e32d08.jpg,parsa_coffee,,"['https://z.nooncdn.com/products/tr:n-t_800/pzsku/Z827F0966D72D581D3233Z/45/1754986686/8716e0ce-81c4-441c-a287-688b45e32d08.jpg', 'https://z.nooncdn.com/products/tr:n-t_800/pzsku/Z827F0966D72D581D3233Z/45/_/1782041470/d4ef559e-73bb-47b6-a72d-11ad1d55a27e.jpg', 'https://z.nooncdn.com/products/tr:n-t_800/pzsku/Z827F0966D72D581D3233Z/45/_/1782041546/92ad816f-294c-47cc-9af9-0770c1ff6156.jpg', 'https://z.nooncdn.com/products/tr:n-t_800/pzsku/Z827F0966D72D581D3233Z/45/_/1782041609/d37c5897-acd0-4c7f-a4a2-aed48a4af6ca.jpg', 'https://z.nooncdn.com/products/tr:n-t_800/pzsku/Z827F0966D72D581D3233Z/45/_/1782041993/4142305d-0316-4981-af9e-335208df08d8.jpg']",NSAI60026255399-1-P1,2026-06-06 02:23:46+03:00,2026-06-06 12:51:29+03:00,2026-06-08 12:00:00+03:00,70.0,sar,null,,False,2026-06-06 08:51:50+03:00,delivered,PH26949999474S
NSAI60003088547,delivered,noon,False,False,a4f25dc80bb9b6a15dba3f974a66431a,N11293158A,20207015,ZBBA921DB00CFB78F00D6Z,,Shea Butter Skin Moisturizer,pzsku/ZFB23DA7A2A5D1F675832Z/45/_/1772787189/39b604b8-310f-4351-92fc-fc8afc60a7aa.jpg,https://z.nooncdn.com/products/tr:n-t_120/pzsku/ZFB23DA7A2A5D1F675832Z/45/_/1772787189/39b604b8-310f-4351-92fc-fc8afc60a7aa.jpg,now,7,"['https://z.nooncdn.com/products/tr:n-t_800/pzsku/ZFB23DA7A2A5D1F675832Z/45/_/1772787189/39b604b8-310f-4351-92fc-fc8afc60a7aa.jpg', 'https://z.nooncdn.com/products/tr:n-t_800/pzsku/ZFB23DA7A2A5D1F675832Z/45/_/1772787189/026104b1-562e-42e4-9f99-5969103b51e6.jpg', 'https://z.nooncdn.com/products/tr:n-t_800/pzsku/ZFB23DA7A2A5D1F675832Z/45/_/1772787188/303a9594-d122-4fdf-87f8-589f878c4ffb.jpg', 'https://z.nooncdn.com/products/tr:n-t_800/pzsku/ZFB23DA7A2A5D1F675832Z/45/_/1772787189/2282245c-92e1-4ca2-bd1f-146f7d0b010b.jpg']",NSAI60003088547-1-P1,2026-06-04 04:47:08+03:00,2026-06-04 12:04:18+03:00,2026-06-07 11:00:00+03:00,46.0,sar,null,,False,2026-06-04 09:02:03+03:00,delivered,PH25484637730S
NSAI60003496929,delivered,noon,False,False,a4f25dc80bb9b6a15dba3f974a66431a,N11293158A,20207015,ZBBA921DB00CFB78F00D6Z,,Shea Butter Skin Moisturizer,pzsku/ZFB23DA7A2A5D1F675832Z/45/_/1772787189/39b604b8-310f-4351-92fc-fc8afc60a7aa.jpg,https://z.nooncdn.com/products/tr:n-t_120/pzsku/ZFB23DA7A2A5D1F675832Z/45/_/1772787189/39b604b8-310f-4351-92fc-fc8afc60a7aa.jpg,now,7,"['https://z.nooncdn.com/products/tr:n-t_800/pzsku/ZFB23DA7A2A5D1F675832Z/45/_/1772787189/39b604b8-310f-4351-92fc-fc8afc60a7aa.jpg', 'https://z.nooncdn.com/products/tr:n-t_800/pzsku/ZFB23DA7A2A5D1F675832Z/45/_/1772787189/026104b1-562e-42e4-9f99-5969103b51e6.jpg', 'https://z.nooncdn.com/products/tr:n-t_800/pzsku/ZFB23DA7A2A5D1F675832Z/45/_/1772787188/303a9594-d122-4fdf-87f8-589f878c4ffb.jpg', 'https://z.nooncdn.com/products/tr:n-t_800/pzsku/ZFB23DA7A2A5D1F675832Z/45/_/1772787189/2282245c-92e1-4ca2-bd1f-146f7d0b010b.jpg']",NSAI60003496929-4-P1,2026-06-04 02:09:27+03:00,2026-06-04 12:04:18+03:00,2026-06-07 11:00:00+03:00,46.0,sar,null,,False,2026-06-04 09:02:36+03:00,delivered,PH21476576006S
NSAI60020454906,delivered,noon,False,False,a566b4ecb58a36c7e02ed2d226f3ec5a,Z1EDD2CF7F641CD3DCCF1Z-1,Z.17624181574445143,Z1EDD2CF7F641CD3DCCF1Z,,BB LAB Marine Collagen Offer 3 Packs × 30 Sachets – Skin Radiance & Elasticity Support – Anti Wrinkle – Biotin for Hair Skin Nails – Korean Supplement,8fcb8d8c40005bbbba9a7be319324250|pzsku/Z1EDD2CF7F641CD3DCCF1Z/45/1771150186/ccae59a3-bca1-4a0b-ad2e-a82cd7e7aeca.jpg,https://z.nooncdn.com/products/tr:n-t_120/8fcb8d8c40005bbbba9a7be319324250|pzsku/Z1EDD2CF7F641CD3DCCF1Z/45/1771150186/ccae59a3-bca1-4a0b-ad2e-a82cd7e7aeca.jpg,bb_lab,,"['https://z.nooncdn.com/products/tr:n-t_800/8fcb8d8c40005bbbba9a7be319324250|pzsku/Z1EDD2CF7F641CD3DCCF1Z/45/1771150186/ccae59a3-bca1-4a0b-ad2e-a82cd7e7aeca.jpg', 'https://z.nooncdn.com/products/tr:n-t_800/8fcb8d8c40005bbbba9a7be319324250|pzsku/Z1EDD2CF7F641CD3DCCF1Z/45/1771150186/8b161091-8cc2-4b9b-beda-bb2ab0ce46f9.jpg', 'https://z.nooncdn.com/products/tr:n-t_800/8fcb8d8c40005bbbba9a7be319324250|pzsku/Z1EDD2CF7F641CD3DCCF1Z/45/1771150186/325d90e6-15ef-4326-b9a5-6b3e57468a27.jpg', 'https://z.nooncdn.com/products/tr:n-t_800/8fcb8d8c40005bbbba9a7be319324250|pzsku/Z1EDD2CF7F641CD3DCCF1Z/45/1771150186/c2448d6a-e8fe-4440-901a-6133c6a2dfa1.jpg', 'https://z.nooncdn.com/products/tr:n-t_800/8fcb8d8c40005bbbba9a7be319324250|pzsku/Z1EDD2CF7F641CD3DCCF1Z/45/1771150186/48bb76ce-d6ca-4c04-8bf8-fe86c9935b9b.jpg', 'https://z.nooncdn.com/products/tr:n-t_800/8fcb8d8c40005bbbba9a7be319324250|pzsku/Z1EDD2CF7F641CD3DCCF1Z/45/1771150187/f8ed7ba1-003d-4e0e-b632-d2f5e517ada3.jpg', 'https://z.nooncdn.com/products/tr:n-t_800/8fcb8d8c40005bbbba9a7be319324250|pzsku/Z1EDD2CF7F641CD3DCCF1Z/45/1771150186/176e1900-fce1-476f-8dc6-8602908a44bc.jpg', 'https://z.nooncdn.com/products/tr:n-t_800/8fcb8d8c40005bbbba9a7be319324250|pzsku/Z1EDD2CF7F641CD3DCCF1Z/45/1771150186/437ad10d-750a-46fb-a607-0510124cf204.jpg', 'https://z.nooncdn.com/products/tr:n-t_800/8fcb8d8c40005bbbba9a7be319324250|pzsku/Z1EDD2CF7F641CD3DCCF1Z/45/1771150186/f184dd4c-c690-444f-90c0-63100e2b5376.jpg', 'https://z.nooncdn.com/products/tr:n-t_800/8fcb8d8c40005bbbba9a7be319324250|pzsku/Z1EDD2CF7F641CD3DCCF1Z/45/1771150186/368700f8-fdbb-45f9-972a-4123c4550b28.jpg']",NSAI60020454906-2-P1,2026-06-03 17:51:24+03:00,2026-06-04 12:04:18+03:00,2026-06-07 11:00:00+03:00,320.0,sar,null,,False,2026-06-03 18:19:52+03:00,delivered,PH26299478943S
NSAI60059430830,delivered,noon,False,False,a4a2c67d403665d1fec2fadb2b7d510a,Z5EBCB36E4A921176657AZ-1,10605054,Z5EBCB36E4A921176657AZ,,Al Safa Natural Sedr Honey 1kg – Premium Monofloral Honey for Immunity & Energy,pzsku/Z5EBCB36E4A921176657AZ/45/1764146413/f8eb10fd-cf9d-4928-8fa2-5b3f9fe2ea79.jpg,https://z.nooncdn.com/products/tr:n-t_120/pzsku/Z5EBCB36E4A921176657AZ/45/1764146413/f8eb10fd-cf9d-4928-8fa2-5b3f9fe2ea79.jpg,generic,,['https://z.nooncdn.com/products/tr:n-t_800/pzsku/Z5EBCB36E4A921176657AZ/45/1764146413/f8eb10fd-cf9d-4928-8fa2-5b3f9fe2ea79.jpg'],NSAI60059430830-2-P1,2026-06-03 16:46:26+03:00,2026-06-04 12:04:18+03:00,2026-06-07 12:00:00+03:00,60.0,sar,null,,False,2026-06-03 18:21:34+03:00,delivered,PH25853444621S
NSAI60069528928,delivered,noon,False,False,a4f25dc80bb9b6a15dba3f974a66431a,N11293158A,20207015,ZBBA921DB00CFB78F00D6Z,,Shea Butter Skin Moisturizer,pzsku/ZFB23DA7A2A5D1F675832Z/45/_/1772787189/39b604b8-310f-4351-92fc-fc8afc60a7aa.jpg,https://z.nooncdn.com/products/tr:n-t_120/pzsku/ZFB23DA7A2A5D1F675832Z/45/_/1772787189/39b604b8-310f-4351-92fc-fc8afc60a7aa.jpg,now,7,"['https://z.nooncdn.com/products/tr:n-t_800/pzsku/ZFB23DA7A2A5D1F675832Z/45/_/1772787189/39b604b8-310f-4351-92fc-fc8afc60a7aa.jpg', 'https://z.nooncdn.com/products/tr:n-t_800/pzsku/ZFB23DA7A2A5D1F675832Z/45/_/1772787189/026104b1-562e-42e4-9f99-5969103b51e6.jpg', 'https://z.nooncdn.com/products/tr:n-t_800/pzsku/ZFB23DA7A2A5D1F675832Z/45/_/1772787188/303a9594-d122-4fdf-87f8-589f878c4ffb.jpg', 'https://z.nooncdn.com/products/tr:n-t_800/pzsku/ZFB23DA7A2A5D1F675832Z/45/_/1772787189/2282245c-92e1-4ca2-bd1f-146f7d0b010b.jpg']",NSAI60069528928-4-P1,2026-06-03 17:30:02+03:00,2026-06-04 12:04:18+03:00,2026-06-07 11:00:00+03:00,46.0,sar,null,,False,2026-06-03 18:20:22+03:00,delivered,PH27600182249S
NSAI60007682126,delivered,noon,False,False,ab1c329d4d602b7d1ddac59e078851da,Z077756ED508BA9814E0FZ-1,10501117,Z077756ED508BA9814E0FZ,,Matcha Whisk Set – 2 Pieces | Traditional Bamboo Whisk for Frothing Matcha Tea – Perfect for Authentic Japanese Tea Ceremony & Smooth Blending,pzsku/Z077756ED508BA9814E0FZ/45/_/1773225013/7294df20-f99d-44b4-9475-d42c4e0b2e4f.jpg,https://z.nooncdn.com/products/tr:n-t_120/pzsku/Z077756ED508BA9814E0FZ/45/_/1773225013/7294df20-f99d-44b4-9475-d42c4e0b2e4f.jpg,matcha,,"['https://z.nooncdn.com/products/tr:n-t_800/pzsku/Z077756ED508BA9814E0FZ/45/_/1773225013/7294df20-f99d-44b4-9475-d42c4e0b2e4f.jpg', 'https://z.nooncdn.com/products/tr:n-t_800/pzsku/Z077756ED508BA9814E0FZ/45/_/1773225013/21f11c72-e204-4a67-b085-f67fff9810b8.jpg', 'https://z.nooncdn.com/products/tr:n-t_800/pzsku/Z077756ED508BA9814E0FZ/45/_/1773225013/3b131688-c319-43a8-b40b-831f386002e7.jpg', 'https://z.nooncdn.com/products/tr:n-t_800/pzsku/Z077756ED508BA9814E0FZ/45/_/1773225013/bd1a7b27-5074-46ee-9b3a-07e18c4c9aca.jpg', 'https://z.nooncdn.com/products/tr:n-t_800/pzsku/Z077756ED508BA9814E0FZ/45/_/1773224713/90879898-c800-4dc9-bd7f-d2a3102e6bd1.jpg']",NSAI60007682126-2-P1,2026-06-03 05:01:25+03:00,2026-06-03 11:48:37+03:00,2026-06-06 11:00:00+03:00,29.0,sar,null,,False,2026-06-03 09:06:26+03:00,delivered,PH24312364361S
NSAI60013244606,delivered,noon,False,False,a0ef1941f33c6fd0d484f0964dd3891a,Z8C0AD2A425809B42C6E9Z-1,Z.17624199738235087.1,Z8C0AD2A425809B42C6E9Z,8809514649840,BB LAB Marine Collagen with Berry 30 Sachets 2+1 Free Offer Radiance & Skin Elasticity Support,8fcb8d8c40005bbbba9a7be319324250|pzsku/Z8C0AD2A425809B42C6E9Z/45/1770803357/56776c66-f3b2-4fdb-a52f-96708194a82b.jpg,https://z.nooncdn.com/products/tr:n-t_120/8fcb8d8c40005bbbba9a7be319324250|pzsku/Z8C0AD2A425809B42C6E9Z/45/1770803357/56776c66-f3b2-4fdb-a52f-96708194a82b.jpg,bb_lab,,"['https://z.nooncdn.com/products/tr:n-t_800/8fcb8d8c40005bbbba9a7be319324250|pzsku/Z8C0AD2A425809B42C6E9Z/45/1770803357/56776c66-f3b2-4fdb-a52f-96708194a82b.jpg', 'https://z.nooncdn.com/products/tr:n-t_800/8fcb8d8c40005bbbba9a7be319324250|pzsku/Z8C0AD2A425809B42C6E9Z/45/1770803357/47da3b2f-e8b7-4bf9-a966-ae7e6a13ff5a.jpg', 'https://z.nooncdn.com/products/tr:n-t_800/8fcb8d8c40005bbbba9a7be319324250|pzsku/Z8C0AD2A425809B42C6E9Z/45/1770803357/85bc42b4-07ff-4b32-b9d6-a04ba8b5933d.jpg', 'https://z.nooncdn.com/products/tr:n-t_800/8fcb8d8c40005bbbba9a7be319324250|pzsku/Z8C0AD2A425809B42C6E9Z/45/1770803357/25cf49ed-54e2-48a7-84ce-0412bcf44c2f.jpg', 'https://z.nooncdn.com/products/tr:n-t_800/8fcb8d8c40005bbbba9a7be319324250|pzsku/Z8C0AD2A425809B42C6E9Z/45/1770803357/eae02993-c385-4c4d-a36a-dd9f9f4b88ef.jpg', 'https://z.nooncdn.com/products/tr:n-t_800/8fcb8d8c40005bbbba9a7be319324250|pzsku/Z8C0AD2A425809B42C6E9Z/45/1770803357/24cbb20f-155a-4eb0-8591-97727bce6a37.jpg', 'https://z.nooncdn.com/products/tr:n-t_800/8fcb8d8c40005bbbba9a7be319324250|pzsku/Z8C0AD2A425809B42C6E9Z/45/1770803357/cfdad584-e88e-4dfc-90bd-d22c4f398f4e.jpg', 'https://z.nooncdn.com/products/tr:n-t_800/8fcb8d8c40005bbbba9a7be319324250|pzsku/Z8C0AD2A425809B42C6E9Z/45/1770803357/110b8e16-eba6-4a7b-8130-5582c55533a5.jpg', 'https://z.nooncdn.com/products/tr:n-t_800/8fcb8d8c40005bbbba9a7be319324250|pzsku/Z8C0AD2A425809B42C6E9Z/45/1770803357/f2f1eac7-9c4f-4d7a-835a-90199f345a7b.jpg', 'https://z.nooncdn.com/products/tr:n-t_800/8fcb8d8c40005bbbba9a7be319324250|pzsku/Z8C0AD2A425809B42C6E9Z/45/1770803357/1620ff28-cfe8-4f0f-9874-39ec757e36bd.jpg', 'https://z.nooncdn.com/products/tr:n-t_800/8fcb8d8c40005bbbba9a7be319324250|pzsku/Z8C0AD2A425809B42C6E9Z/45/1770803357/c6606b84-a2e8-40ff-a0e5-f5cb8440d97e.jpg']",NSAI60013244606-1-P1,2026-06-02 15:24:22+03:00,2026-06-03 11:48:37+03:00,2026-06-06 12:00:00+03:00,318.0,sar,null,,False,2026-06-02 18:28:21+03:00,delivered,PH21524591859S
NSAI60026724626,delivered,noon,False,False,a4f25dc80bb9b6a15dba3f974a66431a,N11293158A,20207015,ZBBA921DB00CFB78F00D6Z,,Shea Butter Skin Moisturizer,pzsku/ZFB23DA7A2A5D1F675832Z/45/_/1772787189/39b604b8-310f-4351-92fc-fc8afc60a7aa.jpg,https://z.nooncdn.com/products/tr:n-t_120/pzsku/ZFB23DA7A2A5D1F675832Z/45/_/1772787189/39b604b8-310f-4351-92fc-fc8afc60a7aa.jpg,now,7,"['https://z.nooncdn.com/products/tr:n-t_800/pzsku/ZFB23DA7A2A5D1F675832Z/45/_/1772787189/39b604b8-310f-4351-92fc-fc8afc60a7aa.jpg', 'https://z.nooncdn.com/products/tr:n-t_800/pzsku/ZFB23DA7A2A5D1F675832Z/45/_/1772787189/026104b1-562e-42e4-9f99-5969103b51e6.jpg', 'https://z.nooncdn.com/products/tr:n-t_800/pzsku/ZFB23DA7A2A5D1F675832Z/45/_/1772787188/303a9594-d122-4fdf-87f8-589f878c4ffb.jpg', 'https://z.nooncdn.com/products/tr:n-t_800/pzsku/ZFB23DA7A2A5D1F675832Z/45/_/1772787189/2282245c-92e1-4ca2-bd1f-146f7d0b010b.jpg']",NSAI60026724626-2-P1,2026-06-02 21:44:26+03:00,2026-06-03 11:48:37+03:00,2026-06-06 11:00:00+03:00,46.0,sar,null,,False,2026-06-03 09:05:13+03:00,delivered,PH25363712864S
NSAI60034123787,delivered,noon,False,False,a94e7d385a0bccb55abf37740775676a,ZA054A9D06F4CD0DBF91EZ-1,10610042,ZA054A9D06F4CD0DBF91EZ,653871976792,Zaadna Ready Keto Bread Mix – 500 gm,pzsku/ZA054A9D06F4CD0DBF91EZ/45/1752407155/d65d9ab7-e608-45c9-b8ee-2f5ec6c0f40e.jpg,https://z.nooncdn.com/products/tr:n-t_120/pzsku/ZA054A9D06F4CD0DBF91EZ/45/1752407155/d65d9ab7-e608-45c9-b8ee-2f5ec6c0f40e.jpg,zaadana,500,['https://z.nooncdn.com/products/tr:n-t_800/pzsku/ZA054A9D06F4CD0DBF91EZ/45/1752407155/d65d9ab7-e608-45c9-b8ee-2f5ec6c0f40e.jpg'],NSAI60034123787-30-P1,2026-06-02 15:18:59+03:00,2026-06-03 11:48:37+03:00,2026-06-06 11:00:00+03:00,37.0,sar,null,,False,2026-06-02 18:26:30+03:00,delivered,PH24997309612S
NSAI60034123787,delivered,noon,False,False,a94e7d385a0bccb55abf37740775676a,ZA054A9D06F4CD0DBF91EZ-1,10610042,ZA054A9D06F4CD0DBF91EZ,653871976792,Zaadna Ready Keto Bread Mix – 500 gm,pzsku/ZA054A9D06F4CD0DBF91EZ/45/1752407155/d65d9ab7-e608-45c9-b8ee-2f5ec6c0f40e.jpg,https://z.nooncdn.com/products/tr:n-t_120/pzsku/ZA054A9D06F4CD0DBF91EZ/45/1752407155/d65d9ab7-e608-45c9-b8ee-2f5ec6c0f40e.jpg,zaadana,500,['https://z.nooncdn.com/products/tr:n-t_800/pzsku/ZA054A9D06F4CD0DBF91EZ/45/1752407155/d65d9ab7-e608-45c9-b8ee-2f5ec6c0f40e.jpg'],NSAI60034123787-31-P1,2026-06-02 15:18:59+03:00,2026-06-03 11:48:37+03:00,2026-06-06 11:00:00+03:00,37.0,sar,null,,False,2026-06-02 18:26:30+03:00,delivered,PH24997309612S
NSAI60048875134,delivered,noon,False,False,ab3643e14092b7a116f55a14bb4cb63a,Z33B746C9666018BF2933Z-1,21103007,Z33B746C9666018BF2933Z,6286030002113,Vatera Elbow Moisturizing Mask,pzsku/Z33B746C9666018BF2933Z/45/1755699328/912ecea7-714d-40a0-900a-ca4bfd03d16a.jpg,https://z.nooncdn.com/products/tr:n-t_120/pzsku/Z33B746C9666018BF2933Z/45/1755699328/912ecea7-714d-40a0-900a-ca4bfd03d16a.jpg,vatera,,['https://z.nooncdn.com/products/tr:n-t_800/pzsku/Z33B746C9666018BF2933Z/45/1755699328/912ecea7-714d-40a0-900a-ca4bfd03d16a.jpg'],NSAI60048875134-4-P1,2026-06-02 18:47:41+03:00,2026-06-03 11:48:37+03:00,2026-06-06 12:00:00+03:00,35.85,sar,null,,False,2026-06-03 09:04:41+03:00,delivered,PH28529697870S
NSAI60061088346,delivered,noon,False,False,ab3b396f1c1bbfef5c907ff3a4f8ae8a,Z6C37EF3B0E9E52D4E990Z-1,Z.17624219549912055.1,Z6C37EF3B0E9E52D4E990Z,8809514649857,BB LAB Marine Collagen Anti-Wrinkle 30 Sachets 2+1 Free Offer Firming & Skin Elasticity Support,8fcb8d8c40005bbbba9a7be319324250|pzsku/Z6C37EF3B0E9E52D4E990Z/45/1770802807/189c1e3d-fc84-4148-b697-3d2e4554a985.jpg,https://z.nooncdn.com/products/tr:n-t_120/8fcb8d8c40005bbbba9a7be319324250|pzsku/Z6C37EF3B0E9E52D4E990Z/45/1770802807/189c1e3d-fc84-4148-b697-3d2e4554a985.jpg,bb_lab,,"['https://z.nooncdn.com/products/tr:n-t_800/8fcb8d8c40005bbbba9a7be319324250|pzsku/Z6C37EF3B0E9E52D4E990Z/45/1770802807/189c1e3d-fc84-4148-b697-3d2e4554a985.jpg', 'https://z.nooncdn.com/products/tr:n-t_800/8fcb8d8c40005bbbba9a7be319324250|pzsku/Z6C37EF3B0E9E52D4E990Z/45/1770802806/c27476ee-624e-4575-842d-5a50797857f1.jpg', 'https://z.nooncdn.com/products/tr:n-t_800/8fcb8d8c40005bbbba9a7be319324250|pzsku/Z6C37EF3B0E9E52D4E990Z/45/1770802807/44b13ac8-bb9b-47c5-9154-255805fc6b90.jpg', 'https://z.nooncdn.com/products/tr:n-t_800/8fcb8d8c40005bbbba9a7be319324250|pzsku/Z6C37EF3B0E9E52D4E990Z/45/1770802807/94e8c222-88dd-49b2-a392-62c62c2b0baa.jpg', 'https://z.nooncdn.com/products/tr:n-t_800/8fcb8d8c40005bbbba9a7be319324250|pzsku/Z6C37EF3B0E9E52D4E990Z/45/1770802807/29987d3e-bf79-4b4b-854b-edd63dba7f92.jpg', 'https://z.nooncdn.com/products/tr:n-t_800/8fcb8d8c40005bbbba9a7be319324250|pzsku/Z6C37EF3B0E9E52D4E990Z/45/1770802807/6dec5009-3e42-4206-a401-6195645299a9.jpg', 'https://z.nooncdn.com/products/tr:n-t_800/8fcb8d8c40005bbbba9a7be319324250|pzsku/Z6C37EF3B0E9E52D4E990Z/45/1770802807/723db8b6-524d-4520-b592-3a04be8dafc3.jpg', 'https://z.nooncdn.com/products/tr:n-t_800/8fcb8d8c40005bbbba9a7be319324250|pzsku/Z6C37EF3B0E9E52D4E990Z/45/1770802807/dc3d27d8-ba49-4fec-b8be-fbe9e5c0c636.jpg', 'https://z.nooncdn.com/products/tr:n-t_800/8fcb8d8c40005bbbba9a7be319324250|pzsku/Z6C37EF3B0E9E52D4E990Z/45/1770802807/4392a4fb-80d0-4353-ad85-f7fa01de69f1.jpg', 'https://z.nooncdn.com/products/tr:n-t_800/8fcb8d8c40005bbbba9a7be319324250|pzsku/Z6C37EF3B0E9E52D4E990Z/45/1770802807/b8457a4f-c760-4bf2-bcdc-d9cf5f9514d7.jpg', 'https://z.nooncdn.com/products/tr:n-t_800/8fcb8d8c40005bbbba9a7be319324250|pzsku/Z6C37EF3B0E9E52D4E990Z/45/1770802807/c00ea530-466d-4ed1-a34b-583cba97e3b4.jpg', 'https://z.nooncdn.com/products/tr:n-t_800/8fcb8d8c40005bbbba9a7be319324250|pzsku/Z6C37EF3B0E9E52D4E990Z/45/1770802807/6a2f87b2-f908-45dc-8ffa-c469ae17138a.jpg', 'https://z.nooncdn.com/products/tr:n-t_800/8fcb8d8c40005bbbba9a7be319324250|pzsku/Z6C37EF3B0E9E52D4E990Z/45/1770802807/f7e5d76f-b71b-4eac-9a70-ce97dcaba784.jpg']",NSAI60061088346-1-P1,2026-06-02 11:52:31+03:00,2026-06-03 11:48:37+03:00,2026-06-06 11:00:00+03:00,328.0,sar,null,,False,2026-06-02 13:59:41+03:00,delivered,PH28273049178S
NSAI60020085261,delivered,noon,False,False,a4c1f72bf40244e6f3c15570001b4b7a,ZDE34E2CD4E63F4376425Z-1,10501082,ZDE34E2CD4E63F4376425Z,4528344004592,AOI Matcha Japanese Pure 30g,pzsku/ZDE34E2CD4E63F4376425Z/45/_/1782129255/0daca77a-408e-41c0-a4d4-2f07d7e11825.jpg,https://z.nooncdn.com/products/tr:n-t_120/pzsku/ZDE34E2CD4E63F4376425Z/45/_/1782129255/0daca77a-408e-41c0-a4d4-2f07d7e11825.jpg,aoi,30,"['https://z.nooncdn.com/products/tr:n-t_800/pzsku/ZDE34E2CD4E63F4376425Z/45/_/1782129255/0daca77a-408e-41c0-a4d4-2f07d7e11825.jpg', 'https://z.nooncdn.com/products/tr:n-t_800/pzsku/ZDE34E2CD4E63F4376425Z/45/_/1782129369/baf6436c-ae0f-4298-a12e-1219a226f209.jpg', 'https://z.nooncdn.com/products/tr:n-t_800/pzsku/ZDE34E2CD4E63F4376425Z/45/_/1782129298/0e9ef4a8-c318-4a42-b9f3-5f04efccbf74.jpg', 'https://z.nooncdn.com/products/tr:n-t_800/pzsku/ZDE34E2CD4E63F4376425Z/45/_/1782129398/c424eff8-759d-422c-9ecd-8ee6d78637b4.jpg', 'https://z.nooncdn.com/products/tr:n-t_800/pzsku/ZDE34E2CD4E63F4376425Z/45/_/1782130661/1d7a84c8-3056-4524-a70c-08a6d8ad2486.jpg', 'https://z.nooncdn.com/products/tr:n-t_800/pzsku/ZDE34E2CD4E63F4376425Z/45/_/1782133658/a011d124-a3ce-4747-b842-1f6aa6d01795.jpg']",NSAI60020085261-1-P1,2026-06-02 02:21:11+03:00,2026-06-02 11:28:31+03:00,2026-06-04 12:00:00+03:00,65.0,sar,null,,False,2026-06-02 11:25:27+03:00,delivered,PH25953349584S
NSAI60048408807,delivered,noon,False,False,a70c26e2381d2858507b51dc1b36da6a,ZD36C87760DCF7F16C537Z-1,10103019,ZD36C87760DCF7F16C537Z,,Al-Hekma Fine White Alum Powder 250 g – Natural Mineral for Skincare & Deodorant Use,pzsku/ZD36C87760DCF7F16C537Z/45/1764146380/526a896d-43e1-41fd-bc47-5a8396d1603b.jpg,https://z.nooncdn.com/products/tr:n-t_120/pzsku/ZD36C87760DCF7F16C537Z/45/1764146380/526a896d-43e1-41fd-bc47-5a8396d1603b.jpg,elhekma,,['https://z.nooncdn.com/products/tr:n-t_800/pzsku/ZD36C87760DCF7F16C537Z/45/1764146380/526a896d-43e1-41fd-bc47-5a8396d1603b.jpg'],NSAI60048408807-3-P1,2026-06-02 05:24:57+03:00,2026-06-02 11:28:31+03:00,2026-06-04 12:00:00+03:00,21.64,sar,null,,False,2026-06-02 11:24:53+03:00,delivered,PH23331516852S
NSAI60084966745,delivered,noon,False,False,ab18b5f85404798e86a423a75c2eecfa,ZAAECD40C12DDDBF75F80Z-1,20108008,ZAAECD40C12DDDBF75F80Z,6285074002974,Bepanthen Moisturizing Cream 30 ml,pzsku/ZAAECD40C12DDDBF75F80Z/45/1756126104/bebab778-f6e2-401b-b477-5a34bbdf4753.jpg,https://z.nooncdn.com/products/tr:n-t_120/pzsku/ZAAECD40C12DDDBF75F80Z/45/1756126104/bebab778-f6e2-401b-b477-5a34bbdf4753.jpg,bepanthen,,"['https://z.nooncdn.com/products/tr:n-t_800/pzsku/ZAAECD40C12DDDBF75F80Z/45/1756126104/bebab778-f6e2-401b-b477-5a34bbdf4753.jpg', 'https://z.nooncdn.com/products/tr:n-t_800/pzsku/ZAAECD40C12DDDBF75F80Z/45/1756125890/e922e484-7b1f-4f7f-95f7-bf2188d5c3c5.jpg']",NSAI60084966745-2-P1,2026-06-02 11:14:18+03:00,2026-06-02 11:28:31+03:00,2026-06-06 12:00:00+03:00,25.21,sar,null,,False,2026-06-02 11:25:52+03:00,delivered,PH27611747645S
NSAI50040700630,delivered,noon,False,False,a8cfcde6d35b621591e9f6ed9671c8aa,ZE591002DBB2E5F80B35CZ-1,Z.17704621264793444.1,ZE591002DBB2E5F80B35CZ,,AOi Matcha Japanese Pure Matcha Powder 100g x 2 | Premium Authentic Green Matcha,8fcb8d8c40005bbbba9a7be319324250|pzsku/ZE591002DBB2E5F80B35CZ/45/1770710447/d0abecb1-e3e7-417e-a774-9527842b27ea.jpg,https://z.nooncdn.com/products/tr:n-t_120/8fcb8d8c40005bbbba9a7be319324250|pzsku/ZE591002DBB2E5F80B35CZ/45/1770710447/d0abecb1-e3e7-417e-a774-9527842b27ea.jpg,aoi,100,"['https://z.nooncdn.com/products/tr:n-t_800/8fcb8d8c40005bbbba9a7be319324250|pzsku/ZE591002DBB2E5F80B35CZ/45/1770710447/d0abecb1-e3e7-417e-a774-9527842b27ea.jpg', 'https://z.nooncdn.com/products/tr:n-t_800/8fcb8d8c40005bbbba9a7be319324250|pzsku/ZE591002DBB2E5F80B35CZ/45/1770710447/f434f8dc-75ed-4ee1-832a-0e4c45c528f9.jpg', 'https://z.nooncdn.com/products/tr:n-t_800/8fcb8d8c40005bbbba9a7be319324250|pzsku/ZE591002DBB2E5F80B35CZ/45/1770710447/b17c19d2-9c60-49c1-a379-5ef415bf4f69.jpg', 'https://z.nooncdn.com/products/tr:n-t_800/8fcb8d8c40005bbbba9a7be319324250|pzsku/ZE591002DBB2E5F80B35CZ/45/1770710447/d72f7d10-9f07-488b-b169-4012159a5e2d.jpg']",NSAI50040700630-1-P1,2026-06-01 00:42:48+03:00,2026-06-01 11:43:18+03:00,2026-06-03 12:00:00+03:00,149.0,sar,null,,False,2026-06-01 08:47:17+03:00,delivered,PH20361856577S
NSAI60085210252,delivered,noon,False,False,a8cfcde6d35b621591e9f6ed9671c8aa,ZE591002DBB2E5F80B35CZ-1,Z.17704621264793444.1,ZE591002DBB2E5F80B35CZ,,AOi Matcha Japanese Pure Matcha Powder 100g x 2 | Premium Authentic Green Matcha,8fcb8d8c40005bbbba9a7be319324250|pzsku/ZE591002DBB2E5F80B35CZ/45/1770710447/d0abecb1-e3e7-417e-a774-9527842b27ea.jpg,https://z.nooncdn.com/products/tr:n-t_120/8fcb8d8c40005bbbba9a7be319324250|pzsku/ZE591002DBB2E5F80B35CZ/45/1770710447/d0abecb1-e3e7-417e-a774-9527842b27ea.jpg,aoi,100,"['https://z.nooncdn.com/products/tr:n-t_800/8fcb8d8c40005bbbba9a7be319324250|pzsku/ZE591002DBB2E5F80B35CZ/45/1770710447/d0abecb1-e3e7-417e-a774-9527842b27ea.jpg', 'https://z.nooncdn.com/products/tr:n-t_800/8fcb8d8c40005bbbba9a7be319324250|pzsku/ZE591002DBB2E5F80B35CZ/45/1770710447/f434f8dc-75ed-4ee1-832a-0e4c45c528f9.jpg', 'https://z.nooncdn.com/products/tr:n-t_800/8fcb8d8c40005bbbba9a7be319324250|pzsku/ZE591002DBB2E5F80B35CZ/45/1770710447/b17c19d2-9c60-49c1-a379-5ef415bf4f69.jpg', 'https://z.nooncdn.com/products/tr:n-t_800/8fcb8d8c40005bbbba9a7be319324250|pzsku/ZE591002DBB2E5F80B35CZ/45/1770710447/d72f7d10-9f07-488b-b169-4012159a5e2d.jpg']",NSAI60085210252-5-P1,2026-06-01 11:07:15+03:00,2026-06-01 11:43:18+03:00,2026-06-04 11:00:00+03:00,149.0,sar,null,,False,2026-06-01 11:41:19+03:00,delivered,PH24549989779S
NSAI50090634664,delivered,noon,False,False,a30aefc9d667eabd9183a74cd0fcf37a,ZB36598FD539C56D24F38Z-1,10615007,ZB36598FD539C56D24F38Z,,Fayfa Natural Ginseng Powder 20g,pzsku/ZB36598FD539C56D24F38Z/45/_/1785426461/af4b8c05-8973-40de-bee3-075ec7101241.jpg,https://z.nooncdn.com/products/tr:n-t_120/pzsku/ZB36598FD539C56D24F38Z/45/_/1785426461/af4b8c05-8973-40de-bee3-075ec7101241.jpg,fayfa,,"['https://z.nooncdn.com/products/tr:n-t_800/pzsku/ZB36598FD539C56D24F38Z/45/_/1785426461/af4b8c05-8973-40de-bee3-075ec7101241.jpg', 'https://z.nooncdn.com/products/tr:n-t_800/pzsku/ZB36598FD539C56D24F38Z/45/_/1785426461/894588f8-382d-47d3-9893-598e2966f90f.jpg', 'https://z.nooncdn.com/products/tr:n-t_800/pzsku/ZB36598FD539C56D24F38Z/45/_/1785426499/487a4aad-be65-4d85-824f-5b7281a26bfb.jpg', 'https://z.nooncdn.com/products/tr:n-t_800/pzsku/ZB36598FD539C56D24F38Z/45/_/1785426527/ae0346f0-46a0-45d6-aecb-bd5e17eace8c.jpg', 'https://z.nooncdn.com/products/tr:n-t_800/pzsku/ZB36598FD539C56D24F38Z/45/_/1785426533/00ef1add-e3d8-44c1-aae6-c9004bc6063f.jpg', 'https://z.nooncdn.com/products/tr:n-t_800/pzsku/ZB36598FD539C56D24F38Z/45/_/1785426589/231d2ee3-ae4b-413d-b482-7fdd32484c76.jpg']",NSAI50090634664-5-P1,2026-05-30 14:38:52+03:00,2026-05-31 11:45:43+03:00,2026-06-02 12:00:00+03:00,33.49,sar,null,,False,2026-05-30 15:03:30+03:00,delivered,PH21533934144S
NSAI50073699191,delivered,noon,False,False,a65f744d862fcb05688e1ccc7cb2931a,Z9CFC61A1FDC8370A179AZ-1,10303003,Z9CFC61A1FDC8370A179AZ,048176612450,Mantova Organic Pumpkin Seed Oil  500 ml,pzsku/Z9CFC61A1FDC8370A179AZ/45/_/1775133305/4c659b03-7e51-4b82-b909-d5ae4ce4e75e.jpg,https://z.nooncdn.com/products/tr:n-t_120/pzsku/Z9CFC61A1FDC8370A179AZ/45/_/1775133305/4c659b03-7e51-4b82-b909-d5ae4ce4e75e.jpg,mantova,,['https://z.nooncdn.com/products/tr:n-t_800/pzsku/Z9CFC61A1FDC8370A179AZ/45/_/1775133305/4c659b03-7e51-4b82-b909-d5ae4ce4e75e.jpg'],NSAI50073699191-1-P1,2026-05-31 05:46:44+03:00,2026-05-31 11:45:42+03:00,2026-06-02 12:00:00+03:00,82.06,sar,null,,False,2026-05-31 09:43:19+03:00,delivered,PH25945221176S
NSAI50005668805,delivered,noon,False,False,a503c178bbba0c0959f753bf64009c4a,ZF1D6A81855A9170446FAZ-1,10614005,ZF1D6A81855A9170446FAZ,6285725003022,Fayfa Natural Date Palm Pollen Powder  20g,pzsku/ZF1D6A81855A9170446FAZ/45/_/1785155586/35ea6f6a-b4bc-4c13-9e3f-c9c7fcf6bfcd.jpg,https://z.nooncdn.com/products/tr:n-t_120/pzsku/ZF1D6A81855A9170446FAZ/45/_/1785155586/35ea6f6a-b4bc-4c13-9e3f-c9c7fcf6bfcd.jpg,fayfa,,"['https://z.nooncdn.com/products/tr:n-t_800/pzsku/ZF1D6A81855A9170446FAZ/45/_/1785155586/35ea6f6a-b4bc-4c13-9e3f-c9c7fcf6bfcd.jpg', 'https://z.nooncdn.com/products/tr:n-t_800/pzsku/ZF1D6A81855A9170446FAZ/45/_/1785155569/58cf794a-4768-4fa6-9c68-be54db061249.jpg', 'https://z.nooncdn.com/products/tr:n-t_800/pzsku/ZF1D6A81855A9170446FAZ/45/_/1785155586/48fb5577-84fd-4052-b782-0211d6b8cc9b.jpg', 'https://z.nooncdn.com/products/tr:n-t_800/pzsku/ZF1D6A81855A9170446FAZ/45/_/1785155598/65bb884b-f1e5-4850-838d-369f7b1c62d7.jpg', 'https://z.nooncdn.com/products/tr:n-t_800/pzsku/ZF1D6A81855A9170446FAZ/45/_/1785155598/d5151f2d-14f2-4a8a-881e-eb3d20e653b0.jpg', 'https://z.nooncdn.com/products/tr:n-t_800/pzsku/ZF1D6A81855A9170446FAZ/45/_/1785155617/5430c2c4-bd17-4af4-898a-0bdfb9a00205.jpg', 'https://z.nooncdn.com/products/tr:n-t_800/pzsku/ZF1D6A81855A9170446FAZ/45/_/1785155622/745fe20f-005f-486a-9c6d-df4278319391.jpg']",NSAI50005668805-3-P1,2026-05-25 12:56:11+03:00,2026-05-30 13:52:58+03:00,2026-06-01 11:00:00+03:00,33.6,sar,null,,False,2026-05-25 18:05:12+03:00,delivered,PH22343325337S
NSAI50039492454,delivered,noon,False,False,ac8d7a48d8632f0e8e94807806ed113a,Z19483F76129744EE42D4Z-1,10103027,Z19483F76129744EE42D4Z,,Al-Hekma Fifa Roumi Herbal Mix 1000 g – Natural Traditional Cleansing Blend,pzsku/Z19483F76129744EE42D4Z/45/_/1785155028/fc73c5a9-e880-46b2-9815-cf923c4c7388.jpg,https://z.nooncdn.com/products/tr:n-t_120/pzsku/Z19483F76129744EE42D4Z/45/_/1785155028/fc73c5a9-e880-46b2-9815-cf923c4c7388.jpg,fayfa,,"['https://z.nooncdn.com/products/tr:n-t_800/pzsku/Z19483F76129744EE42D4Z/45/_/1785155028/fc73c5a9-e880-46b2-9815-cf923c4c7388.jpg', 'https://z.nooncdn.com/products/tr:n-t_800/pzsku/Z19483F76129744EE42D4Z/45/_/1785155028/c9889728-5eb8-4873-b4ca-421fbbb86765.jpg', 'https://z.nooncdn.com/products/tr:n-t_800/pzsku/Z19483F76129744EE42D4Z/45/_/1785155028/02f1d606-d7b6-427e-8295-35f9a935aa52.jpg', 'https://z.nooncdn.com/products/tr:n-t_800/pzsku/Z19483F76129744EE42D4Z/45/_/1785155028/a746ec50-545b-4bba-8ea9-7c9edde33f7f.jpg', 'https://z.nooncdn.com/products/tr:n-t_800/pzsku/Z19483F76129744EE42D4Z/45/_/1785155028/c342f514-a727-46e4-a9b4-63932d62ad3a.jpg', 'https://z.nooncdn.com/products/tr:n-t_800/pzsku/Z19483F76129744EE42D4Z/45/_/1785155028/2401e8ec-6bae-43fa-bd4d-49f0de9cd51a.jpg', 'https://z.nooncdn.com/products/tr:n-t_800/pzsku/Z19483F76129744EE42D4Z/45/_/1785155028/20c0e25e-faf0-4fc3-9c19-57d81da4c2a2.jpg']",NSAI50039492454-2-P1,2026-05-27 16:33:07+03:00,2026-05-30 13:52:58+03:00,2026-06-02 12:00:00+03:00,26.46,sar,null,,False,2026-05-28 13:35:15+03:00,delivered,PH25060714299S
NSAI50047459023,delivered,noon,False,False,aebb788a9c84ca24afeb208c711c343a,ZEB15203C5A9E956AAA84Z-1,10504006,ZEB15203C5A9E956AAA84Z,6285725009499,Fayfa Lotus Root Drink 60 Tea Bags,pzsku/ZEB15203C5A9E956AAA84Z/45/_/1785154042/587cee7c-5b71-45cc-9a09-3f078b0a3db4.jpg,https://z.nooncdn.com/products/tr:n-t_120/pzsku/ZEB15203C5A9E956AAA84Z/45/_/1785154042/587cee7c-5b71-45cc-9a09-3f078b0a3db4.jpg,fayfa,,"['https://z.nooncdn.com/products/tr:n-t_800/pzsku/ZEB15203C5A9E956AAA84Z/45/_/1785154042/587cee7c-5b71-45cc-9a09-3f078b0a3db4.jpg', 'https://z.nooncdn.com/products/tr:n-t_800/pzsku/ZEB15203C5A9E956AAA84Z/45/_/1785154042/1688e944-e180-4115-ab56-421cbad71cde.jpg', 'https://z.nooncdn.com/products/tr:n-t_800/pzsku/ZEB15203C5A9E956AAA84Z/45/_/1785154042/8d35e425-dc70-43ba-b302-e86da5144302.jpg', 'https://z.nooncdn.com/products/tr:n-t_800/pzsku/ZEB15203C5A9E956AAA84Z/45/_/1785154042/2f20da1a-11af-4966-98b2-45ae54310e1e.jpg', 'https://z.nooncdn.com/products/tr:n-t_800/pzsku/ZEB15203C5A9E956AAA84Z/45/_/1785154042/4655fe08-7874-423c-81c7-ab4d0c2c999c.jpg', 'https://z.nooncdn.com/products/tr:n-t_800/pzsku/ZEB15203C5A9E956AAA84Z/45/_/1785154071/8fd64a80-9969-4136-a901-2e8e1e05f304.jpg', 'https://z.nooncdn.com/products/tr:n-t_800/pzsku/ZEB15203C5A9E956AAA84Z/45/_/1785154071/e425f448-0b7c-49ea-874b-dfbb78f891d5.jpg']",NSAI50047459023-2-P1,2026-05-28 14:45:27+03:00,2026-05-30 13:52:58+03:00,2026-06-02 11:00:00+03:00,175.0,sar,null,,False,2026-05-28 18:04:20+03:00,delivered,PH25111687643S
NSAI50062924473,delivered,noon,False,False,a65f744d862fcb05688e1ccc7cb2931a,Z9CFC61A1FDC8370A179AZ-1,10303003,Z9CFC61A1FDC8370A179AZ,048176612450,Mantova Organic Pumpkin Seed Oil  500 ml,pzsku/Z9CFC61A1FDC8370A179AZ/45/_/1775133305/4c659b03-7e51-4b82-b909-d5ae4ce4e75e.jpg,https://z.nooncdn.com/products/tr:n-t_120/pzsku/Z9CFC61A1FDC8370A179AZ/45/_/1775133305/4c659b03-7e51-4b82-b909-d5ae4ce4e75e.jpg,mantova,,['https://z.nooncdn.com/products/tr:n-t_800/pzsku/Z9CFC61A1FDC8370A179AZ/45/_/1775133305/4c659b03-7e51-4b82-b909-d5ae4ce4e75e.jpg'],NSAI50062924473-1-P1,2026-05-28 19:34:43+03:00,2026-05-30 13:52:58+03:00,2026-06-02 12:00:00+03:00,82.06,sar,null,,False,2026-05-29 15:13:31+03:00,delivered,PH20073679963S
NSAI50062924473,delivered,noon,False,False,a65f744d862fcb05688e1ccc7cb2931a,Z9CFC61A1FDC8370A179AZ-1,10303003,Z9CFC61A1FDC8370A179AZ,048176612450,Mantova Organic Pumpkin Seed Oil  500 ml,pzsku/Z9CFC61A1FDC8370A179AZ/45/_/1775133305/4c659b03-7e51-4b82-b909-d5ae4ce4e75e.jpg,https://z.nooncdn.com/products/tr:n-t_120/pzsku/Z9CFC61A1FDC8370A179AZ/45/_/1775133305/4c659b03-7e51-4b82-b909-d5ae4ce4e75e.jpg,mantova,,['https://z.nooncdn.com/products/tr:n-t_800/pzsku/Z9CFC61A1FDC8370A179AZ/45/_/1775133305/4c659b03-7e51-4b82-b909-d5ae4ce4e75e.jpg'],NSAI50062924473-10-P1,2026-05-28 19:34:43+03:00,2026-05-30 13:52:58+03:00,2026-06-02 12:00:00+03:00,82.06,sar,null,,False,2026-05-29 15:13:31+03:00,delivered,PH20073679963S
NSAI50062924473,delivered,noon,False,False,a65f744d862fcb05688e1ccc7cb2931a,Z9CFC61A1FDC8370A179AZ-1,10303003,Z9CFC61A1FDC8370A179AZ,048176612450,Mantova Organic Pumpkin Seed Oil  500 ml,pzsku/Z9CFC61A1FDC8370A179AZ/45/_/1775133305/4c659b03-7e51-4b82-b909-d5ae4ce4e75e.jpg,https://z.nooncdn.com/products/tr:n-t_120/pzsku/Z9CFC61A1FDC8370A179AZ/45/_/1775133305/4c659b03-7e51-4b82-b909-d5ae4ce4e75e.jpg,mantova,,['https://z.nooncdn.com/products/tr:n-t_800/pzsku/Z9CFC61A1FDC8370A179AZ/45/_/1775133305/4c659b03-7e51-4b82-b909-d5ae4ce4e75e.jpg'],NSAI50062924473-2-P1,2026-05-28 19:34:43+03:00,2026-05-30 13:52:58+03:00,2026-06-02 12:00:00+03:00,82.06,sar,null,,False,2026-05-29 15:13:31+03:00,delivered,PH20073679963S
NSAI50062924473,delivered,noon,False,False,a65f744d862fcb05688e1ccc7cb2931a,Z9CFC61A1FDC8370A179AZ-1,10303003,Z9CFC61A1FDC8370A179AZ,048176612450,Mantova Organic Pumpkin Seed Oil  500 ml,pzsku/Z9CFC61A1FDC8370A179AZ/45/_/1775133305/4c659b03-7e51-4b82-b909-d5ae4ce4e75e.jpg,https://z.nooncdn.com/products/tr:n-t_120/pzsku/Z9CFC61A1FDC8370A179AZ/45/_/1775133305/4c659b03-7e51-4b82-b909-d5ae4ce4e75e.jpg,mantova,,['https://z.nooncdn.com/products/tr:n-t_800/pzsku/Z9CFC61A1FDC8370A179AZ/45/_/1775133305/4c659b03-7e51-4b82-b909-d5ae4ce4e75e.jpg'],NSAI50062924473-3-P1,2026-05-28 19:34:43+03:00,2026-05-30 13:52:58+03:00,2026-06-02 12:00:00+03:00,82.06,sar,null,,False,2026-05-29 15:13:31+03:00,delivered,PH20073679963S
NSAI50062924473,delivered,noon,False,False,a65f744d862fcb05688e1ccc7cb2931a,Z9CFC61A1FDC8370A179AZ-1,10303003,Z9CFC61A1FDC8370A179AZ,048176612450,Mantova Organic Pumpkin Seed Oil  500 ml,pzsku/Z9CFC61A1FDC8370A179AZ/45/_/1775133305/4c659b03-7e51-4b82-b909-d5ae4ce4e75e.jpg,https://z.nooncdn.com/products/tr:n-t_120/pzsku/Z9CFC61A1FDC8370A179AZ/45/_/1775133305/4c659b03-7e51-4b82-b909-d5ae4ce4e75e.jpg,mantova,,['https://z.nooncdn.com/products/tr:n-t_800/pzsku/Z9CFC61A1FDC8370A179AZ/45/_/1775133305/4c659b03-7e51-4b82-b909-d5ae4ce4e75e.jpg'],NSAI50062924473-4-P1,2026-05-28 19:34:43+03:00,2026-05-30 13:52:58+03:00,2026-06-02 12:00:00+03:00,82.06,sar,null,,False,2026-05-29 15:13:31+03:00,delivered,PH20073679963S
NSAI50062924473,delivered,noon,False,False,a65f744d862fcb05688e1ccc7cb2931a,Z9CFC61A1FDC8370A179AZ-1,10303003,Z9CFC61A1FDC8370A179AZ,048176612450,Mantova Organic Pumpkin Seed Oil  500 ml,pzsku/Z9CFC61A1FDC8370A179AZ/45/_/1775133305/4c659b03-7e51-4b82-b909-d5ae4ce4e75e.jpg,https://z.nooncdn.com/products/tr:n-t_120/pzsku/Z9CFC61A1FDC8370A179AZ/45/_/1775133305/4c659b03-7e51-4b82-b909-d5ae4ce4e75e.jpg,mantova,,['https://z.nooncdn.com/products/tr:n-t_800/pzsku/Z9CFC61A1FDC8370A179AZ/45/_/1775133305/4c659b03-7e51-4b82-b909-d5ae4ce4e75e.jpg'],NSAI50062924473-5-P1,2026-05-28 19:34:43+03:00,2026-05-30 13:52:58+03:00,2026-06-02 12:00:00+03:00,82.06,sar,null,,False,2026-05-29 15:13:31+03:00,delivered,PH20073679963S
NSAI50062924473,delivered,noon,False,False,a65f744d862fcb05688e1ccc7cb2931a,Z9CFC61A1FDC8370A179AZ-1,10303003,Z9CFC61A1FDC8370A179AZ,048176612450,Mantova Organic Pumpkin Seed Oil  500 ml,pzsku/Z9CFC61A1FDC8370A179AZ/45/_/1775133305/4c659b03-7e51-4b82-b909-d5ae4ce4e75e.jpg,https://z.nooncdn.com/products/tr:n-t_120/pzsku/Z9CFC61A1FDC8370A179AZ/45/_/1775133305/4c659b03-7e51-4b82-b909-d5ae4ce4e75e.jpg,mantova,,['https://z.nooncdn.com/products/tr:n-t_800/pzsku/Z9CFC61A1FDC8370A179AZ/45/_/1775133305/4c659b03-7e51-4b82-b909-d5ae4ce4e75e.jpg'],NSAI50062924473-6-P1,2026-05-28 19:34:43+03:00,2026-05-30 13:52:58+03:00,2026-06-02 12:00:00+03:00,82.06,sar,null,,False,2026-05-29 15:13:31+03:00,delivered,PH20073679963S
NSAI50062924473,delivered,noon,False,False,a65f744d862fcb05688e1ccc7cb2931a,Z9CFC61A1FDC8370A179AZ-1,10303003,Z9CFC61A1FDC8370A179AZ,048176612450,Mantova Organic Pumpkin Seed Oil  500 ml,pzsku/Z9CFC61A1FDC8370A179AZ/45/_/1775133305/4c659b03-7e51-4b82-b909-d5ae4ce4e75e.jpg,https://z.nooncdn.com/products/tr:n-t_120/pzsku/Z9CFC61A1FDC8370A179AZ/45/_/1775133305/4c659b03-7e51-4b82-b909-d5ae4ce4e75e.jpg,mantova,,['https://z.nooncdn.com/products/tr:n-t_800/pzsku/Z9CFC61A1FDC8370A179AZ/45/_/1775133305/4c659b03-7e51-4b82-b909-d5ae4ce4e75e.jpg'],NSAI50062924473-7-P1,2026-05-28 19:34:43+03:00,2026-05-30 13:52:58+03:00,2026-06-02 12:00:00+03:00,82.06,sar,null,,False,2026-05-29 15:13:31+03:00,delivered,PH20073679963S
NSAI50062924473,delivered,noon,False,False,a65f744d862fcb05688e1ccc7cb2931a,Z9CFC61A1FDC8370A179AZ-1,10303003,Z9CFC61A1FDC8370A179AZ,048176612450,Mantova Organic Pumpkin Seed Oil  500 ml,pzsku/Z9CFC61A1FDC8370A179AZ/45/_/1775133305/4c659b03-7e51-4b82-b909-d5ae4ce4e75e.jpg,https://z.nooncdn.com/products/tr:n-t_120/pzsku/Z9CFC61A1FDC8370A179AZ/45/_/1775133305/4c659b03-7e51-4b82-b909-d5ae4ce4e75e.jpg,mantova,,['https://z.nooncdn.com/products/tr:n-t_800/pzsku/Z9CFC61A1FDC8370A179AZ/45/_/1775133305/4c659b03-7e51-4b82-b909-d5ae4ce4e75e.jpg'],NSAI50062924473-8-P1,2026-05-28 19:34:43+03:00,2026-05-30 13:52:58+03:00,2026-06-02 12:00:00+03:00,82.06,sar,null,,False,2026-05-29 15:13:31+03:00,delivered,PH20073679963S
NSAI50062924473,delivered,noon,False,False,a65f744d862fcb05688e1ccc7cb2931a,Z9CFC61A1FDC8370A179AZ-1,10303003,Z9CFC61A1FDC8370A179AZ,048176612450,Mantova Organic Pumpkin Seed Oil  500 ml,pzsku/Z9CFC61A1FDC8370A179AZ/45/_/1775133305/4c659b03-7e51-4b82-b909-d5ae4ce4e75e.jpg,https://z.nooncdn.com/products/tr:n-t_120/pzsku/Z9CFC61A1FDC8370A179AZ/45/_/1775133305/4c659b03-7e51-4b82-b909-d5ae4ce4e75e.jpg,mantova,,['https://z.nooncdn.com/products/tr:n-t_800/pzsku/Z9CFC61A1FDC8370A179AZ/45/_/1775133305/4c659b03-7e51-4b82-b909-d5ae4ce4e75e.jpg'],NSAI50062924473-9-P1,2026-05-28 19:34:43+03:00,2026-05-30 13:52:58+03:00,2026-06-02 12:00:00+03:00,82.06,sar,null,,False,2026-05-29 15:13:31+03:00,delivered,PH20073679963S
NSAI50066265465,delivered,noon,False,False,ab18b5f85404798e86a423a75c2eecfa,ZAAECD40C12DDDBF75F80Z-1,20108008,ZAAECD40C12DDDBF75F80Z,6285074002974,Bepanthen Moisturizing Cream 30 ml,pzsku/ZAAECD40C12DDDBF75F80Z/45/1756126104/bebab778-f6e2-401b-b477-5a34bbdf4753.jpg,https://z.nooncdn.com/products/tr:n-t_120/pzsku/ZAAECD40C12DDDBF75F80Z/45/1756126104/bebab778-f6e2-401b-b477-5a34bbdf4753.jpg,bepanthen,,"['https://z.nooncdn.com/products/tr:n-t_800/pzsku/ZAAECD40C12DDDBF75F80Z/45/1756126104/bebab778-f6e2-401b-b477-5a34bbdf4753.jpg', 'https://z.nooncdn.com/products/tr:n-t_800/pzsku/ZAAECD40C12DDDBF75F80Z/45/1756125890/e922e484-7b1f-4f7f-95f7-bf2188d5c3c5.jpg']",NSAI50066265465-3-P1,2026-05-29 11:27:46+03:00,2026-05-30 13:52:58+03:00,2026-06-02 12:00:00+03:00,25.21,sar,null,,False,2026-05-29 15:15:37+03:00,delivered,PH23852647798S
NSAI50071339323,delivered,noon,False,False,a70c26e2381d2858507b51dc1b36da6a,ZD36C87760DCF7F16C537Z-1,10103019,ZD36C87760DCF7F16C537Z,,Al-Hekma Fine White Alum Powder 250 g – Natural Mineral for Skincare & Deodorant Use,pzsku/ZD36C87760DCF7F16C537Z/45/1764146380/526a896d-43e1-41fd-bc47-5a8396d1603b.jpg,https://z.nooncdn.com/products/tr:n-t_120/pzsku/ZD36C87760DCF7F16C537Z/45/1764146380/526a896d-43e1-41fd-bc47-5a8396d1603b.jpg,elhekma,,['https://z.nooncdn.com/products/tr:n-t_800/pzsku/ZD36C87760DCF7F16C537Z/45/1764146380/526a896d-43e1-41fd-bc47-5a8396d1603b.jpg'],NSAI50071339323-2-P1,2026-05-25 03:46:40+03:00,2026-05-25 11:33:45+03:00,2026-05-31 11:00:00+03:00,21.64,sar,null,,False,2026-05-25 08:50:10+03:00,delivered,PH28449209175S
NSAI50080142666,delivered,noon,False,False,ae7f334227d77256557c2f6add03e58a,ZCE7D6217393CF0BED9F3Z-1,10602010,ZCE7D6217393CF0BED9F3Z,048176661946,Mantova Organic Apple Cider Vinegar with Turmeric & Cinnamon 500 ml,pzsku/ZCE7D6217393CF0BED9F3Z/45/1756293109/2fa1bdec-7c70-46b3-b3c5-1edf8c4b014a.jpg,https://z.nooncdn.com/products/tr:n-t_120/pzsku/ZCE7D6217393CF0BED9F3Z/45/1756293109/2fa1bdec-7c70-46b3-b3c5-1edf8c4b014a.jpg,mantova,,['https://z.nooncdn.com/products/tr:n-t_800/pzsku/ZCE7D6217393CF0BED9F3Z/45/1756293109/2fa1bdec-7c70-46b3-b3c5-1edf8c4b014a.jpg'],NSAI50080142666-1-P1,2026-05-24 02:11:45+03:00,2026-05-24 11:59:19+03:00,2026-05-30 11:00:00+03:00,22.95,sar,null,,False,2026-05-24 09:41:12+03:00,delivered,PH29169946570S
NSAI50023874733,delivered,noon,False,False,ada2fc96828d9e282c989907ab8eb39a,Z827F0966D72D581D3233Z-1,10503029.1,Z827F0966D72D581D3233Z,8997236230047,Parsa Drink with Ginseng 100 g – 5 Sachets,pzsku/Z827F0966D72D581D3233Z/45/1754986686/8716e0ce-81c4-441c-a287-688b45e32d08.jpg,https://z.nooncdn.com/products/tr:n-t_120/pzsku/Z827F0966D72D581D3233Z/45/1754986686/8716e0ce-81c4-441c-a287-688b45e32d08.jpg,parsa_coffee,,"['https://z.nooncdn.com/products/tr:n-t_800/pzsku/Z827F0966D72D581D3233Z/45/1754986686/8716e0ce-81c4-441c-a287-688b45e32d08.jpg', 'https://z.nooncdn.com/products/tr:n-t_800/pzsku/Z827F0966D72D581D3233Z/45/_/1782041470/d4ef559e-73bb-47b6-a72d-11ad1d55a27e.jpg', 'https://z.nooncdn.com/products/tr:n-t_800/pzsku/Z827F0966D72D581D3233Z/45/_/1782041546/92ad816f-294c-47cc-9af9-0770c1ff6156.jpg', 'https://z.nooncdn.com/products/tr:n-t_800/pzsku/Z827F0966D72D581D3233Z/45/_/1782041609/d37c5897-acd0-4c7f-a4a2-aed48a4af6ca.jpg', 'https://z.nooncdn.com/products/tr:n-t_800/pzsku/Z827F0966D72D581D3233Z/45/_/1782041993/4142305d-0316-4981-af9e-335208df08d8.jpg']",NSAI50023874733-2-P1,2026-05-23 12:37:56+03:00,2026-05-24 11:59:18+03:00,2026-05-30 11:00:00+03:00,70.0,sar,null,,False,2026-05-23 14:48:13+03:00,delivered,PH21605448563S
NSAI50038896290,delivered,noon,False,False,a94c12ff6b3b6332513b394fdf0391fa,ZC009C00149313EE53471Z-1,10504011,ZC009C00149313EE53471Z,653998144715,Zaadna Organic Ceylon Green Tea  100 gm,pzsku/ZC009C00149313EE53471Z/45/1752410966/cee4d720-94e5-4885-a1c8-77b26eae77fe.jpg,https://z.nooncdn.com/products/tr:n-t_120/pzsku/ZC009C00149313EE53471Z/45/1752410966/cee4d720-94e5-4885-a1c8-77b26eae77fe.jpg,zaadana,100,['https://z.nooncdn.com/products/tr:n-t_800/pzsku/ZC009C00149313EE53471Z/45/1752410966/cee4d720-94e5-4885-a1c8-77b26eae77fe.jpg'],NSAI50038896290-11-P1,2026-05-23 18:19:41+03:00,2026-05-24 11:59:18+03:00,2026-05-30 12:00:00+03:00,28.9,sar,null,,False,2026-05-23 19:09:54+03:00,delivered,PH22174798791S
NSAI50064219763,delivered,noon,False,False,a44c2e5462cf02a2123a76b3750fe06a,Z5F0C31CCAFC473B4E027Z-1,10103022,Z5F0C31CCAFC473B4E027Z,,Al-Hekma Fine Arabic Gum 100 g – Natural Herbal Digestive Support,pzsku/Z5F0C31CCAFC473B4E027Z/45/1764146381/18a471af-a254-4779-ae06-b4bfee1a26b6.jpg,https://z.nooncdn.com/products/tr:n-t_120/pzsku/Z5F0C31CCAFC473B4E027Z/45/1764146381/18a471af-a254-4779-ae06-b4bfee1a26b6.jpg,elhekma,,['https://z.nooncdn.com/products/tr:n-t_800/pzsku/Z5F0C31CCAFC473B4E027Z/45/1764146381/18a471af-a254-4779-ae06-b4bfee1a26b6.jpg'],NSAI50064219763-2-P1,2026-05-23 21:21:57+03:00,2026-05-24 11:59:18+03:00,2026-05-30 11:00:00+03:00,20.02,sar,null,,False,2026-05-24 09:44:20+03:00,delivered,PH23271601540S
NSAI50078695558,delivered,noon,False,False,ae7f334227d77256557c2f6add03e58a,ZCE7D6217393CF0BED9F3Z-1,10602010,ZCE7D6217393CF0BED9F3Z,048176661946,Mantova Organic Apple Cider Vinegar with Turmeric & Cinnamon 500 ml,pzsku/ZCE7D6217393CF0BED9F3Z/45/1756293109/2fa1bdec-7c70-46b3-b3c5-1edf8c4b014a.jpg,https://z.nooncdn.com/products/tr:n-t_120/pzsku/ZCE7D6217393CF0BED9F3Z/45/1756293109/2fa1bdec-7c70-46b3-b3c5-1edf8c4b014a.jpg,mantova,,['https://z.nooncdn.com/products/tr:n-t_800/pzsku/ZCE7D6217393CF0BED9F3Z/45/1756293109/2fa1bdec-7c70-46b3-b3c5-1edf8c4b014a.jpg'],NSAI50078695558-1-P1,2026-05-23 14:28:18+03:00,2026-05-24 11:59:18+03:00,2026-05-30 12:00:00+03:00,22.95,sar,null,,False,2026-05-23 14:52:22+03:00,delivered,PH29930803622S
NSAI50021731958,delivered,noon,False,False,a8cfcde6d35b621591e9f6ed9671c8aa,ZE591002DBB2E5F80B35CZ-1,Z.17704621264793444.1,ZE591002DBB2E5F80B35CZ,,AOi Matcha Japanese Pure Matcha Powder 100g x 2 | Premium Authentic Green Matcha,8fcb8d8c40005bbbba9a7be319324250|pzsku/ZE591002DBB2E5F80B35CZ/45/1770710447/d0abecb1-e3e7-417e-a774-9527842b27ea.jpg,https://z.nooncdn.com/products/tr:n-t_120/8fcb8d8c40005bbbba9a7be319324250|pzsku/ZE591002DBB2E5F80B35CZ/45/1770710447/d0abecb1-e3e7-417e-a774-9527842b27ea.jpg,aoi,100,"['https://z.nooncdn.com/products/tr:n-t_800/8fcb8d8c40005bbbba9a7be319324250|pzsku/ZE591002DBB2E5F80B35CZ/45/1770710447/d0abecb1-e3e7-417e-a774-9527842b27ea.jpg', 'https://z.nooncdn.com/products/tr:n-t_800/8fcb8d8c40005bbbba9a7be319324250|pzsku/ZE591002DBB2E5F80B35CZ/45/1770710447/f434f8dc-75ed-4ee1-832a-0e4c45c528f9.jpg', 'https://z.nooncdn.com/products/tr:n-t_800/8fcb8d8c40005bbbba9a7be319324250|pzsku/ZE591002DBB2E5F80B35CZ/45/1770710447/b17c19d2-9c60-49c1-a379-5ef415bf4f69.jpg', 'https://z.nooncdn.com/products/tr:n-t_800/8fcb8d8c40005bbbba9a7be319324250|pzsku/ZE591002DBB2E5F80B35CZ/45/1770710447/d72f7d10-9f07-488b-b169-4012159a5e2d.jpg']",NSAI50021731958-2-P1,2026-05-22 16:38:33+03:00,2026-05-23 11:34:39+03:00,2026-05-30 11:00:00+03:00,149.0,sar,null,,False,2026-05-23 10:48:20+03:00,delivered,PH22248019644S
NSAI50034614079,delivered,noon,False,False,a566b4ecb58a36c7e02ed2d226f3ec5a,Z1EDD2CF7F641CD3DCCF1Z-1,Z.17624181574445143,Z1EDD2CF7F641CD3DCCF1Z,,BB LAB Marine Collagen Offer 3 Packs × 30 Sachets – Skin Radiance & Elasticity Support – Anti Wrinkle – Biotin for Hair Skin Nails – Korean Supplement,8fcb8d8c40005bbbba9a7be319324250|pzsku/Z1EDD2CF7F641CD3DCCF1Z/45/1771150186/ccae59a3-bca1-4a0b-ad2e-a82cd7e7aeca.jpg,https://z.nooncdn.com/products/tr:n-t_120/8fcb8d8c40005bbbba9a7be319324250|pzsku/Z1EDD2CF7F641CD3DCCF1Z/45/1771150186/ccae59a3-bca1-4a0b-ad2e-a82cd7e7aeca.jpg,bb_lab,,"['https://z.nooncdn.com/products/tr:n-t_800/8fcb8d8c40005bbbba9a7be319324250|pzsku/Z1EDD2CF7F641CD3DCCF1Z/45/1771150186/ccae59a3-bca1-4a0b-ad2e-a82cd7e7aeca.jpg', 'https://z.nooncdn.com/products/tr:n-t_800/8fcb8d8c40005bbbba9a7be319324250|pzsku/Z1EDD2CF7F641CD3DCCF1Z/45/1771150186/8b161091-8cc2-4b9b-beda-bb2ab0ce46f9.jpg', 'https://z.nooncdn.com/products/tr:n-t_800/8fcb8d8c40005bbbba9a7be319324250|pzsku/Z1EDD2CF7F641CD3DCCF1Z/45/1771150186/325d90e6-15ef-4326-b9a5-6b3e57468a27.jpg', 'https://z.nooncdn.com/products/tr:n-t_800/8fcb8d8c40005bbbba9a7be319324250|pzsku/Z1EDD2CF7F641CD3DCCF1Z/45/1771150186/c2448d6a-e8fe-4440-901a-6133c6a2dfa1.jpg', 'https://z.nooncdn.com/products/tr:n-t_800/8fcb8d8c40005bbbba9a7be319324250|pzsku/Z1EDD2CF7F641CD3DCCF1Z/45/1771150186/48bb76ce-d6ca-4c04-8bf8-fe86c9935b9b.jpg', 'https://z.nooncdn.com/products/tr:n-t_800/8fcb8d8c40005bbbba9a7be319324250|pzsku/Z1EDD2CF7F641CD3DCCF1Z/45/1771150187/f8ed7ba1-003d-4e0e-b632-d2f5e517ada3.jpg', 'https://z.nooncdn.com/products/tr:n-t_800/8fcb8d8c40005bbbba9a7be319324250|pzsku/Z1EDD2CF7F641CD3DCCF1Z/45/1771150186/176e1900-fce1-476f-8dc6-8602908a44bc.jpg', 'https://z.nooncdn.com/products/tr:n-t_800/8fcb8d8c40005bbbba9a7be319324250|pzsku/Z1EDD2CF7F641CD3DCCF1Z/45/1771150186/437ad10d-750a-46fb-a607-0510124cf204.jpg', 'https://z.nooncdn.com/products/tr:n-t_800/8fcb8d8c40005bbbba9a7be319324250|pzsku/Z1EDD2CF7F641CD3DCCF1Z/45/1771150186/f184dd4c-c690-444f-90c0-63100e2b5376.jpg', 'https://z.nooncdn.com/products/tr:n-t_800/8fcb8d8c40005bbbba9a7be319324250|pzsku/Z1EDD2CF7F641CD3DCCF1Z/45/1771150186/368700f8-fdbb-45f9-972a-4123c4550b28.jpg']",NSAI50034614079-3-P1,2026-05-23 09:17:01+03:00,2026-05-23 11:34:39+03:00,2026-05-25 11:00:00+03:00,320.0,sar,null,,False,2026-05-23 10:43:55+03:00,delivered,PH26671355990S
NSAI50076413544,delivered,noon,False,False,ac8d7a48d8632f0e8e94807806ed113a,Z19483F76129744EE42D4Z-1,10103027,Z19483F76129744EE42D4Z,,Al-Hekma Fifa Roumi Herbal Mix 1000 g – Natural Traditional Cleansing Blend,pzsku/Z19483F76129744EE42D4Z/45/_/1785155028/fc73c5a9-e880-46b2-9815-cf923c4c7388.jpg,https://z.nooncdn.com/products/tr:n-t_120/pzsku/Z19483F76129744EE42D4Z/45/_/1785155028/fc73c5a9-e880-46b2-9815-cf923c4c7388.jpg,fayfa,,"['https://z.nooncdn.com/products/tr:n-t_800/pzsku/Z19483F76129744EE42D4Z/45/_/1785155028/fc73c5a9-e880-46b2-9815-cf923c4c7388.jpg', 'https://z.nooncdn.com/products/tr:n-t_800/pzsku/Z19483F76129744EE42D4Z/45/_/1785155028/c9889728-5eb8-4873-b4ca-421fbbb86765.jpg', 'https://z.nooncdn.com/products/tr:n-t_800/pzsku/Z19483F76129744EE42D4Z/45/_/1785155028/02f1d606-d7b6-427e-8295-35f9a935aa52.jpg', 'https://z.nooncdn.com/products/tr:n-t_800/pzsku/Z19483F76129744EE42D4Z/45/_/1785155028/a746ec50-545b-4bba-8ea9-7c9edde33f7f.jpg', 'https://z.nooncdn.com/products/tr:n-t_800/pzsku/Z19483F76129744EE42D4Z/45/_/1785155028/c342f514-a727-46e4-a9b4-63932d62ad3a.jpg', 'https://z.nooncdn.com/products/tr:n-t_800/pzsku/Z19483F76129744EE42D4Z/45/_/1785155028/2401e8ec-6bae-43fa-bd4d-49f0de9cd51a.jpg', 'https://z.nooncdn.com/products/tr:n-t_800/pzsku/Z19483F76129744EE42D4Z/45/_/1785155028/20c0e25e-faf0-4fc3-9c19-57d81da4c2a2.jpg']",NSAI50076413544-1-P1,2026-05-22 13:12:22+03:00,2026-05-23 11:34:39+03:00,2026-05-30 12:00:00+03:00,26.46,sar,null,,False,2026-05-23 10:50:29+03:00,delivered,PH22083228993S
NSAI50078044940,delivered,noon,False,False,ae7f334227d77256557c2f6add03e58a,ZCE7D6217393CF0BED9F3Z-1,10602010,ZCE7D6217393CF0BED9F3Z,048176661946,Mantova Organic Apple Cider Vinegar with Turmeric & Cinnamon 500 ml,pzsku/ZCE7D6217393CF0BED9F3Z/45/1756293109/2fa1bdec-7c70-46b3-b3c5-1edf8c4b014a.jpg,https://z.nooncdn.com/products/tr:n-t_120/pzsku/ZCE7D6217393CF0BED9F3Z/45/1756293109/2fa1bdec-7c70-46b3-b3c5-1edf8c4b014a.jpg,mantova,,['https://z.nooncdn.com/products/tr:n-t_800/pzsku/ZCE7D6217393CF0BED9F3Z/45/1756293109/2fa1bdec-7c70-46b3-b3c5-1edf8c4b014a.jpg'],NSAI50078044940-1-P1,2026-05-23 03:12:34+03:00,2026-05-23 11:34:39+03:00,2026-05-25 12:00:00+03:00,22.95,sar,null,,False,2026-05-23 10:47:45+03:00,delivered,PH20914037681S
NSAI50078044940,delivered,noon,False,False,a07cf43f6ba422d86188e33d16a83a9a,ZF10EE3F93BF0B697440BZ-1,10602009,ZF10EE3F93BF0B697440BZ,048176661847,Mantova Organic Apple Cider Vinegar with Turmeric & Ginger 500 ml,pzsku/ZF10EE3F93BF0B697440BZ/45/1756290763/d2cadcb8-ce02-49aa-853c-2f1a424e6963.jpg,https://z.nooncdn.com/products/tr:n-t_120/pzsku/ZF10EE3F93BF0B697440BZ/45/1756290763/d2cadcb8-ce02-49aa-853c-2f1a424e6963.jpg,mantova,,['https://z.nooncdn.com/products/tr:n-t_800/pzsku/ZF10EE3F93BF0B697440BZ/45/1756290763/d2cadcb8-ce02-49aa-853c-2f1a424e6963.jpg'],NSAI50078044940-3-P1,2026-05-23 03:12:34+03:00,2026-05-23 11:34:39+03:00,2026-05-25 12:00:00+03:00,23.94,sar,null,,False,2026-05-23 10:47:45+03:00,delivered,PH20914037681S
NSAI50011842356,delivered,noon,False,False,a44440876e65dd66296f81dd05386ada,Z3C95BFA45F85BB09B7F7Z-1,20108057,Z3C95BFA45F85BB09B7F7Z,,Panthenol Plus Classic Cream 100 ml – Deep Hydrating & Skin Repair Care,pzsku/Z3C95BFA45F85BB09B7F7Z/45/1764146386/4aab58ae-02a0-44d3-88e6-807ca5b900a0.jpg,https://z.nooncdn.com/products/tr:n-t_120/pzsku/Z3C95BFA45F85BB09B7F7Z/45/1764146386/4aab58ae-02a0-44d3-88e6-807ca5b900a0.jpg,panthenol,,"['https://z.nooncdn.com/products/tr:n-t_800/pzsku/Z3C95BFA45F85BB09B7F7Z/45/1764146386/4aab58ae-02a0-44d3-88e6-807ca5b900a0.jpg', 'https://z.nooncdn.com/products/tr:n-t_800/pzsku/Z3C95BFA45F85BB09B7F7Z/45/1764146386/13bc52aa-0b91-4125-8671-9990f98ebc49.jpg']",NSAI50011842356-3-P1,2026-05-22 21:48:02+03:00,2026-05-23 11:34:38+03:00,2026-05-30 12:00:00+03:00,49.29,sar,null,,False,2026-05-23 10:49:04+03:00,delivered,PH29541550995S
NSAI50020207231,delivered,noon,False,False,aaf6f8b3180d55aa9c7f10909bc7372a,Z57BDDB90403302234B1AZ-1,31405013,Z57BDDB90403302234B1AZ,,Gocare Body Grooming Trimmer,pzsku/Z57BDDB90403302234B1AZ/45/1750799520/f83cba8c-1650-4929-b2b4-983428438a48.jpg,https://z.nooncdn.com/products/tr:n-t_120/pzsku/Z57BDDB90403302234B1AZ/45/1750799520/f83cba8c-1650-4929-b2b4-983428438a48.jpg,gocare,,['https://z.nooncdn.com/products/tr:n-t_800/pzsku/Z57BDDB90403302234B1AZ/45/1750799520/f83cba8c-1650-4929-b2b4-983428438a48.jpg'],NSAI50020207231-1-P1,2026-05-21 16:49:03+03:00,2026-05-23 11:34:38+03:00,2026-05-25 12:00:00+03:00,128.64,sar,null,,False,2026-05-21 18:21:28+03:00,delivered,PH23190599740S
NSAI50046712408,delivered,noon,False,False,a8cfcde6d35b621591e9f6ed9671c8aa,ZE591002DBB2E5F80B35CZ-1,Z.17704621264793444.1,ZE591002DBB2E5F80B35CZ,,AOi Matcha Japanese Pure Matcha Powder 100g x 2 | Premium Authentic Green Matcha,8fcb8d8c40005bbbba9a7be319324250|pzsku/ZE591002DBB2E5F80B35CZ/45/1770710447/d0abecb1-e3e7-417e-a774-9527842b27ea.jpg,https://z.nooncdn.com/products/tr:n-t_120/8fcb8d8c40005bbbba9a7be319324250|pzsku/ZE591002DBB2E5F80B35CZ/45/1770710447/d0abecb1-e3e7-417e-a774-9527842b27ea.jpg,aoi,100,"['https://z.nooncdn.com/products/tr:n-t_800/8fcb8d8c40005bbbba9a7be319324250|pzsku/ZE591002DBB2E5F80B35CZ/45/1770710447/d0abecb1-e3e7-417e-a774-9527842b27ea.jpg', 'https://z.nooncdn.com/products/tr:n-t_800/8fcb8d8c40005bbbba9a7be319324250|pzsku/ZE591002DBB2E5F80B35CZ/45/1770710447/f434f8dc-75ed-4ee1-832a-0e4c45c528f9.jpg', 'https://z.nooncdn.com/products/tr:n-t_800/8fcb8d8c40005bbbba9a7be319324250|pzsku/ZE591002DBB2E5F80B35CZ/45/1770710447/b17c19d2-9c60-49c1-a379-5ef415bf4f69.jpg', 'https://z.nooncdn.com/products/tr:n-t_800/8fcb8d8c40005bbbba9a7be319324250|pzsku/ZE591002DBB2E5F80B35CZ/45/1770710447/d72f7d10-9f07-488b-b169-4012159a5e2d.jpg']",NSAI50046712408-5-P1,2026-05-21 01:53:44+03:00,2026-05-21 11:37:19+03:00,2026-05-24 12:00:00+03:00,149.0,sar,null,,False,2026-05-21 08:56:38+03:00,delivered,PH25822955859S
NSAI50053530127,delivered,noon,False,False,a8cfcde6d35b621591e9f6ed9671c8aa,ZE591002DBB2E5F80B35CZ-1,Z.17704621264793444.1,ZE591002DBB2E5F80B35CZ,,AOi Matcha Japanese Pure Matcha Powder 100g x 2 | Premium Authentic Green Matcha,8fcb8d8c40005bbbba9a7be319324250|pzsku/ZE591002DBB2E5F80B35CZ/45/1770710447/d0abecb1-e3e7-417e-a774-9527842b27ea.jpg,https://z.nooncdn.com/products/tr:n-t_120/8fcb8d8c40005bbbba9a7be319324250|pzsku/ZE591002DBB2E5F80B35CZ/45/1770710447/d0abecb1-e3e7-417e-a774-9527842b27ea.jpg,aoi,100,"['https://z.nooncdn.com/products/tr:n-t_800/8fcb8d8c40005bbbba9a7be319324250|pzsku/ZE591002DBB2E5F80B35CZ/45/1770710447/d0abecb1-e3e7-417e-a774-9527842b27ea.jpg', 'https://z.nooncdn.com/products/tr:n-t_800/8fcb8d8c40005bbbba9a7be319324250|pzsku/ZE591002DBB2E5F80B35CZ/45/1770710447/f434f8dc-75ed-4ee1-832a-0e4c45c528f9.jpg', 'https://z.nooncdn.com/products/tr:n-t_800/8fcb8d8c40005bbbba9a7be319324250|pzsku/ZE591002DBB2E5F80B35CZ/45/1770710447/b17c19d2-9c60-49c1-a379-5ef415bf4f69.jpg', 'https://z.nooncdn.com/products/tr:n-t_800/8fcb8d8c40005bbbba9a7be319324250|pzsku/ZE591002DBB2E5F80B35CZ/45/1770710447/d72f7d10-9f07-488b-b169-4012159a5e2d.jpg']",NSAI50053530127-1-P1,2026-05-19 16:34:07+03:00,2026-05-20 11:40:27+03:00,2026-05-23 12:00:00+03:00,149.0,sar,null,,False,2026-05-19 17:22:43+03:00,delivered,PH21807963120S
NSAI50068538463,delivered,noon,False,False,acd124b80d9466c285841392e9d1db6a,ZF386FB75DCE2E8E1723EZ-1,10608026,ZF386FB75DCE2E8E1723EZ,813523000545,Purever Canada Calcium & Vitamin D3 for Kids – 60 Gummies,pzsku/ZF386FB75DCE2E8E1723EZ/45/1753779911/ba2b3afa-6c22-4fc7-9d96-966ff1b1a186.jpg,https://z.nooncdn.com/products/tr:n-t_120/pzsku/ZF386FB75DCE2E8E1723EZ/45/1753779911/ba2b3afa-6c22-4fc7-9d96-966ff1b1a186.jpg,purever_canada,60,['https://z.nooncdn.com/products/tr:n-t_800/pzsku/ZF386FB75DCE2E8E1723EZ/45/1753779911/ba2b3afa-6c22-4fc7-9d96-966ff1b1a186.jpg'],NSAI50068538463-15-P1,2026-05-19 22:16:24+03:00,2026-05-20 11:40:27+03:00,2026-05-23 11:00:00+03:00,43.22,sar,null,,False,2026-05-20 08:53:51+03:00,delivered,PH27229673072S
NSAI50068538463,delivered,noon,False,False,acd124b80d9466c285841392e9d1db6a,ZF386FB75DCE2E8E1723EZ-1,10608026,ZF386FB75DCE2E8E1723EZ,813523000545,Purever Canada Calcium & Vitamin D3 for Kids – 60 Gummies,pzsku/ZF386FB75DCE2E8E1723EZ/45/1753779911/ba2b3afa-6c22-4fc7-9d96-966ff1b1a186.jpg,https://z.nooncdn.com/products/tr:n-t_120/pzsku/ZF386FB75DCE2E8E1723EZ/45/1753779911/ba2b3afa-6c22-4fc7-9d96-966ff1b1a186.jpg,purever_canada,60,['https://z.nooncdn.com/products/tr:n-t_800/pzsku/ZF386FB75DCE2E8E1723EZ/45/1753779911/ba2b3afa-6c22-4fc7-9d96-966ff1b1a186.jpg'],NSAI50068538463-16-P1,2026-05-19 22:16:24+03:00,2026-05-20 11:40:27+03:00,2026-05-23 11:00:00+03:00,43.22,sar,null,,False,2026-05-20 08:53:51+03:00,delivered,PH27229673072S
NSAI50068538463,delivered,noon,False,False,acd124b80d9466c285841392e9d1db6a,ZF386FB75DCE2E8E1723EZ-1,10608026,ZF386FB75DCE2E8E1723EZ,813523000545,Purever Canada Calcium & Vitamin D3 for Kids – 60 Gummies,pzsku/ZF386FB75DCE2E8E1723EZ/45/1753779911/ba2b3afa-6c22-4fc7-9d96-966ff1b1a186.jpg,https://z.nooncdn.com/products/tr:n-t_120/pzsku/ZF386FB75DCE2E8E1723EZ/45/1753779911/ba2b3afa-6c22-4fc7-9d96-966ff1b1a186.jpg,purever_canada,60,['https://z.nooncdn.com/products/tr:n-t_800/pzsku/ZF386FB75DCE2E8E1723EZ/45/1753779911/ba2b3afa-6c22-4fc7-9d96-966ff1b1a186.jpg'],NSAI50068538463-17-P1,2026-05-19 22:16:24+03:00,2026-05-20 11:40:27+03:00,2026-05-23 11:00:00+03:00,43.22,sar,null,,False,2026-05-20 08:53:51+03:00,delivered,PH27229673072S
NSAI50031723110,delivered,noon,False,False,abc813ef8a9ea3ba9945e652637a46ca,ZDDBDBC84A8B5F70109ECZ-1,10501140,ZDDBDBC84A8B5F70109ECZ,8692582210681,Rise Blueberry Flavored Drink 300 g,pzsku/ZDDBDBC84A8B5F70109ECZ/45/1755590159/c75ea633-0678-4e7a-919e-d7a027164cee.jpg,https://z.nooncdn.com/products/tr:n-t_120/pzsku/ZDDBDBC84A8B5F70109ECZ/45/1755590159/c75ea633-0678-4e7a-919e-d7a027164cee.jpg,rise,,['https://z.nooncdn.com/products/tr:n-t_800/pzsku/ZDDBDBC84A8B5F70109ECZ/45/1755590159/c75ea633-0678-4e7a-919e-d7a027164cee.jpg'],NSAI50031723110-3-P1,2026-05-19 19:36:50+03:00,2026-05-20 11:40:26+03:00,2026-05-23 11:00:00+03:00,24.44,sar,null,,False,2026-05-19 19:38:24+03:00,delivered,PH27327419270S
NSAI50005053265,delivered,noon,False,False,a8cfcde6d35b621591e9f6ed9671c8aa,ZE591002DBB2E5F80B35CZ-1,Z.17704621264793444.1,ZE591002DBB2E5F80B35CZ,,AOi Matcha Japanese Pure Matcha Powder 100g x 2 | Premium Authentic Green Matcha,8fcb8d8c40005bbbba9a7be319324250|pzsku/ZE591002DBB2E5F80B35CZ/45/1770710447/d0abecb1-e3e7-417e-a774-9527842b27ea.jpg,https://z.nooncdn.com/products/tr:n-t_120/8fcb8d8c40005bbbba9a7be319324250|pzsku/ZE591002DBB2E5F80B35CZ/45/1770710447/d0abecb1-e3e7-417e-a774-9527842b27ea.jpg,aoi,100,"['https://z.nooncdn.com/products/tr:n-t_800/8fcb8d8c40005bbbba9a7be319324250|pzsku/ZE591002DBB2E5F80B35CZ/45/1770710447/d0abecb1-e3e7-417e-a774-9527842b27ea.jpg', 'https://z.nooncdn.com/products/tr:n-t_800/8fcb8d8c40005bbbba9a7be319324250|pzsku/ZE591002DBB2E5F80B35CZ/45/1770710447/f434f8dc-75ed-4ee1-832a-0e4c45c528f9.jpg', 'https://z.nooncdn.com/products/tr:n-t_800/8fcb8d8c40005bbbba9a7be319324250|pzsku/ZE591002DBB2E5F80B35CZ/45/1770710447/b17c19d2-9c60-49c1-a379-5ef415bf4f69.jpg', 'https://z.nooncdn.com/products/tr:n-t_800/8fcb8d8c40005bbbba9a7be319324250|pzsku/ZE591002DBB2E5F80B35CZ/45/1770710447/d72f7d10-9f07-488b-b169-4012159a5e2d.jpg']",NSAI50005053265-1-P1,2026-05-18 14:49:30+03:00,2026-05-19 11:31:45+03:00,2026-05-21 11:00:00+03:00,149.0,sar,null,,False,2026-05-18 16:25:05+03:00,delivered,PH27375271251S
NSAI50005053265,delivered,noon,False,False,a8cfcde6d35b621591e9f6ed9671c8aa,ZE591002DBB2E5F80B35CZ-1,Z.17704621264793444.1,ZE591002DBB2E5F80B35CZ,,AOi Matcha Japanese Pure Matcha Powder 100g x 2 | Premium Authentic Green Matcha,8fcb8d8c40005bbbba9a7be319324250|pzsku/ZE591002DBB2E5F80B35CZ/45/1770710447/d0abecb1-e3e7-417e-a774-9527842b27ea.jpg,https://z.nooncdn.com/products/tr:n-t_120/8fcb8d8c40005bbbba9a7be319324250|pzsku/ZE591002DBB2E5F80B35CZ/45/1770710447/d0abecb1-e3e7-417e-a774-9527842b27ea.jpg,aoi,100,"['https://z.nooncdn.com/products/tr:n-t_800/8fcb8d8c40005bbbba9a7be319324250|pzsku/ZE591002DBB2E5F80B35CZ/45/1770710447/d0abecb1-e3e7-417e-a774-9527842b27ea.jpg', 'https://z.nooncdn.com/products/tr:n-t_800/8fcb8d8c40005bbbba9a7be319324250|pzsku/ZE591002DBB2E5F80B35CZ/45/1770710447/f434f8dc-75ed-4ee1-832a-0e4c45c528f9.jpg', 'https://z.nooncdn.com/products/tr:n-t_800/8fcb8d8c40005bbbba9a7be319324250|pzsku/ZE591002DBB2E5F80B35CZ/45/1770710447/b17c19d2-9c60-49c1-a379-5ef415bf4f69.jpg', 'https://z.nooncdn.com/products/tr:n-t_800/8fcb8d8c40005bbbba9a7be319324250|pzsku/ZE591002DBB2E5F80B35CZ/45/1770710447/d72f7d10-9f07-488b-b169-4012159a5e2d.jpg']",NSAI50005053265-2-P1,2026-05-18 14:49:30+03:00,2026-05-19 11:31:45+03:00,2026-05-21 11:00:00+03:00,149.0,sar,null,,False,2026-05-18 16:25:05+03:00,delivered,PH27375271251S
NSAI50036678442,delivered,noon,False,False,a297fb617cb520d18b34abae0fe983ea,Z473D413B21A76B5D32CBZ-1,10104004,Z473D413B21A76B5D32CBZ,,Al-Helal Mastic Gum 10g – Premium Natural Mastic Resin for Culinary & Herbal Use,pzsku/Z473D413B21A76B5D32CBZ/45/1764146412/52003be4-96a6-44c2-8166-22867fee5684.jpg,https://z.nooncdn.com/products/tr:n-t_120/pzsku/Z473D413B21A76B5D32CBZ/45/1764146412/52003be4-96a6-44c2-8166-22867fee5684.jpg,al_helal,,['https://z.nooncdn.com/products/tr:n-t_800/pzsku/Z473D413B21A76B5D32CBZ/45/1764146412/52003be4-96a6-44c2-8166-22867fee5684.jpg'],NSAI50036678442-1-P1,2026-05-18 11:45:24+03:00,2026-05-19 11:31:45+03:00,2026-05-20 11:00:00+03:00,24.96,sar,null,,False,2026-05-18 12:57:33+03:00,delivered,PH20765020447S
NSAI50036678442,delivered,noon,False,False,a297fb617cb520d18b34abae0fe983ea,Z473D413B21A76B5D32CBZ-1,10104004,Z473D413B21A76B5D32CBZ,,Al-Helal Mastic Gum 10g – Premium Natural Mastic Resin for Culinary & Herbal Use,pzsku/Z473D413B21A76B5D32CBZ/45/1764146412/52003be4-96a6-44c2-8166-22867fee5684.jpg,https://z.nooncdn.com/products/tr:n-t_120/pzsku/Z473D413B21A76B5D32CBZ/45/1764146412/52003be4-96a6-44c2-8166-22867fee5684.jpg,al_helal,,['https://z.nooncdn.com/products/tr:n-t_800/pzsku/Z473D413B21A76B5D32CBZ/45/1764146412/52003be4-96a6-44c2-8166-22867fee5684.jpg'],NSAI50036678442-2-P1,2026-05-18 11:45:24+03:00,2026-05-19 11:31:45+03:00,2026-05-20 11:00:00+03:00,24.96,sar,null,,False,2026-05-18 12:57:33+03:00,delivered,PH20765020447S
NSAI50036678442,delivered,noon,False,False,a297fb617cb520d18b34abae0fe983ea,Z473D413B21A76B5D32CBZ-1,10104004,Z473D413B21A76B5D32CBZ,,Al-Helal Mastic Gum 10g – Premium Natural Mastic Resin for Culinary & Herbal Use,pzsku/Z473D413B21A76B5D32CBZ/45/1764146412/52003be4-96a6-44c2-8166-22867fee5684.jpg,https://z.nooncdn.com/products/tr:n-t_120/pzsku/Z473D413B21A76B5D32CBZ/45/1764146412/52003be4-96a6-44c2-8166-22867fee5684.jpg,al_helal,,['https://z.nooncdn.com/products/tr:n-t_800/pzsku/Z473D413B21A76B5D32CBZ/45/1764146412/52003be4-96a6-44c2-8166-22867fee5684.jpg'],NSAI50036678442-3-P1,2026-05-18 11:45:24+03:00,2026-05-19 11:31:45+03:00,2026-05-20 11:00:00+03:00,24.96,sar,null,,False,2026-05-18 12:57:33+03:00,delivered,PH20765020447S
NSAI50036678442,delivered,noon,False,False,a297fb617cb520d18b34abae0fe983ea,Z473D413B21A76B5D32CBZ-1,10104004,Z473D413B21A76B5D32CBZ,,Al-Helal Mastic Gum 10g – Premium Natural Mastic Resin for Culinary & Herbal Use,pzsku/Z473D413B21A76B5D32CBZ/45/1764146412/52003be4-96a6-44c2-8166-22867fee5684.jpg,https://z.nooncdn.com/products/tr:n-t_120/pzsku/Z473D413B21A76B5D32CBZ/45/1764146412/52003be4-96a6-44c2-8166-22867fee5684.jpg,al_helal,,['https://z.nooncdn.com/products/tr:n-t_800/pzsku/Z473D413B21A76B5D32CBZ/45/1764146412/52003be4-96a6-44c2-8166-22867fee5684.jpg'],NSAI50036678442-4-P1,2026-05-18 11:45:24+03:00,2026-05-19 11:31:45+03:00,2026-05-20 11:00:00+03:00,24.96,sar,null,,False,2026-05-18 12:57:33+03:00,delivered,PH20765020447S
NSAI50036678442,delivered,noon,False,False,a297fb617cb520d18b34abae0fe983ea,Z473D413B21A76B5D32CBZ-1,10104004,Z473D413B21A76B5D32CBZ,,Al-Helal Mastic Gum 10g – Premium Natural Mastic Resin for Culinary & Herbal Use,pzsku/Z473D413B21A76B5D32CBZ/45/1764146412/52003be4-96a6-44c2-8166-22867fee5684.jpg,https://z.nooncdn.com/products/tr:n-t_120/pzsku/Z473D413B21A76B5D32CBZ/45/1764146412/52003be4-96a6-44c2-8166-22867fee5684.jpg,al_helal,,['https://z.nooncdn.com/products/tr:n-t_800/pzsku/Z473D413B21A76B5D32CBZ/45/1764146412/52003be4-96a6-44c2-8166-22867fee5684.jpg'],NSAI50036678442-5-P1,2026-05-18 11:45:24+03:00,2026-05-19 11:31:45+03:00,2026-05-20 11:00:00+03:00,24.96,sar,null,,False,2026-05-18 12:57:33+03:00,delivered,PH20765020447S
NSAI50036678442,delivered,noon,False,False,a297fb617cb520d18b34abae0fe983ea,Z473D413B21A76B5D32CBZ-1,10104004,Z473D413B21A76B5D32CBZ,,Al-Helal Mastic Gum 10g – Premium Natural Mastic Resin for Culinary & Herbal Use,pzsku/Z473D413B21A76B5D32CBZ/45/1764146412/52003be4-96a6-44c2-8166-22867fee5684.jpg,https://z.nooncdn.com/products/tr:n-t_120/pzsku/Z473D413B21A76B5D32CBZ/45/1764146412/52003be4-96a6-44c2-8166-22867fee5684.jpg,al_helal,,['https://z.nooncdn.com/products/tr:n-t_800/pzsku/Z473D413B21A76B5D32CBZ/45/1764146412/52003be4-96a6-44c2-8166-22867fee5684.jpg'],NSAI50036678442-6-P1,2026-05-18 11:45:24+03:00,2026-05-19 11:31:45+03:00,2026-05-20 11:00:00+03:00,24.96,sar,null,,False,2026-05-18 12:57:33+03:00,delivered,PH20765020447S
NSAI50074102461,delivered,noon,False,False,af9e18e37f5c0b27359ae81fb4187bba,N70024392V-1,20212097(1),Z56EC294E7EC9A21D0D3FZ,,Glycerin Cream 400ml,pzsku/Z766A28345C2739C50DB8Z/45/_/1787182141/56847806-e1c6-412e-a31f-ed054ac27cad.jpg,https://z.nooncdn.com/products/tr:n-t_120/pzsku/Z766A28345C2739C50DB8Z/45/_/1787182141/56847806-e1c6-412e-a31f-ed054ac27cad.jpg,glysolid,400,['https://z.nooncdn.com/products/tr:n-t_800/pzsku/Z766A28345C2739C50DB8Z/45/_/1787182141/56847806-e1c6-412e-a31f-ed054ac27cad.jpg'],NSAI50074102461-3-P1,2026-05-18 23:49:19+03:00,2026-05-19 11:31:45+03:00,2026-05-21 11:00:00+03:00,20.1,sar,null,,False,2026-05-19 08:49:29+03:00,delivered,PH21308379769S
NSAI50074102461,delivered,noon,False,False,af9e18e37f5c0b27359ae81fb4187bba,N70024392V-1,20212097(1),Z56EC294E7EC9A21D0D3FZ,,Glycerin Cream 400ml,pzsku/Z766A28345C2739C50DB8Z/45/_/1787182141/56847806-e1c6-412e-a31f-ed054ac27cad.jpg,https://z.nooncdn.com/products/tr:n-t_120/pzsku/Z766A28345C2739C50DB8Z/45/_/1787182141/56847806-e1c6-412e-a31f-ed054ac27cad.jpg,glysolid,400,['https://z.nooncdn.com/products/tr:n-t_800/pzsku/Z766A28345C2739C50DB8Z/45/_/1787182141/56847806-e1c6-412e-a31f-ed054ac27cad.jpg'],NSAI50074102461-4-P1,2026-05-18 23:49:19+03:00,2026-05-19 11:31:45+03:00,2026-05-21 11:00:00+03:00,20.1,sar,null,,False,2026-05-19 08:49:29+03:00,delivered,PH21308379769S
NSAI50074102461,delivered,noon,False,False,af9e18e37f5c0b27359ae81fb4187bba,N70024392V-1,20212097(1),Z56EC294E7EC9A21D0D3FZ,,Glycerin Cream 400ml,pzsku/Z766A28345C2739C50DB8Z/45/_/1787182141/56847806-e1c6-412e-a31f-ed054ac27cad.jpg,https://z.nooncdn.com/products/tr:n-t_120/pzsku/Z766A28345C2739C50DB8Z/45/_/1787182141/56847806-e1c6-412e-a31f-ed054ac27cad.jpg,glysolid,400,['https://z.nooncdn.com/products/tr:n-t_800/pzsku/Z766A28345C2739C50DB8Z/45/_/1787182141/56847806-e1c6-412e-a31f-ed054ac27cad.jpg'],NSAI50074102461-5-P1,2026-05-18 23:49:19+03:00,2026-05-19 11:31:45+03:00,2026-05-21 11:00:00+03:00,20.1,sar,null,,False,2026-05-19 08:49:29+03:00,delivered,PH21308379769S
NSAI50009615913,delivered,noon,False,False,ad1b504fc5606aab040e7bb30d32aaea,Z759BB93D8B474C81B76CZ-1,10501045,Z759BB93D8B474C81B76CZ,6285725009482,Fayfa Olive Leaf Drink 25 Sachets,pzsku/Z759BB93D8B474C81B76CZ/45/1754065500/4b87c09a-c6bd-4ee6-b4bb-ee87d3ce4ed2.jpg,https://z.nooncdn.com/products/tr:n-t_120/pzsku/Z759BB93D8B474C81B76CZ/45/1754065500/4b87c09a-c6bd-4ee6-b4bb-ee87d3ce4ed2.jpg,fayfa,,"['https://z.nooncdn.com/products/tr:n-t_800/pzsku/Z759BB93D8B474C81B76CZ/45/1754065500/4b87c09a-c6bd-4ee6-b4bb-ee87d3ce4ed2.jpg', 'https://z.nooncdn.com/products/tr:n-t_800/pzsku/Z759BB93D8B474C81B76CZ/45/1754065500/965c7b76-06a7-4eb7-a56b-c927ccbfc5fd.jpg', 'https://z.nooncdn.com/products/tr:n-t_800/pzsku/Z759BB93D8B474C81B76CZ/45/1754065500/50f6a8b2-894b-4a03-b255-228b16927044.jpg', 'https://z.nooncdn.com/products/tr:n-t_800/pzsku/Z759BB93D8B474C81B76CZ/45/_/1785423103/7975cad9-f539-47b7-85ae-199a1a43fc14.jpg', 'https://z.nooncdn.com/products/tr:n-t_800/pzsku/Z759BB93D8B474C81B76CZ/45/_/1785423120/72eb689e-5b17-4af6-8319-50f1c7201ae4.jpg', 'https://z.nooncdn.com/products/tr:n-t_800/pzsku/Z759BB93D8B474C81B76CZ/45/_/1785423126/8f37e171-17d7-4434-b0f0-bfd06e57a77c.jpg', 'https://z.nooncdn.com/products/tr:n-t_800/pzsku/Z759BB93D8B474C81B76CZ/45/_/1785423137/8dad4ab8-f7c3-4256-ad12-e63f24e592a8.jpg']",NSAI50009615913-1-P1,2026-05-17 21:59:18+03:00,2026-05-18 11:47:37+03:00,2026-05-20 11:00:00+03:00,14.3,sar,null,,False,2026-05-18 08:58:42+03:00,delivered,PH24948650198S
NSAI50009882033,delivered,noon,False,False,a6310722560c2f1e7b53c84baf2b8aca,Z5E50FCCEE5EAD964DC1CZ-1,20308399,Z5E50FCCEE5EAD964DC1CZ,6977196695485,Seven Green Chinese Herbal Hair Soap 120g – Strengthening & Scalp Nourishing Formula,pzsku/Z5E50FCCEE5EAD964DC1CZ/45/1764247357/e0322419-13ae-4d68-8019-3f23baccd453.jpg,https://z.nooncdn.com/products/tr:n-t_120/pzsku/Z5E50FCCEE5EAD964DC1CZ/45/1764247357/e0322419-13ae-4d68-8019-3f23baccd453.jpg,seven_green,,"['https://z.nooncdn.com/products/tr:n-t_800/pzsku/Z5E50FCCEE5EAD964DC1CZ/45/1764247357/e0322419-13ae-4d68-8019-3f23baccd453.jpg', 'https://z.nooncdn.com/products/tr:n-t_800/pzsku/Z5E50FCCEE5EAD964DC1CZ/45/1764247357/df0e2828-28fb-44ed-a9ab-d7d864e9e55c.jpg', 'https://z.nooncdn.com/products/tr:n-t_800/pzsku/Z5E50FCCEE5EAD964DC1CZ/45/1764247378/900c3207-d6f7-4d36-af8f-21154e301ed6.jpg', 'https://z.nooncdn.com/products/tr:n-t_800/pzsku/Z5E50FCCEE5EAD964DC1CZ/45/1764247403/4bd2158e-f618-421c-ab40-5974d7be4d32.jpg', 'https://z.nooncdn.com/products/tr:n-t_800/pzsku/Z5E50FCCEE5EAD964DC1CZ/45/1764247403/a4546055-ada1-4978-9419-a0051b7e7f05.jpg', 'https://z.nooncdn.com/products/tr:n-t_800/pzsku/Z5E50FCCEE5EAD964DC1CZ/45/1764247403/04299c57-ab35-4b3c-a8e5-cc6e0e94f7f3.jpg']",NSAI50009882033-4-P1,2026-05-17 22:45:50+03:00,2026-05-18 11:47:37+03:00,2026-05-20 12:00:00+03:00,49.89,sar,null,,False,2026-05-18 08:57:38+03:00,delivered,PH26300461488S
NSAI50018490145,delivered,noon,False,False,a570bc9124f3e4b1e3abb0517318e72a,Z7653E15CC2286AC2EDBBZ-1,10103048,Z7653E15CC2286AC2EDBBZ,,Al-Hekma Beetroot Powder 100 g – Natural Antioxidant-Rich Superfood,pzsku/Z7653E15CC2286AC2EDBBZ/45/1764146378/3b1ef1b7-44c2-4223-bf37-c858e956d868.jpg,https://z.nooncdn.com/products/tr:n-t_120/pzsku/Z7653E15CC2286AC2EDBBZ/45/1764146378/3b1ef1b7-44c2-4223-bf37-c858e956d868.jpg,elhekma,,['https://z.nooncdn.com/products/tr:n-t_800/pzsku/Z7653E15CC2286AC2EDBBZ/45/1764146378/3b1ef1b7-44c2-4223-bf37-c858e956d868.jpg'],NSAI50018490145-1-P1,2026-05-18 00:45:35+03:00,2026-05-18 11:47:37+03:00,2026-05-20 12:00:00+03:00,27.74,sar,null,,False,2026-05-18 09:01:32+03:00,delivered,PH22875305591S
NSAI50018490145,delivered,noon,False,False,a570bc9124f3e4b1e3abb0517318e72a,Z7653E15CC2286AC2EDBBZ-1,10103048,Z7653E15CC2286AC2EDBBZ,,Al-Hekma Beetroot Powder 100 g – Natural Antioxidant-Rich Superfood,pzsku/Z7653E15CC2286AC2EDBBZ/45/1764146378/3b1ef1b7-44c2-4223-bf37-c858e956d868.jpg,https://z.nooncdn.com/products/tr:n-t_120/pzsku/Z7653E15CC2286AC2EDBBZ/45/1764146378/3b1ef1b7-44c2-4223-bf37-c858e956d868.jpg,elhekma,,['https://z.nooncdn.com/products/tr:n-t_800/pzsku/Z7653E15CC2286AC2EDBBZ/45/1764146378/3b1ef1b7-44c2-4223-bf37-c858e956d868.jpg'],NSAI50018490145-2-P1,2026-05-18 00:45:35+03:00,2026-05-18 11:47:37+03:00,2026-05-20 12:00:00+03:00,27.74,sar,null,,False,2026-05-18 09:01:32+03:00,delivered,PH22875305591S
NSAI50022928598,delivered,noon,False,False,ae92abf865e8a7bc1e4a08b0ca57803a,ZCD4FB3E9DEDD904B60FAZ-1,20310003,ZCD4FB3E9DEDD904B60FAZ,046688100250,Jolen Face Bleaching Cream 28 g – Facial Hair Lightening Cream,pzsku/ZCD4FB3E9DEDD904B60FAZ/45/1756110928/b6f5d81c-29b2-4339-a066-ec1db3416e05.jpg,https://z.nooncdn.com/products/tr:n-t_120/pzsku/ZCD4FB3E9DEDD904B60FAZ/45/1756110928/b6f5d81c-29b2-4339-a066-ec1db3416e05.jpg,jolen,28,"['https://z.nooncdn.com/products/tr:n-t_800/pzsku/ZCD4FB3E9DEDD904B60FAZ/45/1756110928/b6f5d81c-29b2-4339-a066-ec1db3416e05.jpg', 'https://z.nooncdn.com/products/tr:n-t_800/pzsku/ZCD4FB3E9DEDD904B60FAZ/45/1756110951/32cc149f-cecc-44ba-af02-7e8105183407.jpg', 'https://z.nooncdn.com/products/tr:n-t_800/pzsku/ZCD4FB3E9DEDD904B60FAZ/45/1756110965/4be0569a-58f5-4841-8e03-6ed7d8558300.jpg', 'https://z.nooncdn.com/products/tr:n-t_800/pzsku/ZCD4FB3E9DEDD904B60FAZ/45/1756111172/843063e9-b183-42ec-a6a6-8d5a7ed7a065.jpg', 'https://z.nooncdn.com/products/tr:n-t_800/pzsku/ZCD4FB3E9DEDD904B60FAZ/45/_/1776873504/ee8e567b-8980-44f2-b870-6d60642c986e.jpg']",NSAI50022928598-3-P1,2026-05-17 14:41:48+03:00,2026-05-18 11:47:37+03:00,2026-05-20 12:00:00+03:00,21.11,sar,null,,False,2026-05-17 15:26:45+03:00,delivered,PH21124811293S
NSAI50069129568,delivered,noon,False,False,a8eed1e3426e38ef88ca7652d8dd185a,ZE6B7FEFFF01CCA814FD5Z-1,20214240,ZE6B7FEFFF01CCA814FD5Z,6955050946348,Famous Cocoa Butter Body Lotion 500 ml,pzsku/ZE6B7FEFFF01CCA814FD5Z/45/1755811299/2542a4a4-7936-44bb-8e71-e204d7f30860.jpg,https://z.nooncdn.com/products/tr:n-t_120/pzsku/ZE6B7FEFFF01CCA814FD5Z/45/1755811299/2542a4a4-7936-44bb-8e71-e204d7f30860.jpg,famous,500,"['https://z.nooncdn.com/products/tr:n-t_800/pzsku/ZE6B7FEFFF01CCA814FD5Z/45/1755811299/2542a4a4-7936-44bb-8e71-e204d7f30860.jpg', 'https://z.nooncdn.com/products/tr:n-t_800/pzsku/ZE6B7FEFFF01CCA814FD5Z/45/1755811333/cfb78126-83b0-4d69-af24-f7a6ec2e4baf.jpg']",NSAI50069129568-1-P1,2026-05-18 07:55:08+03:00,2026-05-18 11:47:37+03:00,2026-05-20 12:00:00+03:00,17.25,sar,null,,False,2026-05-18 09:00:39+03:00,delivered,PH24170185358S
NSAI50069129568,delivered,noon,False,False,a8eed1e3426e38ef88ca7652d8dd185a,ZE6B7FEFFF01CCA814FD5Z-1,20214240,ZE6B7FEFFF01CCA814FD5Z,6955050946348,Famous Cocoa Butter Body Lotion 500 ml,pzsku/ZE6B7FEFFF01CCA814FD5Z/45/1755811299/2542a4a4-7936-44bb-8e71-e204d7f30860.jpg,https://z.nooncdn.com/products/tr:n-t_120/pzsku/ZE6B7FEFFF01CCA814FD5Z/45/1755811299/2542a4a4-7936-44bb-8e71-e204d7f30860.jpg,famous,500,"['https://z.nooncdn.com/products/tr:n-t_800/pzsku/ZE6B7FEFFF01CCA814FD5Z/45/1755811299/2542a4a4-7936-44bb-8e71-e204d7f30860.jpg', 'https://z.nooncdn.com/products/tr:n-t_800/pzsku/ZE6B7FEFFF01CCA814FD5Z/45/1755811333/cfb78126-83b0-4d69-af24-f7a6ec2e4baf.jpg']",NSAI50069129568-2-P1,2026-05-18 07:55:08+03:00,2026-05-18 11:47:37+03:00,2026-05-20 12:00:00+03:00,17.25,sar,null,,False,2026-05-18 09:00:39+03:00,delivered,PH24170185358S
NSAI50074264613,delivered,noon,False,False,a1066d4980a034c7bf0ae9809136962a,Z70D6643BA8687FAD285AZ-1,20311010,Z70D6643BA8687FAD285AZ,6285725008409,Fayfa Black Katam Henna 200 g,pzsku/Z70D6643BA8687FAD285AZ/45/_/1785335424/a9e25276-3b2a-4ad3-bea0-29bc2b6d32cf.jpg,https://z.nooncdn.com/products/tr:n-t_120/pzsku/Z70D6643BA8687FAD285AZ/45/_/1785335424/a9e25276-3b2a-4ad3-bea0-29bc2b6d32cf.jpg,fayfa,,"['https://z.nooncdn.com/products/tr:n-t_800/pzsku/Z70D6643BA8687FAD285AZ/45/_/1785335424/a9e25276-3b2a-4ad3-bea0-29bc2b6d32cf.jpg', 'https://z.nooncdn.com/products/tr:n-t_800/pzsku/Z70D6643BA8687FAD285AZ/45/_/1785335439/02aa003c-0107-489c-9af9-d5237b3e307a.jpg', 'https://z.nooncdn.com/products/tr:n-t_800/pzsku/Z70D6643BA8687FAD285AZ/45/_/1785335439/384d3bc3-4aaf-4e26-bccd-3d7873fb26a9.jpg', 'https://z.nooncdn.com/products/tr:n-t_800/pzsku/Z70D6643BA8687FAD285AZ/45/_/1785335471/0f59e886-1024-4839-8047-17c3a7cdeb15.jpg', 'https://z.nooncdn.com/products/tr:n-t_800/pzsku/Z70D6643BA8687FAD285AZ/45/_/1785335496/1ca444f7-3bee-45f5-ae29-e503a61068ba.jpg', 'https://z.nooncdn.com/products/tr:n-t_800/pzsku/Z70D6643BA8687FAD285AZ/45/_/1785335496/43ba1e2c-81f4-4aaa-bf3c-541102f9ac03.jpg']",NSAI50074264613-1-P1,2026-05-17 16:45:32+03:00,2026-05-18 11:47:37+03:00,2026-05-20 12:00:00+03:00,20.7,sar,null,,False,2026-05-17 17:52:00+03:00,delivered,PH28968863204S
NSAI50093812159,delivered,noon,False,False,ac8d7a48d8632f0e8e94807806ed113a,Z19483F76129744EE42D4Z-1,10103027,Z19483F76129744EE42D4Z,,Al-Hekma Fifa Roumi Herbal Mix 1000 g – Natural Traditional Cleansing Blend,pzsku/Z19483F76129744EE42D4Z/45/_/1785155028/fc73c5a9-e880-46b2-9815-cf923c4c7388.jpg,https://z.nooncdn.com/products/tr:n-t_120/pzsku/Z19483F76129744EE42D4Z/45/_/1785155028/fc73c5a9-e880-46b2-9815-cf923c4c7388.jpg,fayfa,,"['https://z.nooncdn.com/products/tr:n-t_800/pzsku/Z19483F76129744EE42D4Z/45/_/1785155028/fc73c5a9-e880-46b2-9815-cf923c4c7388.jpg', 'https://z.nooncdn.com/products/tr:n-t_800/pzsku/Z19483F76129744EE42D4Z/45/_/1785155028/c9889728-5eb8-4873-b4ca-421fbbb86765.jpg', 'https://z.nooncdn.com/products/tr:n-t_800/pzsku/Z19483F76129744EE42D4Z/45/_/1785155028/02f1d606-d7b6-427e-8295-35f9a935aa52.jpg', 'https://z.nooncdn.com/products/tr:n-t_800/pzsku/Z19483F76129744EE42D4Z/45/_/1785155028/a746ec50-545b-4bba-8ea9-7c9edde33f7f.jpg', 'https://z.nooncdn.com/products/tr:n-t_800/pzsku/Z19483F76129744EE42D4Z/45/_/1785155028/c342f514-a727-46e4-a9b4-63932d62ad3a.jpg', 'https://z.nooncdn.com/products/tr:n-t_800/pzsku/Z19483F76129744EE42D4Z/45/_/1785155028/2401e8ec-6bae-43fa-bd4d-49f0de9cd51a.jpg', 'https://z.nooncdn.com/products/tr:n-t_800/pzsku/Z19483F76129744EE42D4Z/45/_/1785155028/20c0e25e-faf0-4fc3-9c19-57d81da4c2a2.jpg']",NSAI50093812159-4-P1,2026-05-17 17:40:26+03:00,2026-05-18 11:47:37+03:00,2026-05-20 11:00:00+03:00,26.46,sar,null,,False,2026-05-17 17:53:19+03:00,delivered,PH28365977580S
NSAI50078581438,delivered,noon,False,False,aa532f8405476d9cf21088fb3217c96a,Z3CBBC508B9FAB0392763Z-1,20105057,Z3CBBC508B9FAB0392763Z,,"Nature’s Answer Licorice Root Serum 30ml Natural Licorice Extract for Skin Tone, Dark Spots & Redness",pzsku/Z3CBBC508B9FAB0392763Z/45/1765354987/d90589b6-7e64-462c-a61d-539b617c38d0.jpg,https://z.nooncdn.com/products/tr:n-t_120/pzsku/Z3CBBC508B9FAB0392763Z/45/1765354987/d90589b6-7e64-462c-a61d-539b617c38d0.jpg,nature_s_answer,,"['https://z.nooncdn.com/products/tr:n-t_800/pzsku/Z3CBBC508B9FAB0392763Z/45/1765354987/d90589b6-7e64-462c-a61d-539b617c38d0.jpg', 'https://z.nooncdn.com/products/tr:n-t_800/pzsku/Z3CBBC508B9FAB0392763Z/45/1765354987/c6d0a407-d954-441a-870f-e740666321f2.jpg']",NSAI50078581438-1-P1,2026-05-16 13:48:25+03:00,2026-05-17 11:15:10+03:00,2026-05-19 11:00:00+03:00,32.18,sar,null,,False,2026-05-16 14:58:50+03:00,delivered,PH29785336106S
NSAI50083072066,delivered,noon,False,False,af9e18e37f5c0b27359ae81fb4187bba,N70024392V-1,20212097(1),Z56EC294E7EC9A21D0D3FZ,,Glycerin Cream 400ml,pzsku/Z766A28345C2739C50DB8Z/45/_/1787182141/56847806-e1c6-412e-a31f-ed054ac27cad.jpg,https://z.nooncdn.com/products/tr:n-t_120/pzsku/Z766A28345C2739C50DB8Z/45/_/1787182141/56847806-e1c6-412e-a31f-ed054ac27cad.jpg,glysolid,400,['https://z.nooncdn.com/products/tr:n-t_800/pzsku/Z766A28345C2739C50DB8Z/45/_/1787182141/56847806-e1c6-412e-a31f-ed054ac27cad.jpg'],NSAI50083072066-5-P1,2026-05-17 10:01:45+03:00,2026-05-17 11:15:10+03:00,2026-05-19 12:00:00+03:00,20.1,sar,null,,False,2026-05-17 10:39:30+03:00,delivered,PH21214812336S
NSAI50094349747,delivered,noon,False,False,ae59b65a09c4d62eba81be227870f7ea,Z7F435B49CCA298BC2ACBZ-1,10501136,Z7F435B49CCA298BC2ACBZ,,Balsameer Kids Lavender & Chamomile Tea for Teething Pain Relief – 200g,pzsku/Z7F435B49CCA298BC2ACBZ/45/1764666666/e4a22934-7b34-48d9-a456-06637464b6ba.jpg,https://z.nooncdn.com/products/tr:n-t_120/pzsku/Z7F435B49CCA298BC2ACBZ/45/1764666666/e4a22934-7b34-48d9-a456-06637464b6ba.jpg,balsameer,,['https://z.nooncdn.com/products/tr:n-t_800/pzsku/Z7F435B49CCA298BC2ACBZ/45/1764666666/e4a22934-7b34-48d9-a456-06637464b6ba.jpg'],NSAI50094349747-3-P1,2026-05-16 12:29:33+03:00,2026-05-17 11:15:10+03:00,2026-05-19 12:00:00+03:00,30.4,sar,null,,False,2026-05-16 13:19:21+03:00,delivered,PH29872717752S
NSAI50094393976,delivered,noon,False,False,a48870b7bb873de56d5d664f39931a7a,Z557AB10EA901D7CF212EZ-1,10103031,Z557AB10EA901D7CF212EZ,,Al-Hekma Indian Costus Fine Powder 250 g – Natural Herbal Powder for Wellness,pzsku/Z557AB10EA901D7CF212EZ/45/1764146378/377679ae-feec-4ef0-a0fa-297daf116404.jpg,https://z.nooncdn.com/products/tr:n-t_120/pzsku/Z557AB10EA901D7CF212EZ/45/1764146378/377679ae-feec-4ef0-a0fa-297daf116404.jpg,elhekma,,['https://z.nooncdn.com/products/tr:n-t_800/pzsku/Z557AB10EA901D7CF212EZ/45/1764146378/377679ae-feec-4ef0-a0fa-297daf116404.jpg'],NSAI50094393976-1-P1,2026-05-17 09:09:21+03:00,2026-05-17 11:15:10+03:00,2026-05-19 11:00:00+03:00,40.61,sar,null,,False,2026-05-17 09:43:31+03:00,delivered,PH29091287106S
NSAI50007925943,delivered,noon,False,False,ae7f334227d77256557c2f6add03e58a,ZCE7D6217393CF0BED9F3Z-1,10602010,ZCE7D6217393CF0BED9F3Z,048176661946,Mantova Organic Apple Cider Vinegar with Turmeric & Cinnamon 500 ml,pzsku/ZCE7D6217393CF0BED9F3Z/45/1756293109/2fa1bdec-7c70-46b3-b3c5-1edf8c4b014a.jpg,https://z.nooncdn.com/products/tr:n-t_120/pzsku/ZCE7D6217393CF0BED9F3Z/45/1756293109/2fa1bdec-7c70-46b3-b3c5-1edf8c4b014a.jpg,mantova,,['https://z.nooncdn.com/products/tr:n-t_800/pzsku/ZCE7D6217393CF0BED9F3Z/45/1756293109/2fa1bdec-7c70-46b3-b3c5-1edf8c4b014a.jpg'],NSAI50007925943-1-P1,2026-05-16 16:36:47+03:00,2026-05-17 11:15:09+03:00,2026-05-19 11:00:00+03:00,22.95,sar,null,,False,2026-05-16 17:36:28+03:00,delivered,PH24597844313S
NSAI50019135861,delivered,noon,False,False,a8cfcde6d35b621591e9f6ed9671c8aa,ZE591002DBB2E5F80B35CZ-1,Z.17704621264793444.1,ZE591002DBB2E5F80B35CZ,,AOi Matcha Japanese Pure Matcha Powder 100g x 2 | Premium Authentic Green Matcha,8fcb8d8c40005bbbba9a7be319324250|pzsku/ZE591002DBB2E5F80B35CZ/45/1770710447/d0abecb1-e3e7-417e-a774-9527842b27ea.jpg,https://z.nooncdn.com/products/tr:n-t_120/8fcb8d8c40005bbbba9a7be319324250|pzsku/ZE591002DBB2E5F80B35CZ/45/1770710447/d0abecb1-e3e7-417e-a774-9527842b27ea.jpg,aoi,100,"['https://z.nooncdn.com/products/tr:n-t_800/8fcb8d8c40005bbbba9a7be319324250|pzsku/ZE591002DBB2E5F80B35CZ/45/1770710447/d0abecb1-e3e7-417e-a774-9527842b27ea.jpg', 'https://z.nooncdn.com/products/tr:n-t_800/8fcb8d8c40005bbbba9a7be319324250|pzsku/ZE591002DBB2E5F80B35CZ/45/1770710447/f434f8dc-75ed-4ee1-832a-0e4c45c528f9.jpg', 'https://z.nooncdn.com/products/tr:n-t_800/8fcb8d8c40005bbbba9a7be319324250|pzsku/ZE591002DBB2E5F80B35CZ/45/1770710447/b17c19d2-9c60-49c1-a379-5ef415bf4f69.jpg', 'https://z.nooncdn.com/products/tr:n-t_800/8fcb8d8c40005bbbba9a7be319324250|pzsku/ZE591002DBB2E5F80B35CZ/45/1770710447/d72f7d10-9f07-488b-b169-4012159a5e2d.jpg']",NSAI50019135861-3-P1,2026-05-16 14:55:00+03:00,2026-05-17 11:15:09+03:00,2026-05-19 11:00:00+03:00,149.0,sar,null,,False,2026-05-16 14:58:24+03:00,delivered,PH28826077867S
NSAI50025091036,delivered,noon,False,False,af9e18e37f5c0b27359ae81fb4187bba,N70024392V-1,20212097(1),Z56EC294E7EC9A21D0D3FZ,,Glycerin Cream 400ml,pzsku/Z766A28345C2739C50DB8Z/45/_/1787182141/56847806-e1c6-412e-a31f-ed054ac27cad.jpg,https://z.nooncdn.com/products/tr:n-t_120/pzsku/Z766A28345C2739C50DB8Z/45/_/1787182141/56847806-e1c6-412e-a31f-ed054ac27cad.jpg,glysolid,400,['https://z.nooncdn.com/products/tr:n-t_800/pzsku/Z766A28345C2739C50DB8Z/45/_/1787182141/56847806-e1c6-412e-a31f-ed054ac27cad.jpg'],NSAI50025091036-5-P1,2026-05-16 23:11:48+03:00,2026-05-17 11:15:09+03:00,2026-05-19 12:00:00+03:00,20.1,sar,null,,False,2026-05-17 08:52:06+03:00,delivered,PH29423737269S
NSAI50032101015,delivered,noon,False,False,a7a87143d2731fbfbf5eb2505217183a,Z83CF89B3821744BA53C7Z-1,20211016,Z83CF89B3821744BA53C7Z,,Dazy Moroccan Tabrikma 500ml – Deep Nourishing Moroccan Body Care Formula,pzsku/Z83CF89B3821744BA53C7Z/45/_/1787658312/84595338-ec60-44d2-b248-ef938153877d.jpg,https://z.nooncdn.com/products/tr:n-t_120/pzsku/Z83CF89B3821744BA53C7Z/45/_/1787658312/84595338-ec60-44d2-b248-ef938153877d.jpg,dazy,,"['https://z.nooncdn.com/products/tr:n-t_800/pzsku/Z83CF89B3821744BA53C7Z/45/_/1787658312/84595338-ec60-44d2-b248-ef938153877d.jpg', 'https://z.nooncdn.com/products/tr:n-t_800/pzsku/Z83CF89B3821744BA53C7Z/45/_/1787658312/828cc9a3-6bac-4592-9bc1-dbc3e2dfad95.jpg']",NSAI50032101015-23-P1,2026-05-16 12:16:57+03:00,2026-05-17 11:15:09+03:00,2026-05-20 12:00:00+03:00,22.0,sar,null,,False,2026-05-16 13:19:52+03:00,delivered,PH29111451247S
NSAI50071899152,delivered,noon,False,False,add376c23439e0d7ba88d097df4e39ea,Z110DDBC54D4F4EB557B9Z-1,31106114,Z110DDBC54D4F4EB557B9Z,,Knoz Fitness Postpartum Support Belt – 3 Pieces – Size XL,pzsku/Z110DDBC54D4F4EB557B9Z/45/1753786166/fdeab439-be0c-400f-830c-a647fbbdbc30.jpg,https://z.nooncdn.com/products/tr:n-t_120/pzsku/Z110DDBC54D4F4EB557B9Z/45/1753786166/fdeab439-be0c-400f-830c-a647fbbdbc30.jpg,knoz_fitness,XL,['https://z.nooncdn.com/products/tr:n-t_800/pzsku/Z110DDBC54D4F4EB557B9Z/45/1753786166/fdeab439-be0c-400f-830c-a647fbbdbc30.jpg'],NSAI50071899152-2-P1,2026-05-16 15:23:52+03:00,2026-05-17 11:15:09+03:00,2026-05-19 11:00:00+03:00,59.9,sar,null,,False,2026-05-16 16:21:57+03:00,delivered,PH24808820378S
NSAI50012787483,delivered,noon,False,False,a7a87143d2731fbfbf5eb2505217183a,Z83CF89B3821744BA53C7Z-1,20211016,Z83CF89B3821744BA53C7Z,,Dazy Moroccan Tabrikma 500ml – Deep Nourishing Moroccan Body Care Formula,pzsku/Z83CF89B3821744BA53C7Z/45/_/1787658312/84595338-ec60-44d2-b248-ef938153877d.jpg,https://z.nooncdn.com/products/tr:n-t_120/pzsku/Z83CF89B3821744BA53C7Z/45/_/1787658312/84595338-ec60-44d2-b248-ef938153877d.jpg,dazy,,"['https://z.nooncdn.com/products/tr:n-t_800/pzsku/Z83CF89B3821744BA53C7Z/45/_/1787658312/84595338-ec60-44d2-b248-ef938153877d.jpg', 'https://z.nooncdn.com/products/tr:n-t_800/pzsku/Z83CF89B3821744BA53C7Z/45/_/1787658312/828cc9a3-6bac-4592-9bc1-dbc3e2dfad95.jpg']",NSAI50012787483-2-P1,2026-05-15 02:21:48+03:00,2026-05-16 11:56:23+03:00,2026-05-18 12:00:00+03:00,22.0,sar,null,,False,2026-05-15 14:10:25+03:00,delivered,PH20266159850S
NSAI50015512992,delivered,noon,False,False,adcfa2753b18cffa7fe07d1f1c38e94a,ZEF2D0E558F0B349AB2A6Z-1,20308388,ZEF2D0E558F0B349AB2A6Z,,HELAH BEAUTY Shea Butter Curly Hair Shampoo 500ml – Deep Hydration & Gentle Cleansing for Defined Curls,pzsku/ZEF2D0E558F0B349AB2A6Z/45/1763882703/5d5bd8ec-b40a-422e-985d-f7144cc0c0e7.jpg,https://z.nooncdn.com/products/tr:n-t_120/pzsku/ZEF2D0E558F0B349AB2A6Z/45/1763882703/5d5bd8ec-b40a-422e-985d-f7144cc0c0e7.jpg,helah_beauty,,['https://z.nooncdn.com/products/tr:n-t_800/pzsku/ZEF2D0E558F0B349AB2A6Z/45/1763882703/5d5bd8ec-b40a-422e-985d-f7144cc0c0e7.jpg'],NSAI50015512992-3-P1,2026-05-14 15:07:50+03:00,2026-05-16 11:56:23+03:00,2026-05-18 12:00:00+03:00,21.0,sar,null,,False,2026-05-14 18:20:41+03:00,delivered,PH27774355925S
NSAI50015512992,delivered,noon,False,False,a4e42e4747b68ade66ecddef46d9577a,ZC87F1416199246DD9B2AZ-1,20303201,ZC87F1416199246DD9B2AZ,,HELAH BEAUTY Shea Butter Curly Hair Conditioner 500ml – Deep Moisture & Ultra Soft Curl Definition,pzsku/ZC87F1416199246DD9B2AZ/45/1763882700/6bbec678-7c2d-4467-9c26-94efdc7ab594.jpg,https://z.nooncdn.com/products/tr:n-t_120/pzsku/ZC87F1416199246DD9B2AZ/45/1763882700/6bbec678-7c2d-4467-9c26-94efdc7ab594.jpg,helah_beauty,,['https://z.nooncdn.com/products/tr:n-t_800/pzsku/ZC87F1416199246DD9B2AZ/45/1763882700/6bbec678-7c2d-4467-9c26-94efdc7ab594.jpg'],NSAI50015512992-4-P1,2026-05-14 15:07:50+03:00,2026-05-16 11:56:23+03:00,2026-05-18 12:00:00+03:00,21.0,sar,null,,False,2026-05-14 18:20:41+03:00,delivered,PH27774355925S
NSAI50048577352,delivered,noon,False,False,a1b1fe60b65c3281223054e6d403443a,Z884120051FFD4B29FA53Z-1,20209144,Z884120051FFD4B29FA53Z,,Famous Exfoliating Body Shower Gel with Papaya and Carrot 1L,pzsku/Z884120051FFD4B29FA53Z/45/1753192312/a02df35d-c274-4469-8e31-3aacc39678dd.jpg,https://z.nooncdn.com/products/tr:n-t_120/pzsku/Z884120051FFD4B29FA53Z/45/1753192312/a02df35d-c274-4469-8e31-3aacc39678dd.jpg,famous,,['https://z.nooncdn.com/products/tr:n-t_800/pzsku/Z884120051FFD4B29FA53Z/45/1753192312/a02df35d-c274-4469-8e31-3aacc39678dd.jpg'],NSAI50048577352-5-P1,2026-05-16 00:10:52+03:00,2026-05-16 11:56:23+03:00,2026-05-18 12:00:00+03:00,21.6,sar,null,,False,2026-05-16 08:57:53+03:00,delivered,PH26793737974S
NSAI50051045748,delivered,noon,False,False,aa532f8405476d9cf21088fb3217c96a,Z3CBBC508B9FAB0392763Z-1,20105057,Z3CBBC508B9FAB0392763Z,,"Nature’s Answer Licorice Root Serum 30ml Natural Licorice Extract for Skin Tone, Dark Spots & Redness",pzsku/Z3CBBC508B9FAB0392763Z/45/1765354987/d90589b6-7e64-462c-a61d-539b617c38d0.jpg,https://z.nooncdn.com/products/tr:n-t_120/pzsku/Z3CBBC508B9FAB0392763Z/45/1765354987/d90589b6-7e64-462c-a61d-539b617c38d0.jpg,nature_s_answer,,"['https://z.nooncdn.com/products/tr:n-t_800/pzsku/Z3CBBC508B9FAB0392763Z/45/1765354987/d90589b6-7e64-462c-a61d-539b617c38d0.jpg', 'https://z.nooncdn.com/products/tr:n-t_800/pzsku/Z3CBBC508B9FAB0392763Z/45/1765354987/c6d0a407-d954-441a-870f-e740666321f2.jpg']",NSAI50051045748-1-P1,2026-05-16 08:18:48+03:00,2026-05-16 11:56:23+03:00,2026-05-18 11:00:00+03:00,32.18,sar,null,,False,2026-05-16 08:56:48+03:00,delivered,PH26377430251S
NSAI50071893694,delivered,noon,False,False,af9e18e37f5c0b27359ae81fb4187bba,N70024392V-1,20212097(1),Z56EC294E7EC9A21D0D3FZ,,Glycerin Cream 400ml,pzsku/Z766A28345C2739C50DB8Z/45/_/1787182141/56847806-e1c6-412e-a31f-ed054ac27cad.jpg,https://z.nooncdn.com/products/tr:n-t_120/pzsku/Z766A28345C2739C50DB8Z/45/_/1787182141/56847806-e1c6-412e-a31f-ed054ac27cad.jpg,glysolid,400,['https://z.nooncdn.com/products/tr:n-t_800/pzsku/Z766A28345C2739C50DB8Z/45/_/1787182141/56847806-e1c6-412e-a31f-ed054ac27cad.jpg'],NSAI50071893694-3-P1,2026-05-16 05:41:00+03:00,2026-05-16 11:56:23+03:00,2026-05-18 12:00:00+03:00,20.1,sar,null,,False,2026-05-16 08:57:28+03:00,delivered,PH27370801304S
NSAI50075297917,delivered,noon,False,False,a0084de18334b350a852d4569a35d75a,Z13B045E4020FE215645DZ-1,20108132,Z13B045E4020FE215645DZ,3760095252315,ACM Sebionex Hydra Moisturizing and Repair Cream 40ml,pzsku/Z13B045E4020FE215645DZ/45/1752588212/678897ec-544a-4d5c-967c-f72434e7cf9c.jpg,https://z.nooncdn.com/products/tr:n-t_120/pzsku/Z13B045E4020FE215645DZ/45/1752588212/678897ec-544a-4d5c-967c-f72434e7cf9c.jpg,acm,,['https://z.nooncdn.com/products/tr:n-t_800/pzsku/Z13B045E4020FE215645DZ/45/1752588212/678897ec-544a-4d5c-967c-f72434e7cf9c.jpg'],NSAI50075297917-2-P1,2026-05-14 21:24:30+03:00,2026-05-16 11:56:23+03:00,2026-05-18 12:00:00+03:00,64.21,sar,null,,False,2026-05-15 14:08:43+03:00,delivered,PH23921326884S
NSAI50083708140,delivered,noon,False,False,ae92abf865e8a7bc1e4a08b0ca57803a,ZCD4FB3E9DEDD904B60FAZ-1,20310003,ZCD4FB3E9DEDD904B60FAZ,046688100250,Jolen Face Bleaching Cream 28 g – Facial Hair Lightening Cream,pzsku/ZCD4FB3E9DEDD904B60FAZ/45/1756110928/b6f5d81c-29b2-4339-a066-ec1db3416e05.jpg,https://z.nooncdn.com/products/tr:n-t_120/pzsku/ZCD4FB3E9DEDD904B60FAZ/45/1756110928/b6f5d81c-29b2-4339-a066-ec1db3416e05.jpg,jolen,28,"['https://z.nooncdn.com/products/tr:n-t_800/pzsku/ZCD4FB3E9DEDD904B60FAZ/45/1756110928/b6f5d81c-29b2-4339-a066-ec1db3416e05.jpg', 'https://z.nooncdn.com/products/tr:n-t_800/pzsku/ZCD4FB3E9DEDD904B60FAZ/45/1756110951/32cc149f-cecc-44ba-af02-7e8105183407.jpg', 'https://z.nooncdn.com/products/tr:n-t_800/pzsku/ZCD4FB3E9DEDD904B60FAZ/45/1756110965/4be0569a-58f5-4841-8e03-6ed7d8558300.jpg', 'https://z.nooncdn.com/products/tr:n-t_800/pzsku/ZCD4FB3E9DEDD904B60FAZ/45/1756111172/843063e9-b183-42ec-a6a6-8d5a7ed7a065.jpg', 'https://z.nooncdn.com/products/tr:n-t_800/pzsku/ZCD4FB3E9DEDD904B60FAZ/45/_/1776873504/ee8e567b-8980-44f2-b870-6d60642c986e.jpg']",NSAI50083708140-2-P1,2026-05-15 11:58:25+03:00,2026-05-16 11:56:23+03:00,2026-05-18 12:00:00+03:00,21.11,sar,null,,False,2026-05-15 14:06:58+03:00,delivered,PH28084421390S
NSAI50086566440,delivered,noon,False,False,ae4a8d32a7920182bfb72f103cb56b8a,Z4B95444D06CC422E5349Z-1,10614006,Z4B95444D06CC422E5349Z,6285725008041,Fayfa Natural Royal Jelly Powder 20 g,pzsku/Z4B95444D06CC422E5349Z/45/_/1785157017/ae1f8d84-d715-45e0-83e3-eef823219ce3.jpg,https://z.nooncdn.com/products/tr:n-t_120/pzsku/Z4B95444D06CC422E5349Z/45/_/1785157017/ae1f8d84-d715-45e0-83e3-eef823219ce3.jpg,fayfa,,"['https://z.nooncdn.com/products/tr:n-t_800/pzsku/Z4B95444D06CC422E5349Z/45/_/1785157017/ae1f8d84-d715-45e0-83e3-eef823219ce3.jpg', 'https://z.nooncdn.com/products/tr:n-t_800/pzsku/Z4B95444D06CC422E5349Z/45/_/1785157017/2aeab654-5d75-4fb1-b834-97ff6d1387f1.jpg', 'https://z.nooncdn.com/products/tr:n-t_800/pzsku/Z4B95444D06CC422E5349Z/45/_/1785156981/f3780e2b-302f-4538-8dc1-d7b6da3ae787.jpg', 'https://z.nooncdn.com/products/tr:n-t_800/pzsku/Z4B95444D06CC422E5349Z/45/_/1785157016/9da29ffb-e8c8-4b5c-bb47-9d245e89ee26.jpg', 'https://z.nooncdn.com/products/tr:n-t_800/pzsku/Z4B95444D06CC422E5349Z/45/_/1785157016/35db6950-7f57-4be5-8134-0c1ce5130fd2.jpg', 'https://z.nooncdn.com/products/tr:n-t_800/pzsku/Z4B95444D06CC422E5349Z/45/_/1785157028/8a2e4926-9b34-4afa-9c74-1b1d0001bc7c.jpg', 'https://z.nooncdn.com/products/tr:n-t_800/pzsku/Z4B95444D06CC422E5349Z/45/_/1785157033/37fb9cd1-e2e5-489b-84d0-d1216c08fd64.jpg']",NSAI50086566440-2-P1,2026-05-15 12:48:38+03:00,2026-05-16 11:56:23+03:00,2026-05-19 12:00:00+03:00,25.0,sar,null,,False,2026-05-15 14:10:49+03:00,delivered,PH24720480305S
NSAI50098899329,delivered,noon,False,False,afa3b1914f4ce4520f356914a22962ea,ZF64C0C44539462BB2DF8Z-1,20214029,ZF64C0C44539462BB2DF8Z,,Kojic San Skin Whitening Lotion with Kojic Acid 600 ml,pzsku/ZF64C0C44539462BB2DF8Z/45/1754993976/eff2d981-920e-4c07-85bb-aeda442c147f.jpg,https://z.nooncdn.com/products/tr:n-t_120/pzsku/ZF64C0C44539462BB2DF8Z/45/1754993976/eff2d981-920e-4c07-85bb-aeda442c147f.jpg,kojic_san,600,['https://z.nooncdn.com/products/tr:n-t_800/pzsku/ZF64C0C44539462BB2DF8Z/45/1754993976/eff2d981-920e-4c07-85bb-aeda442c147f.jpg'],NSAI50098899329-3-P1,2026-05-15 19:20:58+03:00,2026-05-16 11:56:23+03:00,2026-05-19 11:00:00+03:00,25.34,sar,null,,False,2026-05-16 08:58:29+03:00,delivered,PH20541616582S
NSAI50000656129,delivered,noon,False,False,af9e18e37f5c0b27359ae81fb4187bba,N70024392V-1,20212097(1),Z56EC294E7EC9A21D0D3FZ,,Glycerin Cream 400ml,pzsku/Z766A28345C2739C50DB8Z/45/_/1787182141/56847806-e1c6-412e-a31f-ed054ac27cad.jpg,https://z.nooncdn.com/products/tr:n-t_120/pzsku/Z766A28345C2739C50DB8Z/45/_/1787182141/56847806-e1c6-412e-a31f-ed054ac27cad.jpg,glysolid,400,['https://z.nooncdn.com/products/tr:n-t_800/pzsku/Z766A28345C2739C50DB8Z/45/_/1787182141/56847806-e1c6-412e-a31f-ed054ac27cad.jpg'],NSAI50000656129-8-P1,2026-05-16 08:01:19+03:00,2026-05-16 11:56:22+03:00,2026-05-18 12:00:00+03:00,20.1,sar,null,,False,2026-05-16 08:57:12+03:00,delivered,PH23054934490S
NSAI50038109108,delivered,noon,False,False,ac8d7a48d8632f0e8e94807806ed113a,Z19483F76129744EE42D4Z-1,10103027,Z19483F76129744EE42D4Z,,Al-Hekma Fifa Roumi Herbal Mix 1000 g – Natural Traditional Cleansing Blend,pzsku/Z19483F76129744EE42D4Z/45/_/1785155028/fc73c5a9-e880-46b2-9815-cf923c4c7388.jpg,https://z.nooncdn.com/products/tr:n-t_120/pzsku/Z19483F76129744EE42D4Z/45/_/1785155028/fc73c5a9-e880-46b2-9815-cf923c4c7388.jpg,fayfa,,"['https://z.nooncdn.com/products/tr:n-t_800/pzsku/Z19483F76129744EE42D4Z/45/_/1785155028/fc73c5a9-e880-46b2-9815-cf923c4c7388.jpg', 'https://z.nooncdn.com/products/tr:n-t_800/pzsku/Z19483F76129744EE42D4Z/45/_/1785155028/c9889728-5eb8-4873-b4ca-421fbbb86765.jpg', 'https://z.nooncdn.com/products/tr:n-t_800/pzsku/Z19483F76129744EE42D4Z/45/_/1785155028/02f1d606-d7b6-427e-8295-35f9a935aa52.jpg', 'https://z.nooncdn.com/products/tr:n-t_800/pzsku/Z19483F76129744EE42D4Z/45/_/1785155028/a746ec50-545b-4bba-8ea9-7c9edde33f7f.jpg', 'https://z.nooncdn.com/products/tr:n-t_800/pzsku/Z19483F76129744EE42D4Z/45/_/1785155028/c342f514-a727-46e4-a9b4-63932d62ad3a.jpg', 'https://z.nooncdn.com/products/tr:n-t_800/pzsku/Z19483F76129744EE42D4Z/45/_/1785155028/2401e8ec-6bae-43fa-bd4d-49f0de9cd51a.jpg', 'https://z.nooncdn.com/products/tr:n-t_800/pzsku/Z19483F76129744EE42D4Z/45/_/1785155028/20c0e25e-faf0-4fc3-9c19-57d81da4c2a2.jpg']",NSAI50038109108-1-P1,2026-05-13 12:49:56+03:00,2026-05-14 11:40:42+03:00,2026-05-17 12:00:00+03:00,26.46,sar,null,,False,2026-05-13 13:16:18+03:00,delivered,PH25128629397S
NSAI50038109108,delivered,noon,False,False,ac8d7a48d8632f0e8e94807806ed113a,Z19483F76129744EE42D4Z-1,10103027,Z19483F76129744EE42D4Z,,Al-Hekma Fifa Roumi Herbal Mix 1000 g – Natural Traditional Cleansing Blend,pzsku/Z19483F76129744EE42D4Z/45/_/1785155028/fc73c5a9-e880-46b2-9815-cf923c4c7388.jpg,https://z.nooncdn.com/products/tr:n-t_120/pzsku/Z19483F76129744EE42D4Z/45/_/1785155028/fc73c5a9-e880-46b2-9815-cf923c4c7388.jpg,fayfa,,"['https://z.nooncdn.com/products/tr:n-t_800/pzsku/Z19483F76129744EE42D4Z/45/_/1785155028/fc73c5a9-e880-46b2-9815-cf923c4c7388.jpg', 'https://z.nooncdn.com/products/tr:n-t_800/pzsku/Z19483F76129744EE42D4Z/45/_/1785155028/c9889728-5eb8-4873-b4ca-421fbbb86765.jpg', 'https://z.nooncdn.com/products/tr:n-t_800/pzsku/Z19483F76129744EE42D4Z/45/_/1785155028/02f1d606-d7b6-427e-8295-35f9a935aa52.jpg', 'https://z.nooncdn.com/products/tr:n-t_800/pzsku/Z19483F76129744EE42D4Z/45/_/1785155028/a746ec50-545b-4bba-8ea9-7c9edde33f7f.jpg', 'https://z.nooncdn.com/products/tr:n-t_800/pzsku/Z19483F76129744EE42D4Z/45/_/1785155028/c342f514-a727-46e4-a9b4-63932d62ad3a.jpg', 'https://z.nooncdn.com/products/tr:n-t_800/pzsku/Z19483F76129744EE42D4Z/45/_/1785155028/2401e8ec-6bae-43fa-bd4d-49f0de9cd51a.jpg', 'https://z.nooncdn.com/products/tr:n-t_800/pzsku/Z19483F76129744EE42D4Z/45/_/1785155028/20c0e25e-faf0-4fc3-9c19-57d81da4c2a2.jpg']",NSAI50038109108-2-P1,2026-05-13 12:49:56+03:00,2026-05-14 11:40:42+03:00,2026-05-17 12:00:00+03:00,26.46,sar,null,,False,2026-05-13 13:16:18+03:00,delivered,PH25128629397S
NSAI50038109108,delivered,noon,False,False,ac8d7a48d8632f0e8e94807806ed113a,Z19483F76129744EE42D4Z-1,10103027,Z19483F76129744EE42D4Z,,Al-Hekma Fifa Roumi Herbal Mix 1000 g – Natural Traditional Cleansing Blend,pzsku/Z19483F76129744EE42D4Z/45/_/1785155028/fc73c5a9-e880-46b2-9815-cf923c4c7388.jpg,https://z.nooncdn.com/products/tr:n-t_120/pzsku/Z19483F76129744EE42D4Z/45/_/1785155028/fc73c5a9-e880-46b2-9815-cf923c4c7388.jpg,fayfa,,"['https://z.nooncdn.com/products/tr:n-t_800/pzsku/Z19483F76129744EE42D4Z/45/_/1785155028/fc73c5a9-e880-46b2-9815-cf923c4c7388.jpg', 'https://z.nooncdn.com/products/tr:n-t_800/pzsku/Z19483F76129744EE42D4Z/45/_/1785155028/c9889728-5eb8-4873-b4ca-421fbbb86765.jpg', 'https://z.nooncdn.com/products/tr:n-t_800/pzsku/Z19483F76129744EE42D4Z/45/_/1785155028/02f1d606-d7b6-427e-8295-35f9a935aa52.jpg', 'https://z.nooncdn.com/products/tr:n-t_800/pzsku/Z19483F76129744EE42D4Z/45/_/1785155028/a746ec50-545b-4bba-8ea9-7c9edde33f7f.jpg', 'https://z.nooncdn.com/products/tr:n-t_800/pzsku/Z19483F76129744EE42D4Z/45/_/1785155028/c342f514-a727-46e4-a9b4-63932d62ad3a.jpg', 'https://z.nooncdn.com/products/tr:n-t_800/pzsku/Z19483F76129744EE42D4Z/45/_/1785155028/2401e8ec-6bae-43fa-bd4d-49f0de9cd51a.jpg', 'https://z.nooncdn.com/products/tr:n-t_800/pzsku/Z19483F76129744EE42D4Z/45/_/1785155028/20c0e25e-faf0-4fc3-9c19-57d81da4c2a2.jpg']",NSAI50038109108-3-P1,2026-05-13 12:49:56+03:00,2026-05-14 11:40:42+03:00,2026-05-17 12:00:00+03:00,26.46,sar,null,,False,2026-05-13 13:16:18+03:00,delivered,PH25128629397S
NSAI50038109108,delivered,noon,False,False,ac8d7a48d8632f0e8e94807806ed113a,Z19483F76129744EE42D4Z-1,10103027,Z19483F76129744EE42D4Z,,Al-Hekma Fifa Roumi Herbal Mix 1000 g – Natural Traditional Cleansing Blend,pzsku/Z19483F76129744EE42D4Z/45/_/1785155028/fc73c5a9-e880-46b2-9815-cf923c4c7388.jpg,https://z.nooncdn.com/products/tr:n-t_120/pzsku/Z19483F76129744EE42D4Z/45/_/1785155028/fc73c5a9-e880-46b2-9815-cf923c4c7388.jpg,fayfa,,"['https://z.nooncdn.com/products/tr:n-t_800/pzsku/Z19483F76129744EE42D4Z/45/_/1785155028/fc73c5a9-e880-46b2-9815-cf923c4c7388.jpg', 'https://z.nooncdn.com/products/tr:n-t_800/pzsku/Z19483F76129744EE42D4Z/45/_/1785155028/c9889728-5eb8-4873-b4ca-421fbbb86765.jpg', 'https://z.nooncdn.com/products/tr:n-t_800/pzsku/Z19483F76129744EE42D4Z/45/_/1785155028/02f1d606-d7b6-427e-8295-35f9a935aa52.jpg', 'https://z.nooncdn.com/products/tr:n-t_800/pzsku/Z19483F76129744EE42D4Z/45/_/1785155028/a746ec50-545b-4bba-8ea9-7c9edde33f7f.jpg', 'https://z.nooncdn.com/products/tr:n-t_800/pzsku/Z19483F76129744EE42D4Z/45/_/1785155028/c342f514-a727-46e4-a9b4-63932d62ad3a.jpg', 'https://z.nooncdn.com/products/tr:n-t_800/pzsku/Z19483F76129744EE42D4Z/45/_/1785155028/2401e8ec-6bae-43fa-bd4d-49f0de9cd51a.jpg', 'https://z.nooncdn.com/products/tr:n-t_800/pzsku/Z19483F76129744EE42D4Z/45/_/1785155028/20c0e25e-faf0-4fc3-9c19-57d81da4c2a2.jpg']",NSAI50038109108-4-P1,2026-05-13 12:49:56+03:00,2026-05-14 11:40:42+03:00,2026-05-17 12:00:00+03:00,26.46,sar,null,,False,2026-05-13 13:16:18+03:00,delivered,PH25128629397S
NSAI50043960302,delivered,noon,False,False,a7a87143d2731fbfbf5eb2505217183a,Z83CF89B3821744BA53C7Z-1,20211016,Z83CF89B3821744BA53C7Z,,Dazy Moroccan Tabrikma 500ml – Deep Nourishing Moroccan Body Care Formula,pzsku/Z83CF89B3821744BA53C7Z/45/_/1787658312/84595338-ec60-44d2-b248-ef938153877d.jpg,https://z.nooncdn.com/products/tr:n-t_120/pzsku/Z83CF89B3821744BA53C7Z/45/_/1787658312/84595338-ec60-44d2-b248-ef938153877d.jpg,dazy,,"['https://z.nooncdn.com/products/tr:n-t_800/pzsku/Z83CF89B3821744BA53C7Z/45/_/1787658312/84595338-ec60-44d2-b248-ef938153877d.jpg', 'https://z.nooncdn.com/products/tr:n-t_800/pzsku/Z83CF89B3821744BA53C7Z/45/_/1787658312/828cc9a3-6bac-4592-9bc1-dbc3e2dfad95.jpg']",NSAI50043960302-1-P1,2026-05-13 23:09:01+03:00,2026-05-14 11:40:42+03:00,2026-05-17 12:00:00+03:00,22.0,sar,null,,False,2026-05-14 09:07:25+03:00,delivered,PH21374464257S
NSAI50057698903,delivered,noon,False,False,acbd70b858779c37898acaceb6c8030a,Z38824625995C8FB9A501Z-1,20209133,Z38824625995C8FB9A501Z,,Kenz White Musk Body Wash 500ml,pzsku/Z38824625995C8FB9A501Z/45/1749270988/e31891ed-de51-4d8f-ac3f-fdded42735a2.jpg,https://z.nooncdn.com/products/tr:n-t_120/pzsku/Z38824625995C8FB9A501Z/45/1749270988/e31891ed-de51-4d8f-ac3f-fdded42735a2.jpg,kunooz,,['https://z.nooncdn.com/products/tr:n-t_800/pzsku/Z38824625995C8FB9A501Z/45/1749270988/e31891ed-de51-4d8f-ac3f-fdded42735a2.jpg'],NSAI50057698903-2-P1,2026-05-13 14:57:55+03:00,2026-05-14 11:40:42+03:00,2026-05-17 12:00:00+03:00,21.65,sar,null,,False,2026-05-13 18:00:58+03:00,delivered,PH26970242668S
NSAI50014681997,delivered,noon,False,False,a65f744d862fcb05688e1ccc7cb2931a,Z9CFC61A1FDC8370A179AZ-1,10303003,Z9CFC61A1FDC8370A179AZ,048176612450,Mantova Organic Pumpkin Seed Oil  500 ml,pzsku/Z9CFC61A1FDC8370A179AZ/45/_/1775133305/4c659b03-7e51-4b82-b909-d5ae4ce4e75e.jpg,https://z.nooncdn.com/products/tr:n-t_120/pzsku/Z9CFC61A1FDC8370A179AZ/45/_/1775133305/4c659b03-7e51-4b82-b909-d5ae4ce4e75e.jpg,mantova,,['https://z.nooncdn.com/products/tr:n-t_800/pzsku/Z9CFC61A1FDC8370A179AZ/45/_/1775133305/4c659b03-7e51-4b82-b909-d5ae4ce4e75e.jpg'],NSAI50014681997-1-P1,2026-05-12 13:27:38+03:00,2026-05-13 11:25:10+03:00,2026-05-16 12:00:00+03:00,82.06,sar,null,,False,2026-05-12 16:27:55+03:00,delivered,PH24668696804S
NSAI50033036749,delivered,noon,False,False,a8cfcde6d35b621591e9f6ed9671c8aa,ZE591002DBB2E5F80B35CZ-1,Z.17704621264793444.1,ZE591002DBB2E5F80B35CZ,,AOi Matcha Japanese Pure Matcha Powder 100g x 2 | Premium Authentic Green Matcha,8fcb8d8c40005bbbba9a7be319324250|pzsku/ZE591002DBB2E5F80B35CZ/45/1770710447/d0abecb1-e3e7-417e-a774-9527842b27ea.jpg,https://z.nooncdn.com/products/tr:n-t_120/8fcb8d8c40005bbbba9a7be319324250|pzsku/ZE591002DBB2E5F80B35CZ/45/1770710447/d0abecb1-e3e7-417e-a774-9527842b27ea.jpg,aoi,100,"['https://z.nooncdn.com/products/tr:n-t_800/8fcb8d8c40005bbbba9a7be319324250|pzsku/ZE591002DBB2E5F80B35CZ/45/1770710447/d0abecb1-e3e7-417e-a774-9527842b27ea.jpg', 'https://z.nooncdn.com/products/tr:n-t_800/8fcb8d8c40005bbbba9a7be319324250|pzsku/ZE591002DBB2E5F80B35CZ/45/1770710447/f434f8dc-75ed-4ee1-832a-0e4c45c528f9.jpg', 'https://z.nooncdn.com/products/tr:n-t_800/8fcb8d8c40005bbbba9a7be319324250|pzsku/ZE591002DBB2E5F80B35CZ/45/1770710447/b17c19d2-9c60-49c1-a379-5ef415bf4f69.jpg', 'https://z.nooncdn.com/products/tr:n-t_800/8fcb8d8c40005bbbba9a7be319324250|pzsku/ZE591002DBB2E5F80B35CZ/45/1770710447/d72f7d10-9f07-488b-b169-4012159a5e2d.jpg']",NSAI50033036749-1-P1,2026-05-13 01:36:42+03:00,2026-05-13 11:25:10+03:00,2026-05-16 12:00:00+03:00,149.0,sar,null,,False,2026-05-13 08:45:05+03:00,delivered,PH29179186904S
NSAI50086812674,delivered,noon,False,False,a0c4f4227ff26f7e66f6aa9431a9c11a,ZD1CF34F935365573DF1FZ-1,20317098,ZD1CF34F935365573DF1FZ,077315002012,Dax Vegetable Pomade Hair Styling 213g,pzsku/ZD1CF34F935365573DF1FZ/45/1760970372/33f5fbe0-c2cf-4da5-a6b4-93444b7c3322.jpg,https://z.nooncdn.com/products/tr:n-t_120/pzsku/ZD1CF34F935365573DF1FZ/45/1760970372/33f5fbe0-c2cf-4da5-a6b4-93444b7c3322.jpg,dax,,['https://z.nooncdn.com/products/tr:n-t_800/pzsku/ZD1CF34F935365573DF1FZ/45/1760970372/33f5fbe0-c2cf-4da5-a6b4-93444b7c3322.jpg'],NSAI50086812674-3-P1,2026-05-12 17:35:08+03:00,2026-05-13 11:25:10+03:00,2026-05-16 11:00:00+03:00,26.69,sar,null,,False,2026-05-12 19:53:25+03:00,delivered,PH29955988246S
NSAI50047638014,delivered,noon,False,False,a49293a7c19ebafaf58790793cca233a,Z0784B0BCC9C473899E25Z-1,20312039,Z0784B0BCC9C473899E25Z,6955050943644,Famous Argan dark Brown Hair Dye Shampoo  420 ml,pzsku/Z0784B0BCC9C473899E25Z/45/1753380369/d3e04fd9-2dd8-4ba7-8adb-7200b4fa2879.jpg,https://z.nooncdn.com/products/tr:n-t_120/pzsku/Z0784B0BCC9C473899E25Z/45/1753380369/d3e04fd9-2dd8-4ba7-8adb-7200b4fa2879.jpg,famous,,['https://z.nooncdn.com/products/tr:n-t_800/pzsku/Z0784B0BCC9C473899E25Z/45/1753380369/d3e04fd9-2dd8-4ba7-8adb-7200b4fa2879.jpg'],NSAI50047638014-1-P1,2026-05-11 14:59:54+03:00,2026-05-12 11:57:09+03:00,2026-05-14 11:00:00+03:00,32.15,sar,null,,False,2026-05-11 17:50:33+03:00,delivered,PH22188745052S
NSAI50070850395,delivered,noon,False,False,af9e18e37f5c0b27359ae81fb4187bba,N70024392V-1,20212097(1),Z56EC294E7EC9A21D0D3FZ,,Glycerin Cream 400ml,pzsku/Z766A28345C2739C50DB8Z/45/_/1787182141/56847806-e1c6-412e-a31f-ed054ac27cad.jpg,https://z.nooncdn.com/products/tr:n-t_120/pzsku/Z766A28345C2739C50DB8Z/45/_/1787182141/56847806-e1c6-412e-a31f-ed054ac27cad.jpg,glysolid,400,['https://z.nooncdn.com/products/tr:n-t_800/pzsku/Z766A28345C2739C50DB8Z/45/_/1787182141/56847806-e1c6-412e-a31f-ed054ac27cad.jpg'],NSAI50070850395-7-P1,2026-05-12 11:11:38+03:00,2026-05-12 11:57:09+03:00,2026-05-16 12:00:00+03:00,20.1,sar,null,,False,2026-05-12 11:53:14+03:00,delivered,PH27470799161S
NSAI50086558363,delivered,noon,False,False,a503c178bbba0c0959f753bf64009c4a,ZF1D6A81855A9170446FAZ-1,10614005,ZF1D6A81855A9170446FAZ,6285725003022,Fayfa Natural Date Palm Pollen Powder  20g,pzsku/ZF1D6A81855A9170446FAZ/45/_/1785155586/35ea6f6a-b4bc-4c13-9e3f-c9c7fcf6bfcd.jpg,https://z.nooncdn.com/products/tr:n-t_120/pzsku/ZF1D6A81855A9170446FAZ/45/_/1785155586/35ea6f6a-b4bc-4c13-9e3f-c9c7fcf6bfcd.jpg,fayfa,,"['https://z.nooncdn.com/products/tr:n-t_800/pzsku/ZF1D6A81855A9170446FAZ/45/_/1785155586/35ea6f6a-b4bc-4c13-9e3f-c9c7fcf6bfcd.jpg', 'https://z.nooncdn.com/products/tr:n-t_800/pzsku/ZF1D6A81855A9170446FAZ/45/_/1785155569/58cf794a-4768-4fa6-9c68-be54db061249.jpg', 'https://z.nooncdn.com/products/tr:n-t_800/pzsku/ZF1D6A81855A9170446FAZ/45/_/1785155586/48fb5577-84fd-4052-b782-0211d6b8cc9b.jpg', 'https://z.nooncdn.com/products/tr:n-t_800/pzsku/ZF1D6A81855A9170446FAZ/45/_/1785155598/65bb884b-f1e5-4850-838d-369f7b1c62d7.jpg', 'https://z.nooncdn.com/products/tr:n-t_800/pzsku/ZF1D6A81855A9170446FAZ/45/_/1785155598/d5151f2d-14f2-4a8a-881e-eb3d20e653b0.jpg', 'https://z.nooncdn.com/products/tr:n-t_800/pzsku/ZF1D6A81855A9170446FAZ/45/_/1785155617/5430c2c4-bd17-4af4-898a-0bdfb9a00205.jpg', 'https://z.nooncdn.com/products/tr:n-t_800/pzsku/ZF1D6A81855A9170446FAZ/45/_/1785155622/745fe20f-005f-486a-9c6d-df4278319391.jpg']",NSAI50086558363-2-P1,2026-05-11 17:41:16+03:00,2026-05-12 11:57:09+03:00,2026-05-14 11:00:00+03:00,33.6,sar,null,,False,2026-05-11 17:50:19+03:00,delivered,PH27413919717S
NSAI50000482220,delivered,noon,False,False,ab5aea9e2228f7eb5994225a7243fbda,Z7AA38CB4DFABB7B7B9D3Z-1,20304047,Z7AA38CB4DFABB7B7B9D3Z,,"HELAH BEAUTY Secret of Badia Hair Oil Bath 1000ml – Deep Repair, Softening & Traditional Herbal Nourishment",pzsku/Z7AA38CB4DFABB7B7B9D3Z/45/1763882699/22bf32eb-7d8f-4d4a-96b7-6b1af051477e.jpg,https://z.nooncdn.com/products/tr:n-t_120/pzsku/Z7AA38CB4DFABB7B7B9D3Z/45/1763882699/22bf32eb-7d8f-4d4a-96b7-6b1af051477e.jpg,helah_beauty,1000,['https://z.nooncdn.com/products/tr:n-t_800/pzsku/Z7AA38CB4DFABB7B7B9D3Z/45/1763882699/22bf32eb-7d8f-4d4a-96b7-6b1af051477e.jpg'],NSAI50000482220-3-P1,2026-05-11 22:41:43+03:00,2026-05-12 11:57:08+03:00,2026-05-14 12:00:00+03:00,19.51,sar,null,,False,2026-05-12 08:47:15+03:00,delivered,PH21019093480S
NSAI50093401426,delivered,noon,False,False,ad1b504fc5606aab040e7bb30d32aaea,Z759BB93D8B474C81B76CZ-1,10501045,Z759BB93D8B474C81B76CZ,6285725009482,Fayfa Olive Leaf Drink 25 Sachets,pzsku/Z759BB93D8B474C81B76CZ/45/1754065500/4b87c09a-c6bd-4ee6-b4bb-ee87d3ce4ed2.jpg,https://z.nooncdn.com/products/tr:n-t_120/pzsku/Z759BB93D8B474C81B76CZ/45/1754065500/4b87c09a-c6bd-4ee6-b4bb-ee87d3ce4ed2.jpg,fayfa,,"['https://z.nooncdn.com/products/tr:n-t_800/pzsku/Z759BB93D8B474C81B76CZ/45/1754065500/4b87c09a-c6bd-4ee6-b4bb-ee87d3ce4ed2.jpg', 'https://z.nooncdn.com/products/tr:n-t_800/pzsku/Z759BB93D8B474C81B76CZ/45/1754065500/965c7b76-06a7-4eb7-a56b-c927ccbfc5fd.jpg', 'https://z.nooncdn.com/products/tr:n-t_800/pzsku/Z759BB93D8B474C81B76CZ/45/1754065500/50f6a8b2-894b-4a03-b255-228b16927044.jpg', 'https://z.nooncdn.com/products/tr:n-t_800/pzsku/Z759BB93D8B474C81B76CZ/45/_/1785423103/7975cad9-f539-47b7-85ae-199a1a43fc14.jpg', 'https://z.nooncdn.com/products/tr:n-t_800/pzsku/Z759BB93D8B474C81B76CZ/45/_/1785423120/72eb689e-5b17-4af6-8319-50f1c7201ae4.jpg', 'https://z.nooncdn.com/products/tr:n-t_800/pzsku/Z759BB93D8B474C81B76CZ/45/_/1785423126/8f37e171-17d7-4434-b0f0-bfd06e57a77c.jpg', 'https://z.nooncdn.com/products/tr:n-t_800/pzsku/Z759BB93D8B474C81B76CZ/45/_/1785423137/8dad4ab8-f7c3-4256-ad12-e63f24e592a8.jpg']",NSAI50093401426-4-P1,2026-05-10 23:04:00+03:00,2026-05-11 11:50:47+03:00,2026-05-13 11:00:00+03:00,14.3,sar,null,,False,2026-05-11 08:41:07+03:00,delivered,PH27618320343S
NSAI50009154831,delivered,noon,False,False,ae5e590176f9bb3d4aff21db1fda144a,ZD433F8930299F55F1C1CZ-1,20114010,ZD433F8930299F55F1C1CZ,6285725013175,Dazy Rose Water with Frankincense 250 ml,pzsku/ZD433F8930299F55F1C1CZ/45/1756116727/942ec435-a24a-4ea9-b0bd-c0eeb85dc971.jpg,https://z.nooncdn.com/products/tr:n-t_120/pzsku/ZD433F8930299F55F1C1CZ/45/1756116727/942ec435-a24a-4ea9-b0bd-c0eeb85dc971.jpg,dazy,,['https://z.nooncdn.com/products/tr:n-t_800/pzsku/ZD433F8930299F55F1C1CZ/45/1756116727/942ec435-a24a-4ea9-b0bd-c0eeb85dc971.jpg'],NSAI50009154831-4-P1,2026-05-10 20:49:12+03:00,2026-05-11 11:50:46+03:00,2026-05-13 12:00:00+03:00,20.73,sar,null,,False,2026-05-11 08:41:34+03:00,delivered,PH28846035191S
NSAI50013581176,delivered,noon,False,False,ac8d7a48d8632f0e8e94807806ed113a,Z19483F76129744EE42D4Z-1,10103027,Z19483F76129744EE42D4Z,,Al-Hekma Fifa Roumi Herbal Mix 1000 g – Natural Traditional Cleansing Blend,pzsku/Z19483F76129744EE42D4Z/45/_/1785155028/fc73c5a9-e880-46b2-9815-cf923c4c7388.jpg,https://z.nooncdn.com/products/tr:n-t_120/pzsku/Z19483F76129744EE42D4Z/45/_/1785155028/fc73c5a9-e880-46b2-9815-cf923c4c7388.jpg,fayfa,,"['https://z.nooncdn.com/products/tr:n-t_800/pzsku/Z19483F76129744EE42D4Z/45/_/1785155028/fc73c5a9-e880-46b2-9815-cf923c4c7388.jpg', 'https://z.nooncdn.com/products/tr:n-t_800/pzsku/Z19483F76129744EE42D4Z/45/_/1785155028/c9889728-5eb8-4873-b4ca-421fbbb86765.jpg', 'https://z.nooncdn.com/products/tr:n-t_800/pzsku/Z19483F76129744EE42D4Z/45/_/1785155028/02f1d606-d7b6-427e-8295-35f9a935aa52.jpg', 'https://z.nooncdn.com/products/tr:n-t_800/pzsku/Z19483F76129744EE42D4Z/45/_/1785155028/a746ec50-545b-4bba-8ea9-7c9edde33f7f.jpg', 'https://z.nooncdn.com/products/tr:n-t_800/pzsku/Z19483F76129744EE42D4Z/45/_/1785155028/c342f514-a727-46e4-a9b4-63932d62ad3a.jpg', 'https://z.nooncdn.com/products/tr:n-t_800/pzsku/Z19483F76129744EE42D4Z/45/_/1785155028/2401e8ec-6bae-43fa-bd4d-49f0de9cd51a.jpg', 'https://z.nooncdn.com/products/tr:n-t_800/pzsku/Z19483F76129744EE42D4Z/45/_/1785155028/20c0e25e-faf0-4fc3-9c19-57d81da4c2a2.jpg']",NSAI50013581176-1-P1,2026-05-09 21:41:25+03:00,2026-05-10 12:15:46+03:00,2026-05-12 12:00:00+03:00,28.22,sar,null,,False,2026-05-10 08:34:39+03:00,delivered,PH23038332399S
NSAI50001920203,delivered,noon,False,False,ae443f50cce08ff977936959c6ed616a,ZC12A94578421A38B9608Z-1,20401123,ZC12A94578421A38B9608Z,,NOW Solutions Peppermint Oil 30 ml – 100% Pure Essential Oil & Energizing Aroma,pzsku/ZC12A94578421A38B9608Z/45/1768393177/ba625af0-1484-4e49-b3c1-ec15a80343f0.jpg,https://z.nooncdn.com/products/tr:n-t_120/pzsku/ZC12A94578421A38B9608Z/45/1768393177/ba625af0-1484-4e49-b3c1-ec15a80343f0.jpg,now,,['https://z.nooncdn.com/products/tr:n-t_800/pzsku/ZC12A94578421A38B9608Z/45/1768393177/ba625af0-1484-4e49-b3c1-ec15a80343f0.jpg'],NSAI50001920203-1-P1,2026-05-08 18:16:44+03:00,2026-05-09 12:52:43+03:00,2026-05-12 12:00:00+03:00,48.96,sar,null,,False,2026-05-09 09:10:43+03:00,delivered,PH23062939676S
NSAI50010853825,delivered,noon,False,False,a911d26b79e6c8a3a48a49141f79efaa,Z67D05A888AFD7E693044Z-1,10103084,Z67D05A888AFD7E693044Z,6285725022207,FAYFA Ashwagandha Powder 80g FAYFA,pzsku/Z67D05A888AFD7E693044Z/45/_/1785155724/b6ed5726-eb94-49dd-8492-3b68cdbfe84c.jpg,https://z.nooncdn.com/products/tr:n-t_120/pzsku/Z67D05A888AFD7E693044Z/45/_/1785155724/b6ed5726-eb94-49dd-8492-3b68cdbfe84c.jpg,fayfa,,"['https://z.nooncdn.com/products/tr:n-t_800/pzsku/Z67D05A888AFD7E693044Z/45/_/1785155724/b6ed5726-eb94-49dd-8492-3b68cdbfe84c.jpg', 'https://z.nooncdn.com/products/tr:n-t_800/pzsku/Z67D05A888AFD7E693044Z/45/_/1785155724/68089fe5-5fc6-409e-8f5c-c8a0194a7bd0.jpg', 'https://z.nooncdn.com/products/tr:n-t_800/pzsku/Z67D05A888AFD7E693044Z/45/_/1785155702/5fb269b8-6451-4fd7-a193-1df0443d96b7.jpg', 'https://z.nooncdn.com/products/tr:n-t_800/pzsku/Z67D05A888AFD7E693044Z/45/_/1785155719/ae962016-18ee-4f9b-b94c-635937ed75a7.jpg', 'https://z.nooncdn.com/products/tr:n-t_800/pzsku/Z67D05A888AFD7E693044Z/45/_/1785155719/6667c2f7-1b95-4257-ae2f-71b1633cf7d6.jpg', 'https://z.nooncdn.com/products/tr:n-t_800/pzsku/Z67D05A888AFD7E693044Z/45/_/1785155778/87cf52ae-0199-4ec5-acb5-9f757a373d8e.jpg', 'https://z.nooncdn.com/products/tr:n-t_800/pzsku/Z67D05A888AFD7E693044Z/45/_/1785155778/f05ba7c9-3d4b-4f26-831f-8f66948cd2f5.jpg']",NSAI50010853825-1-P1,2026-05-07 15:53:02+03:00,2026-05-09 12:52:43+03:00,2026-05-11 12:00:00+03:00,21.0,sar,null,,False,2026-05-07 17:14:58+03:00,delivered,PH27955139424S
NSAI50026552617,delivered,noon,False,False,acec2d91b78c6c785097bbe84156169a,Z286F413E424877257EC5Z-1,10102034,Z286F413E424877257EC5Z,,Al-Hekma Horse Fenugreek 100 g – Natural Strengthening Herbal Seeds,pzsku/Z286F413E424877257EC5Z/45/1764146386/df85527a-9c21-40d4-95bf-5128b347f91c.jpg,https://z.nooncdn.com/products/tr:n-t_120/pzsku/Z286F413E424877257EC5Z/45/1764146386/df85527a-9c21-40d4-95bf-5128b347f91c.jpg,elhekma,,['https://z.nooncdn.com/products/tr:n-t_800/pzsku/Z286F413E424877257EC5Z/45/1764146386/df85527a-9c21-40d4-95bf-5128b347f91c.jpg'],NSAI50026552617-1-P1,2026-05-08 17:14:52+03:00,2026-05-09 12:52:43+03:00,2026-05-12 12:00:00+03:00,18.22,sar,null,,False,2026-05-09 09:09:51+03:00,delivered,PH28981389068S
NSAI50054762614,delivered,noon,False,False,ac8e364ad27bfa1259c33e0ec4491dda,Z63AE0007AD6A6B2EE0A9Z-1,10102090,Z63AE0007AD6A6B2EE0A9Z,,Al-Hekma Silybum Marianum Milk Thistle Seeds 100g,pzsku/Z63AE0007AD6A6B2EE0A9Z/45/1764146387/2c4ed9a2-14a3-4edf-91e9-dcd89043be08.jpg,https://z.nooncdn.com/products/tr:n-t_120/pzsku/Z63AE0007AD6A6B2EE0A9Z/45/1764146387/2c4ed9a2-14a3-4edf-91e9-dcd89043be08.jpg,elhekma,,['https://z.nooncdn.com/products/tr:n-t_800/pzsku/Z63AE0007AD6A6B2EE0A9Z/45/1764146387/2c4ed9a2-14a3-4edf-91e9-dcd89043be08.jpg'],NSAI50054762614-1-P1,2026-05-08 21:48:27+03:00,2026-05-09 12:52:43+03:00,2026-05-12 11:00:00+03:00,22.23,sar,null,,False,2026-05-09 09:09:17+03:00,delivered,PH26535963877S
NSAI50057870354,delivered,noon,False,False,a8cfcde6d35b621591e9f6ed9671c8aa,ZE591002DBB2E5F80B35CZ-1,Z.17704621264793444.1,ZE591002DBB2E5F80B35CZ,,AOi Matcha Japanese Pure Matcha Powder 100g x 2 | Premium Authentic Green Matcha,8fcb8d8c40005bbbba9a7be319324250|pzsku/ZE591002DBB2E5F80B35CZ/45/1770710447/d0abecb1-e3e7-417e-a774-9527842b27ea.jpg,https://z.nooncdn.com/products/tr:n-t_120/8fcb8d8c40005bbbba9a7be319324250|pzsku/ZE591002DBB2E5F80B35CZ/45/1770710447/d0abecb1-e3e7-417e-a774-9527842b27ea.jpg,aoi,100,"['https://z.nooncdn.com/products/tr:n-t_800/8fcb8d8c40005bbbba9a7be319324250|pzsku/ZE591002DBB2E5F80B35CZ/45/1770710447/d0abecb1-e3e7-417e-a774-9527842b27ea.jpg', 'https://z.nooncdn.com/products/tr:n-t_800/8fcb8d8c40005bbbba9a7be319324250|pzsku/ZE591002DBB2E5F80B35CZ/45/1770710447/f434f8dc-75ed-4ee1-832a-0e4c45c528f9.jpg', 'https://z.nooncdn.com/products/tr:n-t_800/8fcb8d8c40005bbbba9a7be319324250|pzsku/ZE591002DBB2E5F80B35CZ/45/1770710447/b17c19d2-9c60-49c1-a379-5ef415bf4f69.jpg', 'https://z.nooncdn.com/products/tr:n-t_800/8fcb8d8c40005bbbba9a7be319324250|pzsku/ZE591002DBB2E5F80B35CZ/45/1770710447/d72f7d10-9f07-488b-b169-4012159a5e2d.jpg']",NSAI50057870354-1-P1,2026-05-08 13:37:27+03:00,2026-05-09 12:52:43+03:00,2026-05-12 12:00:00+03:00,149.0,sar,null,,False,2026-05-08 16:15:04+03:00,delivered,PH27996742111S
NSAI50088511784,delivered,noon,False,False,a8cfcde6d35b621591e9f6ed9671c8aa,ZE591002DBB2E5F80B35CZ-1,Z.17704621264793444.1,ZE591002DBB2E5F80B35CZ,,AOi Matcha Japanese Pure Matcha Powder 100g x 2 | Premium Authentic Green Matcha,8fcb8d8c40005bbbba9a7be319324250|pzsku/ZE591002DBB2E5F80B35CZ/45/1770710447/d0abecb1-e3e7-417e-a774-9527842b27ea.jpg,https://z.nooncdn.com/products/tr:n-t_120/8fcb8d8c40005bbbba9a7be319324250|pzsku/ZE591002DBB2E5F80B35CZ/45/1770710447/d0abecb1-e3e7-417e-a774-9527842b27ea.jpg,aoi,100,"['https://z.nooncdn.com/products/tr:n-t_800/8fcb8d8c40005bbbba9a7be319324250|pzsku/ZE591002DBB2E5F80B35CZ/45/1770710447/d0abecb1-e3e7-417e-a774-9527842b27ea.jpg', 'https://z.nooncdn.com/products/tr:n-t_800/8fcb8d8c40005bbbba9a7be319324250|pzsku/ZE591002DBB2E5F80B35CZ/45/1770710447/f434f8dc-75ed-4ee1-832a-0e4c45c528f9.jpg', 'https://z.nooncdn.com/products/tr:n-t_800/8fcb8d8c40005bbbba9a7be319324250|pzsku/ZE591002DBB2E5F80B35CZ/45/1770710447/b17c19d2-9c60-49c1-a379-5ef415bf4f69.jpg', 'https://z.nooncdn.com/products/tr:n-t_800/8fcb8d8c40005bbbba9a7be319324250|pzsku/ZE591002DBB2E5F80B35CZ/45/1770710447/d72f7d10-9f07-488b-b169-4012159a5e2d.jpg']",NSAI50088511784-3-P1,2026-05-08 15:08:35+03:00,2026-05-09 12:52:43+03:00,2026-05-12 12:00:00+03:00,149.0,sar,null,,False,2026-05-08 16:14:45+03:00,delivered,PH23951985861S
NSAI50029514359,delivered,noon,False,False,ab0f93c88c80927a047bc9fc4170454a,ZC14EFDE947F0E6ABB24BZ-1,10101097,ZC14EFDE947F0E6ABB24BZ,,Al-Hekma Salted Qataf Herb 50 g – Natural Mineral-Rich Traditional Herb,pzsku/ZC14EFDE947F0E6ABB24BZ/45/1764146376/7b267c79-872b-4ba1-bb1d-38a95123d489.jpg,https://z.nooncdn.com/products/tr:n-t_120/pzsku/ZC14EFDE947F0E6ABB24BZ/45/1764146376/7b267c79-872b-4ba1-bb1d-38a95123d489.jpg,elhekma,,['https://z.nooncdn.com/products/tr:n-t_800/pzsku/ZC14EFDE947F0E6ABB24BZ/45/1764146376/7b267c79-872b-4ba1-bb1d-38a95123d489.jpg'],NSAI50029514359-2-P1,2026-05-07 07:29:09+03:00,2026-05-07 12:02:37+03:00,2026-05-10 12:00:00+03:00,37.0,sar,null,,False,2026-05-07 08:55:35+03:00,delivered,PH20363887988S
NSAI50032097874,delivered,noon,False,False,a5bf5a2a739a0ff9ff159043ed34d45a,Z9BFF164E5976538FEEF6Z-1, 20605004,Z9BFF164E5976538FEEF6Z,9319871001018,White Glo Charcoal Toothpaste + Breath Freshener 150g,pzsku/Z9BFF164E5976538FEEF6Z/45/1754217680/2f2f3fa7-25f7-4e2f-bb9b-35c15f945dd5.jpg,https://z.nooncdn.com/products/tr:n-t_120/pzsku/Z9BFF164E5976538FEEF6Z/45/1754217680/2f2f3fa7-25f7-4e2f-bb9b-35c15f945dd5.jpg,white_glo,,['https://z.nooncdn.com/products/tr:n-t_800/pzsku/Z9BFF164E5976538FEEF6Z/45/1754217680/2f2f3fa7-25f7-4e2f-bb9b-35c15f945dd5.jpg'],NSAI50032097874-2-P1,2026-05-06 20:58:38+03:00,2026-05-07 12:02:37+03:00,2026-05-10 11:00:00+03:00,34.51,sar,null,,False,2026-05-07 08:54:00+03:00,delivered,PH29902098525S
NSAI50062376417,delivered,noon,False,False,a7a87143d2731fbfbf5eb2505217183a,Z83CF89B3821744BA53C7Z-1,20211016,Z83CF89B3821744BA53C7Z,,Dazy Moroccan Tabrikma 500ml – Deep Nourishing Moroccan Body Care Formula,pzsku/Z83CF89B3821744BA53C7Z/45/_/1787658312/84595338-ec60-44d2-b248-ef938153877d.jpg,https://z.nooncdn.com/products/tr:n-t_120/pzsku/Z83CF89B3821744BA53C7Z/45/_/1787658312/84595338-ec60-44d2-b248-ef938153877d.jpg,dazy,,"['https://z.nooncdn.com/products/tr:n-t_800/pzsku/Z83CF89B3821744BA53C7Z/45/_/1787658312/84595338-ec60-44d2-b248-ef938153877d.jpg', 'https://z.nooncdn.com/products/tr:n-t_800/pzsku/Z83CF89B3821744BA53C7Z/45/_/1787658312/828cc9a3-6bac-4592-9bc1-dbc3e2dfad95.jpg']",NSAI50062376417-6-P1,2026-05-06 15:29:21+03:00,2026-05-07 12:02:37+03:00,2026-05-10 11:00:00+03:00,24.96,sar,null,,False,2026-05-06 15:49:14+03:00,delivered,PH20556216605S
NSAI50068068003,delivered,noon,False,False,aff541fcd664f0950d807e4dba8d66ba,ZB02EE968A5F2CE7ABFD5Z-1,20205007,ZB02EE968A5F2CE7ABFD5Z,,Vaseline Original Petroleum Jelly 450ml – Intensive Moisturizing & Skin Protection,pzsku/ZB02EE968A5F2CE7ABFD5Z/45/1764400837/23f68879-a041-4652-9c8f-e1704037a435.jpg,https://z.nooncdn.com/products/tr:n-t_120/pzsku/ZB02EE968A5F2CE7ABFD5Z/45/1764400837/23f68879-a041-4652-9c8f-e1704037a435.jpg,vaseline,,"['https://z.nooncdn.com/products/tr:n-t_800/pzsku/ZB02EE968A5F2CE7ABFD5Z/45/1764400837/23f68879-a041-4652-9c8f-e1704037a435.jpg', 'https://z.nooncdn.com/products/tr:n-t_800/pzsku/ZB02EE968A5F2CE7ABFD5Z/45/1764400837/7a248c5f-0bf4-4a99-b20a-04589e898373.jpg']",NSAI50068068003-1-P1,2026-05-07 06:16:30+03:00,2026-05-07 12:02:37+03:00,2026-05-10 12:00:00+03:00,29.95,sar,null,,False,2026-05-07 08:55:11+03:00,delivered,PH22087189854S
NSAI50093322125,delivered,noon,False,False,ab3b396f1c1bbfef5c907ff3a4f8ae8a,Z6C37EF3B0E9E52D4E990Z-1,Z.17624219549912055.1,Z6C37EF3B0E9E52D4E990Z,8809514649857,BB LAB Marine Collagen Anti-Wrinkle 30 Sachets 2+1 Free Offer Firming & Skin Elasticity Support,8fcb8d8c40005bbbba9a7be319324250|pzsku/Z6C37EF3B0E9E52D4E990Z/45/1770802807/189c1e3d-fc84-4148-b697-3d2e4554a985.jpg,https://z.nooncdn.com/products/tr:n-t_120/8fcb8d8c40005bbbba9a7be319324250|pzsku/Z6C37EF3B0E9E52D4E990Z/45/1770802807/189c1e3d-fc84-4148-b697-3d2e4554a985.jpg,bb_lab,,"['https://z.nooncdn.com/products/tr:n-t_800/8fcb8d8c40005bbbba9a7be319324250|pzsku/Z6C37EF3B0E9E52D4E990Z/45/1770802807/189c1e3d-fc84-4148-b697-3d2e4554a985.jpg', 'https://z.nooncdn.com/products/tr:n-t_800/8fcb8d8c40005bbbba9a7be319324250|pzsku/Z6C37EF3B0E9E52D4E990Z/45/1770802806/c27476ee-624e-4575-842d-5a50797857f1.jpg', 'https://z.nooncdn.com/products/tr:n-t_800/8fcb8d8c40005bbbba9a7be319324250|pzsku/Z6C37EF3B0E9E52D4E990Z/45/1770802807/44b13ac8-bb9b-47c5-9154-255805fc6b90.jpg', 'https://z.nooncdn.com/products/tr:n-t_800/8fcb8d8c40005bbbba9a7be319324250|pzsku/Z6C37EF3B0E9E52D4E990Z/45/1770802807/94e8c222-88dd-49b2-a392-62c62c2b0baa.jpg', 'https://z.nooncdn.com/products/tr:n-t_800/8fcb8d8c40005bbbba9a7be319324250|pzsku/Z6C37EF3B0E9E52D4E990Z/45/1770802807/29987d3e-bf79-4b4b-854b-edd63dba7f92.jpg', 'https://z.nooncdn.com/products/tr:n-t_800/8fcb8d8c40005bbbba9a7be319324250|pzsku/Z6C37EF3B0E9E52D4E990Z/45/1770802807/6dec5009-3e42-4206-a401-6195645299a9.jpg', 'https://z.nooncdn.com/products/tr:n-t_800/8fcb8d8c40005bbbba9a7be319324250|pzsku/Z6C37EF3B0E9E52D4E990Z/45/1770802807/723db8b6-524d-4520-b592-3a04be8dafc3.jpg', 'https://z.nooncdn.com/products/tr:n-t_800/8fcb8d8c40005bbbba9a7be319324250|pzsku/Z6C37EF3B0E9E52D4E990Z/45/1770802807/dc3d27d8-ba49-4fec-b8be-fbe9e5c0c636.jpg', 'https://z.nooncdn.com/products/tr:n-t_800/8fcb8d8c40005bbbba9a7be319324250|pzsku/Z6C37EF3B0E9E52D4E990Z/45/1770802807/4392a4fb-80d0-4353-ad85-f7fa01de69f1.jpg', 'https://z.nooncdn.com/products/tr:n-t_800/8fcb8d8c40005bbbba9a7be319324250|pzsku/Z6C37EF3B0E9E52D4E990Z/45/1770802807/b8457a4f-c760-4bf2-bcdc-d9cf5f9514d7.jpg', 'https://z.nooncdn.com/products/tr:n-t_800/8fcb8d8c40005bbbba9a7be319324250|pzsku/Z6C37EF3B0E9E52D4E990Z/45/1770802807/c00ea530-466d-4ed1-a34b-583cba97e3b4.jpg', 'https://z.nooncdn.com/products/tr:n-t_800/8fcb8d8c40005bbbba9a7be319324250|pzsku/Z6C37EF3B0E9E52D4E990Z/45/1770802807/6a2f87b2-f908-45dc-8ffa-c469ae17138a.jpg', 'https://z.nooncdn.com/products/tr:n-t_800/8fcb8d8c40005bbbba9a7be319324250|pzsku/Z6C37EF3B0E9E52D4E990Z/45/1770802807/f7e5d76f-b71b-4eac-9a70-ce97dcaba784.jpg']",NSAI50093322125-1-P1,2026-05-06 23:16:22+03:00,2026-05-07 12:02:37+03:00,2026-05-10 12:00:00+03:00,328.0,sar,null,,False,2026-05-07 08:54:34+03:00,delivered,PH25031509447S
NSAI50094747225,delivered,noon,False,False,a566b4ecb58a36c7e02ed2d226f3ec5a,Z1EDD2CF7F641CD3DCCF1Z-1,Z.17624181574445143,Z1EDD2CF7F641CD3DCCF1Z,,BB LAB Marine Collagen Offer 3 Packs × 30 Sachets – Skin Radiance & Elasticity Support – Anti Wrinkle – Biotin for Hair Skin Nails – Korean Supplement,8fcb8d8c40005bbbba9a7be319324250|pzsku/Z1EDD2CF7F641CD3DCCF1Z/45/1771150186/ccae59a3-bca1-4a0b-ad2e-a82cd7e7aeca.jpg,https://z.nooncdn.com/products/tr:n-t_120/8fcb8d8c40005bbbba9a7be319324250|pzsku/Z1EDD2CF7F641CD3DCCF1Z/45/1771150186/ccae59a3-bca1-4a0b-ad2e-a82cd7e7aeca.jpg,bb_lab,,"['https://z.nooncdn.com/products/tr:n-t_800/8fcb8d8c40005bbbba9a7be319324250|pzsku/Z1EDD2CF7F641CD3DCCF1Z/45/1771150186/ccae59a3-bca1-4a0b-ad2e-a82cd7e7aeca.jpg', 'https://z.nooncdn.com/products/tr:n-t_800/8fcb8d8c40005bbbba9a7be319324250|pzsku/Z1EDD2CF7F641CD3DCCF1Z/45/1771150186/8b161091-8cc2-4b9b-beda-bb2ab0ce46f9.jpg', 'https://z.nooncdn.com/products/tr:n-t_800/8fcb8d8c40005bbbba9a7be319324250|pzsku/Z1EDD2CF7F641CD3DCCF1Z/45/1771150186/325d90e6-15ef-4326-b9a5-6b3e57468a27.jpg', 'https://z.nooncdn.com/products/tr:n-t_800/8fcb8d8c40005bbbba9a7be319324250|pzsku/Z1EDD2CF7F641CD3DCCF1Z/45/1771150186/c2448d6a-e8fe-4440-901a-6133c6a2dfa1.jpg', 'https://z.nooncdn.com/products/tr:n-t_800/8fcb8d8c40005bbbba9a7be319324250|pzsku/Z1EDD2CF7F641CD3DCCF1Z/45/1771150186/48bb76ce-d6ca-4c04-8bf8-fe86c9935b9b.jpg', 'https://z.nooncdn.com/products/tr:n-t_800/8fcb8d8c40005bbbba9a7be319324250|pzsku/Z1EDD2CF7F641CD3DCCF1Z/45/1771150187/f8ed7ba1-003d-4e0e-b632-d2f5e517ada3.jpg', 'https://z.nooncdn.com/products/tr:n-t_800/8fcb8d8c40005bbbba9a7be319324250|pzsku/Z1EDD2CF7F641CD3DCCF1Z/45/1771150186/176e1900-fce1-476f-8dc6-8602908a44bc.jpg', 'https://z.nooncdn.com/products/tr:n-t_800/8fcb8d8c40005bbbba9a7be319324250|pzsku/Z1EDD2CF7F641CD3DCCF1Z/45/1771150186/437ad10d-750a-46fb-a607-0510124cf204.jpg', 'https://z.nooncdn.com/products/tr:n-t_800/8fcb8d8c40005bbbba9a7be319324250|pzsku/Z1EDD2CF7F641CD3DCCF1Z/45/1771150186/f184dd4c-c690-444f-90c0-63100e2b5376.jpg', 'https://z.nooncdn.com/products/tr:n-t_800/8fcb8d8c40005bbbba9a7be319324250|pzsku/Z1EDD2CF7F641CD3DCCF1Z/45/1771150186/368700f8-fdbb-45f9-972a-4123c4550b28.jpg']",NSAI50094747225-5-P1,2026-05-07 09:47:20+03:00,2026-05-07 12:02:37+03:00,2026-05-11 11:00:00+03:00,320.0,sar,null,,False,2026-05-07 10:42:00+03:00,delivered,PH26321749203S
NSAI50099547535,delivered,noon,False,False,a8cfcde6d35b621591e9f6ed9671c8aa,ZE591002DBB2E5F80B35CZ-1,Z.17704621264793444.1,ZE591002DBB2E5F80B35CZ,,AOi Matcha Japanese Pure Matcha Powder 100g x 2 | Premium Authentic Green Matcha,8fcb8d8c40005bbbba9a7be319324250|pzsku/ZE591002DBB2E5F80B35CZ/45/1770710447/d0abecb1-e3e7-417e-a774-9527842b27ea.jpg,https://z.nooncdn.com/products/tr:n-t_120/8fcb8d8c40005bbbba9a7be319324250|pzsku/ZE591002DBB2E5F80B35CZ/45/1770710447/d0abecb1-e3e7-417e-a774-9527842b27ea.jpg,aoi,100,"['https://z.nooncdn.com/products/tr:n-t_800/8fcb8d8c40005bbbba9a7be319324250|pzsku/ZE591002DBB2E5F80B35CZ/45/1770710447/d0abecb1-e3e7-417e-a774-9527842b27ea.jpg', 'https://z.nooncdn.com/products/tr:n-t_800/8fcb8d8c40005bbbba9a7be319324250|pzsku/ZE591002DBB2E5F80B35CZ/45/1770710447/f434f8dc-75ed-4ee1-832a-0e4c45c528f9.jpg', 'https://z.nooncdn.com/products/tr:n-t_800/8fcb8d8c40005bbbba9a7be319324250|pzsku/ZE591002DBB2E5F80B35CZ/45/1770710447/b17c19d2-9c60-49c1-a379-5ef415bf4f69.jpg', 'https://z.nooncdn.com/products/tr:n-t_800/8fcb8d8c40005bbbba9a7be319324250|pzsku/ZE591002DBB2E5F80B35CZ/45/1770710447/d72f7d10-9f07-488b-b169-4012159a5e2d.jpg']",NSAI50099547535-2-P1,2026-05-06 21:57:12+03:00,2026-05-07 12:02:37+03:00,2026-05-10 11:00:00+03:00,149.0,sar,null,,False,2026-05-07 08:52:24+03:00,delivered,PH28018102066S
NSAI50078489984,delivered,noon,False,False,a8cfcde6d35b621591e9f6ed9671c8aa,ZE591002DBB2E5F80B35CZ-1,Z.17704621264793444.1,ZE591002DBB2E5F80B35CZ,,AOi Matcha Japanese Pure Matcha Powder 100g x 2 | Premium Authentic Green Matcha,8fcb8d8c40005bbbba9a7be319324250|pzsku/ZE591002DBB2E5F80B35CZ/45/1770710447/d0abecb1-e3e7-417e-a774-9527842b27ea.jpg,https://z.nooncdn.com/products/tr:n-t_120/8fcb8d8c40005bbbba9a7be319324250|pzsku/ZE591002DBB2E5F80B35CZ/45/1770710447/d0abecb1-e3e7-417e-a774-9527842b27ea.jpg,aoi,100,"['https://z.nooncdn.com/products/tr:n-t_800/8fcb8d8c40005bbbba9a7be319324250|pzsku/ZE591002DBB2E5F80B35CZ/45/1770710447/d0abecb1-e3e7-417e-a774-9527842b27ea.jpg', 'https://z.nooncdn.com/products/tr:n-t_800/8fcb8d8c40005bbbba9a7be319324250|pzsku/ZE591002DBB2E5F80B35CZ/45/1770710447/f434f8dc-75ed-4ee1-832a-0e4c45c528f9.jpg', 'https://z.nooncdn.com/products/tr:n-t_800/8fcb8d8c40005bbbba9a7be319324250|pzsku/ZE591002DBB2E5F80B35CZ/45/1770710447/b17c19d2-9c60-49c1-a379-5ef415bf4f69.jpg', 'https://z.nooncdn.com/products/tr:n-t_800/8fcb8d8c40005bbbba9a7be319324250|pzsku/ZE591002DBB2E5F80B35CZ/45/1770710447/d72f7d10-9f07-488b-b169-4012159a5e2d.jpg']",NSAI50078489984-1-P1,2026-05-06 00:00:38+03:00,2026-05-06 11:57:09+03:00,2026-05-09 11:00:00+03:00,149.0,sar,null,,False,2026-05-06 09:19:52+03:00,delivered,PH26506402999S
NSAI50092591886,delivered,noon,False,False,aa532f8405476d9cf21088fb3217c96a,Z3CBBC508B9FAB0392763Z-1,20105057,Z3CBBC508B9FAB0392763Z,,"Nature’s Answer Licorice Root Serum 30ml Natural Licorice Extract for Skin Tone, Dark Spots & Redness",pzsku/Z3CBBC508B9FAB0392763Z/45/1765354987/d90589b6-7e64-462c-a61d-539b617c38d0.jpg,https://z.nooncdn.com/products/tr:n-t_120/pzsku/Z3CBBC508B9FAB0392763Z/45/1765354987/d90589b6-7e64-462c-a61d-539b617c38d0.jpg,nature_s_answer,,"['https://z.nooncdn.com/products/tr:n-t_800/pzsku/Z3CBBC508B9FAB0392763Z/45/1765354987/d90589b6-7e64-462c-a61d-539b617c38d0.jpg', 'https://z.nooncdn.com/products/tr:n-t_800/pzsku/Z3CBBC508B9FAB0392763Z/45/1765354987/c6d0a407-d954-441a-870f-e740666321f2.jpg']",NSAI50092591886-1-P1,2026-05-05 17:42:45+03:00,2026-05-06 11:57:09+03:00,2026-05-09 11:00:00+03:00,44.95,sar,null,,False,2026-05-05 18:55:01+03:00,delivered,PH24436530951S
NSAI50029753193,delivered,noon,False,False,abc813ef8a9ea3ba9945e652637a46ca,ZDDBDBC84A8B5F70109ECZ-1,10501140,ZDDBDBC84A8B5F70109ECZ,8692582210681,Rise Blueberry Flavored Drink 300 g,pzsku/ZDDBDBC84A8B5F70109ECZ/45/1755590159/c75ea633-0678-4e7a-919e-d7a027164cee.jpg,https://z.nooncdn.com/products/tr:n-t_120/pzsku/ZDDBDBC84A8B5F70109ECZ/45/1755590159/c75ea633-0678-4e7a-919e-d7a027164cee.jpg,rise,,['https://z.nooncdn.com/products/tr:n-t_800/pzsku/ZDDBDBC84A8B5F70109ECZ/45/1755590159/c75ea633-0678-4e7a-919e-d7a027164cee.jpg'],NSAI50029753193-1-P1,2026-05-05 22:08:49+03:00,2026-05-06 11:57:08+03:00,2026-05-09 12:00:00+03:00,25.13,sar,null,,False,2026-05-06 09:21:29+03:00,delivered,PH21685100808S
NSAI50003317555,delivered,noon,False,False,aa532f8405476d9cf21088fb3217c96a,Z3CBBC508B9FAB0392763Z-1,20105057,Z3CBBC508B9FAB0392763Z,,"Nature’s Answer Licorice Root Serum 30ml Natural Licorice Extract for Skin Tone, Dark Spots & Redness",pzsku/Z3CBBC508B9FAB0392763Z/45/1765354987/d90589b6-7e64-462c-a61d-539b617c38d0.jpg,https://z.nooncdn.com/products/tr:n-t_120/pzsku/Z3CBBC508B9FAB0392763Z/45/1765354987/d90589b6-7e64-462c-a61d-539b617c38d0.jpg,nature_s_answer,,"['https://z.nooncdn.com/products/tr:n-t_800/pzsku/Z3CBBC508B9FAB0392763Z/45/1765354987/d90589b6-7e64-462c-a61d-539b617c38d0.jpg', 'https://z.nooncdn.com/products/tr:n-t_800/pzsku/Z3CBBC508B9FAB0392763Z/45/1765354987/c6d0a407-d954-441a-870f-e740666321f2.jpg']",NSAI50003317555-1-P1,2026-05-05 02:14:00+03:00,2026-05-05 11:52:25+03:00,2026-05-07 12:00:00+03:00,44.95,sar,null,,False,2026-05-05 08:55:27+03:00,delivered,PH24080265857S
NSAI50011707391,delivered,noon,False,False,a11b0cf8a8e35256ceedb4ca14d77b7a,Z863EF413D3F8F99E174CZ-1,20109083,Z863EF413D3F8F99E174CZ,,Dazy Instant Brightening Cream 200g – Fast Skin Lightening & Deep Hydration,pzsku/Z863EF413D3F8F99E174CZ/45/1763882697/d5f1decb-e7af-48fe-8cb4-4578e134c972.jpg,https://z.nooncdn.com/products/tr:n-t_120/pzsku/Z863EF413D3F8F99E174CZ/45/1763882697/d5f1decb-e7af-48fe-8cb4-4578e134c972.jpg,dazy,,['https://z.nooncdn.com/products/tr:n-t_800/pzsku/Z863EF413D3F8F99E174CZ/45/1763882697/d5f1decb-e7af-48fe-8cb4-4578e134c972.jpg'],NSAI50011707391-1-P1,2026-05-04 21:53:29+03:00,2026-05-05 11:52:25+03:00,2026-05-07 12:00:00+03:00,148.01,sar,null,,False,2026-05-05 08:55:54+03:00,delivered,PH24118326745S
NSAI50059238706,delivered,noon,False,False,ab0f93c88c80927a047bc9fc4170454a,ZC14EFDE947F0E6ABB24BZ-1,10101097,ZC14EFDE947F0E6ABB24BZ,,Al-Hekma Salted Qataf Herb 50 g – Natural Mineral-Rich Traditional Herb,pzsku/ZC14EFDE947F0E6ABB24BZ/45/1764146376/7b267c79-872b-4ba1-bb1d-38a95123d489.jpg,https://z.nooncdn.com/products/tr:n-t_120/pzsku/ZC14EFDE947F0E6ABB24BZ/45/1764146376/7b267c79-872b-4ba1-bb1d-38a95123d489.jpg,elhekma,,['https://z.nooncdn.com/products/tr:n-t_800/pzsku/ZC14EFDE947F0E6ABB24BZ/45/1764146376/7b267c79-872b-4ba1-bb1d-38a95123d489.jpg'],NSAI50059238706-1-P1,2026-05-04 18:13:52+03:00,2026-05-05 11:52:25+03:00,2026-05-07 11:00:00+03:00,37.0,sar,null,,False,2026-05-04 18:37:02+03:00,delivered,PH25938687947S
NSAI50021927162,delivered,noon,False,False,a2264cd01ec55ee251e8fe0441843e6a,Z951F24EC8C637E1E97CBZ-1,10610047,Z951F24EC8C637E1E97CBZ,4797001052867,Zaadana Organic Coconut Sugar – 500 gm,pzsku/Z951F24EC8C637E1E97CBZ/45/1752410451/be2a235c-a5cf-400c-9f07-e15c6cb3c9da.jpg,https://z.nooncdn.com/products/tr:n-t_120/pzsku/Z951F24EC8C637E1E97CBZ/45/1752410451/be2a235c-a5cf-400c-9f07-e15c6cb3c9da.jpg,zaadana,,['https://z.nooncdn.com/products/tr:n-t_800/pzsku/Z951F24EC8C637E1E97CBZ/45/1752410451/be2a235c-a5cf-400c-9f07-e15c6cb3c9da.jpg'],NSAI50021927162-3-P1,2026-05-03 23:07:35+03:00,2026-05-04 17:28:12+03:00,2026-05-06 12:00:00+03:00,29.95,sar,null,,False,2026-05-04 08:53:21+03:00,delivered,PH26561651822S
NSAI50028609409,delivered,noon,False,False,ab710009d42457a9a1bcc06a47616bfa,Z877EDC19C1492A46BBD7Z-1,10101015,Z877EDC19C1492A46BBD7Z,,Al-Hekma Soft Raw Asafoetida 50 g – Natural Traditional Resin for Digestion & Wellness,pzsku/Z877EDC19C1492A46BBD7Z/45/1764146381/5d5a1f36-221e-4a60-aae2-a17a02cd287e.jpg,https://z.nooncdn.com/products/tr:n-t_120/pzsku/Z877EDC19C1492A46BBD7Z/45/1764146381/5d5a1f36-221e-4a60-aae2-a17a02cd287e.jpg,elhekma,,['https://z.nooncdn.com/products/tr:n-t_800/pzsku/Z877EDC19C1492A46BBD7Z/45/1764146381/5d5a1f36-221e-4a60-aae2-a17a02cd287e.jpg'],NSAI50028609409-1-P1,2026-05-04 16:30:51+03:00,2026-05-04 17:28:12+03:00,2026-05-07 11:00:00+03:00,29.64,sar,null,,False,2026-05-04 16:56:23+03:00,delivered,PH28264208115S
NSAI50065791462,delivered,noon,False,False,a26b1ad785c89c75245fc3bfeff8066a,ZA6BF8B9BAE22DE009101Z-1,10501131,ZA6BF8B9BAE22DE009101Z,,TURKO BABA Mango Drink 300g,pzsku/ZA6BF8B9BAE22DE009101Z/45/1748992428/a942855a-2ed0-4d5b-9cfd-e675ad3df75a.jpg,https://z.nooncdn.com/products/tr:n-t_120/pzsku/ZA6BF8B9BAE22DE009101Z/45/1748992428/a942855a-2ed0-4d5b-9cfd-e675ad3df75a.jpg,turko_baba,,['https://z.nooncdn.com/products/tr:n-t_800/pzsku/ZA6BF8B9BAE22DE009101Z/45/1748992428/a942855a-2ed0-4d5b-9cfd-e675ad3df75a.jpg'],NSAI50065791462-2-P1,2026-05-03 14:34:07+03:00,2026-05-04 17:28:12+03:00,2026-05-06 12:00:00+03:00,26.41,sar,null,,False,2026-05-03 17:19:45+03:00,delivered,PH26713160415S
NSAI50065791462,delivered,noon,False,False,a26b1ad785c89c75245fc3bfeff8066a,ZA6BF8B9BAE22DE009101Z-1,10501131,ZA6BF8B9BAE22DE009101Z,,TURKO BABA Mango Drink 300g,pzsku/ZA6BF8B9BAE22DE009101Z/45/1748992428/a942855a-2ed0-4d5b-9cfd-e675ad3df75a.jpg,https://z.nooncdn.com/products/tr:n-t_120/pzsku/ZA6BF8B9BAE22DE009101Z/45/1748992428/a942855a-2ed0-4d5b-9cfd-e675ad3df75a.jpg,turko_baba,,['https://z.nooncdn.com/products/tr:n-t_800/pzsku/ZA6BF8B9BAE22DE009101Z/45/1748992428/a942855a-2ed0-4d5b-9cfd-e675ad3df75a.jpg'],NSAI50065791462-3-P1,2026-05-03 14:34:07+03:00,2026-05-04 17:28:12+03:00,2026-05-06 12:00:00+03:00,26.41,sar,null,,False,2026-05-03 17:19:45+03:00,delivered,PH26713160415S
NSAI50016284773,delivered,noon,False,False,a0d3cf85682c541734ab88b5f1acc1ba,ZFD84A2ACCC2B21805E95Z-1,10610001,ZFD84A2ACCC2B21805E95Z,653871228129,Zadana Almond Flour 500g,pzsku/ZFD84A2ACCC2B21805E95Z/45/1764639889/6f9afef6-9825-4115-b12c-ff94802043a2.jpg,https://z.nooncdn.com/products/tr:n-t_120/pzsku/ZFD84A2ACCC2B21805E95Z/45/1764639889/6f9afef6-9825-4115-b12c-ff94802043a2.jpg,zaadana,,"['https://z.nooncdn.com/products/tr:n-t_800/pzsku/ZFD84A2ACCC2B21805E95Z/45/1764639889/6f9afef6-9825-4115-b12c-ff94802043a2.jpg', 'https://z.nooncdn.com/products/tr:n-t_800/pzsku/ZFD84A2ACCC2B21805E95Z/45/1764639899/7c1b10e6-e09c-4321-9fa6-9a629aec9af2.jpg']",NSAI50016284773-7-P1,2026-05-02 16:54:29+03:00,2026-05-04 14:17:48+03:00,2026-05-05 11:00:00+03:00,36.1,sar,null,,False,2026-05-02 17:09:27+03:00,delivered,PH20960552374S
NSAI50062718814,delivered,noon,False,False,a8cfcde6d35b621591e9f6ed9671c8aa,ZE591002DBB2E5F80B35CZ-1,Z.17704621264793444.1,ZE591002DBB2E5F80B35CZ,,AOi Matcha Japanese Pure Matcha Powder 100g x 2 | Premium Authentic Green Matcha,8fcb8d8c40005bbbba9a7be319324250|pzsku/ZE591002DBB2E5F80B35CZ/45/1770710447/d0abecb1-e3e7-417e-a774-9527842b27ea.jpg,https://z.nooncdn.com/products/tr:n-t_120/8fcb8d8c40005bbbba9a7be319324250|pzsku/ZE591002DBB2E5F80B35CZ/45/1770710447/d0abecb1-e3e7-417e-a774-9527842b27ea.jpg,aoi,100,"['https://z.nooncdn.com/products/tr:n-t_800/8fcb8d8c40005bbbba9a7be319324250|pzsku/ZE591002DBB2E5F80B35CZ/45/1770710447/d0abecb1-e3e7-417e-a774-9527842b27ea.jpg', 'https://z.nooncdn.com/products/tr:n-t_800/8fcb8d8c40005bbbba9a7be319324250|pzsku/ZE591002DBB2E5F80B35CZ/45/1770710447/f434f8dc-75ed-4ee1-832a-0e4c45c528f9.jpg', 'https://z.nooncdn.com/products/tr:n-t_800/8fcb8d8c40005bbbba9a7be319324250|pzsku/ZE591002DBB2E5F80B35CZ/45/1770710447/b17c19d2-9c60-49c1-a379-5ef415bf4f69.jpg', 'https://z.nooncdn.com/products/tr:n-t_800/8fcb8d8c40005bbbba9a7be319324250|pzsku/ZE591002DBB2E5F80B35CZ/45/1770710447/d72f7d10-9f07-488b-b169-4012159a5e2d.jpg']",NSAI50062718814-1-P1,2026-05-02 22:28:36+03:00,2026-05-04 14:17:48+03:00,2026-05-05 12:00:00+03:00,149.0,sar,null,,False,2026-05-03 08:51:40+03:00,delivered,PH26844623254S
NSAI50079232904,delivered,noon,False,False,aa6d8ca868582cdd066a868da1acf8ba,Z2F9D9F76FFA57A9D1BDBZ-1,20317009,Z2F9D9F76FFA57A9D1BDBZ,077315003019,Dax Lanolin Hair Food Hair Cream 397 g,pzsku/Z2F9D9F76FFA57A9D1BDBZ/45/1755699698/b8ca8ec9-cb99-4482-9531-3ea76ba2b4c4.jpg,https://z.nooncdn.com/products/tr:n-t_120/pzsku/Z2F9D9F76FFA57A9D1BDBZ/45/1755699698/b8ca8ec9-cb99-4482-9531-3ea76ba2b4c4.jpg,dax,,['https://z.nooncdn.com/products/tr:n-t_800/pzsku/Z2F9D9F76FFA57A9D1BDBZ/45/1755699698/b8ca8ec9-cb99-4482-9531-3ea76ba2b4c4.jpg'],NSAI50079232904-1-P1,2026-05-02 22:52:03+03:00,2026-05-04 14:17:48+03:00,2026-05-05 12:00:00+03:00,35.01,sar,null,,False,2026-05-03 08:52:58+03:00,delivered,PH25554961482S
NSAI50079774309,delivered,noon,False,False,a566b4ecb58a36c7e02ed2d226f3ec5a,Z1EDD2CF7F641CD3DCCF1Z-1,Z.17624181574445143,Z1EDD2CF7F641CD3DCCF1Z,,BB LAB Marine Collagen Offer 3 Packs × 30 Sachets – Skin Radiance & Elasticity Support – Anti Wrinkle – Biotin for Hair Skin Nails – Korean Supplement,8fcb8d8c40005bbbba9a7be319324250|pzsku/Z1EDD2CF7F641CD3DCCF1Z/45/1771150186/ccae59a3-bca1-4a0b-ad2e-a82cd7e7aeca.jpg,https://z.nooncdn.com/products/tr:n-t_120/8fcb8d8c40005bbbba9a7be319324250|pzsku/Z1EDD2CF7F641CD3DCCF1Z/45/1771150186/ccae59a3-bca1-4a0b-ad2e-a82cd7e7aeca.jpg,bb_lab,,"['https://z.nooncdn.com/products/tr:n-t_800/8fcb8d8c40005bbbba9a7be319324250|pzsku/Z1EDD2CF7F641CD3DCCF1Z/45/1771150186/ccae59a3-bca1-4a0b-ad2e-a82cd7e7aeca.jpg', 'https://z.nooncdn.com/products/tr:n-t_800/8fcb8d8c40005bbbba9a7be319324250|pzsku/Z1EDD2CF7F641CD3DCCF1Z/45/1771150186/8b161091-8cc2-4b9b-beda-bb2ab0ce46f9.jpg', 'https://z.nooncdn.com/products/tr:n-t_800/8fcb8d8c40005bbbba9a7be319324250|pzsku/Z1EDD2CF7F641CD3DCCF1Z/45/1771150186/325d90e6-15ef-4326-b9a5-6b3e57468a27.jpg', 'https://z.nooncdn.com/products/tr:n-t_800/8fcb8d8c40005bbbba9a7be319324250|pzsku/Z1EDD2CF7F641CD3DCCF1Z/45/1771150186/c2448d6a-e8fe-4440-901a-6133c6a2dfa1.jpg', 'https://z.nooncdn.com/products/tr:n-t_800/8fcb8d8c40005bbbba9a7be319324250|pzsku/Z1EDD2CF7F641CD3DCCF1Z/45/1771150186/48bb76ce-d6ca-4c04-8bf8-fe86c9935b9b.jpg', 'https://z.nooncdn.com/products/tr:n-t_800/8fcb8d8c40005bbbba9a7be319324250|pzsku/Z1EDD2CF7F641CD3DCCF1Z/45/1771150187/f8ed7ba1-003d-4e0e-b632-d2f5e517ada3.jpg', 'https://z.nooncdn.com/products/tr:n-t_800/8fcb8d8c40005bbbba9a7be319324250|pzsku/Z1EDD2CF7F641CD3DCCF1Z/45/1771150186/176e1900-fce1-476f-8dc6-8602908a44bc.jpg', 'https://z.nooncdn.com/products/tr:n-t_800/8fcb8d8c40005bbbba9a7be319324250|pzsku/Z1EDD2CF7F641CD3DCCF1Z/45/1771150186/437ad10d-750a-46fb-a607-0510124cf204.jpg', 'https://z.nooncdn.com/products/tr:n-t_800/8fcb8d8c40005bbbba9a7be319324250|pzsku/Z1EDD2CF7F641CD3DCCF1Z/45/1771150186/f184dd4c-c690-444f-90c0-63100e2b5376.jpg', 'https://z.nooncdn.com/products/tr:n-t_800/8fcb8d8c40005bbbba9a7be319324250|pzsku/Z1EDD2CF7F641CD3DCCF1Z/45/1771150186/368700f8-fdbb-45f9-972a-4123c4550b28.jpg']",NSAI50079774309-1-P1,2026-05-02 14:57:33+03:00,2026-05-04 14:17:47+03:00,2026-05-05 11:00:00+03:00,320.0,sar,null,,False,2026-05-02 15:20:58+03:00,delivered,PH25981433904S
NSAI50079774309,delivered,noon,False,False,a566b4ecb58a36c7e02ed2d226f3ec5a,Z1EDD2CF7F641CD3DCCF1Z-1,Z.17624181574445143,Z1EDD2CF7F641CD3DCCF1Z,,BB LAB Marine Collagen Offer 3 Packs × 30 Sachets – Skin Radiance & Elasticity Support – Anti Wrinkle – Biotin for Hair Skin Nails – Korean Supplement,8fcb8d8c40005bbbba9a7be319324250|pzsku/Z1EDD2CF7F641CD3DCCF1Z/45/1771150186/ccae59a3-bca1-4a0b-ad2e-a82cd7e7aeca.jpg,https://z.nooncdn.com/products/tr:n-t_120/8fcb8d8c40005bbbba9a7be319324250|pzsku/Z1EDD2CF7F641CD3DCCF1Z/45/1771150186/ccae59a3-bca1-4a0b-ad2e-a82cd7e7aeca.jpg,bb_lab,,"['https://z.nooncdn.com/products/tr:n-t_800/8fcb8d8c40005bbbba9a7be319324250|pzsku/Z1EDD2CF7F641CD3DCCF1Z/45/1771150186/ccae59a3-bca1-4a0b-ad2e-a82cd7e7aeca.jpg', 'https://z.nooncdn.com/products/tr:n-t_800/8fcb8d8c40005bbbba9a7be319324250|pzsku/Z1EDD2CF7F641CD3DCCF1Z/45/1771150186/8b161091-8cc2-4b9b-beda-bb2ab0ce46f9.jpg', 'https://z.nooncdn.com/products/tr:n-t_800/8fcb8d8c40005bbbba9a7be319324250|pzsku/Z1EDD2CF7F641CD3DCCF1Z/45/1771150186/325d90e6-15ef-4326-b9a5-6b3e57468a27.jpg', 'https://z.nooncdn.com/products/tr:n-t_800/8fcb8d8c40005bbbba9a7be319324250|pzsku/Z1EDD2CF7F641CD3DCCF1Z/45/1771150186/c2448d6a-e8fe-4440-901a-6133c6a2dfa1.jpg', 'https://z.nooncdn.com/products/tr:n-t_800/8fcb8d8c40005bbbba9a7be319324250|pzsku/Z1EDD2CF7F641CD3DCCF1Z/45/1771150186/48bb76ce-d6ca-4c04-8bf8-fe86c9935b9b.jpg', 'https://z.nooncdn.com/products/tr:n-t_800/8fcb8d8c40005bbbba9a7be319324250|pzsku/Z1EDD2CF7F641CD3DCCF1Z/45/1771150187/f8ed7ba1-003d-4e0e-b632-d2f5e517ada3.jpg', 'https://z.nooncdn.com/products/tr:n-t_800/8fcb8d8c40005bbbba9a7be319324250|pzsku/Z1EDD2CF7F641CD3DCCF1Z/45/1771150186/176e1900-fce1-476f-8dc6-8602908a44bc.jpg', 'https://z.nooncdn.com/products/tr:n-t_800/8fcb8d8c40005bbbba9a7be319324250|pzsku/Z1EDD2CF7F641CD3DCCF1Z/45/1771150186/437ad10d-750a-46fb-a607-0510124cf204.jpg', 'https://z.nooncdn.com/products/tr:n-t_800/8fcb8d8c40005bbbba9a7be319324250|pzsku/Z1EDD2CF7F641CD3DCCF1Z/45/1771150186/f184dd4c-c690-444f-90c0-63100e2b5376.jpg', 'https://z.nooncdn.com/products/tr:n-t_800/8fcb8d8c40005bbbba9a7be319324250|pzsku/Z1EDD2CF7F641CD3DCCF1Z/45/1771150186/368700f8-fdbb-45f9-972a-4123c4550b28.jpg']",NSAI50079774309-2-P1,2026-05-02 14:57:33+03:00,2026-05-04 14:17:48+03:00,2026-05-05 11:00:00+03:00,320.0,sar,null,,False,2026-05-02 15:20:58+03:00,delivered,PH25981433904S
NSAI50091345252,delivered,noon,False,False,a0c4f4227ff26f7e66f6aa9431a9c11a,ZD1CF34F935365573DF1FZ-1,20317098,ZD1CF34F935365573DF1FZ,077315002012,Dax Vegetable Pomade Hair Styling 213g,pzsku/ZD1CF34F935365573DF1FZ/45/1760970372/33f5fbe0-c2cf-4da5-a6b4-93444b7c3322.jpg,https://z.nooncdn.com/products/tr:n-t_120/pzsku/ZD1CF34F935365573DF1FZ/45/1760970372/33f5fbe0-c2cf-4da5-a6b4-93444b7c3322.jpg,dax,,['https://z.nooncdn.com/products/tr:n-t_800/pzsku/ZD1CF34F935365573DF1FZ/45/1760970372/33f5fbe0-c2cf-4da5-a6b4-93444b7c3322.jpg'],NSAI50091345252-1-P1,2026-05-02 15:27:36+03:00,2026-05-04 14:17:48+03:00,2026-05-05 11:00:00+03:00,26.69,sar,null,,False,2026-05-02 16:45:40+03:00,delivered,PH22420810046S
NSAI40023600474,delivered,noon,False,False,ab3b396f1c1bbfef5c907ff3a4f8ae8a,Z6C37EF3B0E9E52D4E990Z-1,Z.17624219549912055.1,Z6C37EF3B0E9E52D4E990Z,8809514649857,BB LAB Marine Collagen Anti-Wrinkle 30 Sachets 2+1 Free Offer Firming & Skin Elasticity Support,8fcb8d8c40005bbbba9a7be319324250|pzsku/Z6C37EF3B0E9E52D4E990Z/45/1770802807/189c1e3d-fc84-4148-b697-3d2e4554a985.jpg,https://z.nooncdn.com/products/tr:n-t_120/8fcb8d8c40005bbbba9a7be319324250|pzsku/Z6C37EF3B0E9E52D4E990Z/45/1770802807/189c1e3d-fc84-4148-b697-3d2e4554a985.jpg,bb_lab,,"['https://z.nooncdn.com/products/tr:n-t_800/8fcb8d8c40005bbbba9a7be319324250|pzsku/Z6C37EF3B0E9E52D4E990Z/45/1770802807/189c1e3d-fc84-4148-b697-3d2e4554a985.jpg', 'https://z.nooncdn.com/products/tr:n-t_800/8fcb8d8c40005bbbba9a7be319324250|pzsku/Z6C37EF3B0E9E52D4E990Z/45/1770802806/c27476ee-624e-4575-842d-5a50797857f1.jpg', 'https://z.nooncdn.com/products/tr:n-t_800/8fcb8d8c40005bbbba9a7be319324250|pzsku/Z6C37EF3B0E9E52D4E990Z/45/1770802807/44b13ac8-bb9b-47c5-9154-255805fc6b90.jpg', 'https://z.nooncdn.com/products/tr:n-t_800/8fcb8d8c40005bbbba9a7be319324250|pzsku/Z6C37EF3B0E9E52D4E990Z/45/1770802807/94e8c222-88dd-49b2-a392-62c62c2b0baa.jpg', 'https://z.nooncdn.com/products/tr:n-t_800/8fcb8d8c40005bbbba9a7be319324250|pzsku/Z6C37EF3B0E9E52D4E990Z/45/1770802807/29987d3e-bf79-4b4b-854b-edd63dba7f92.jpg', 'https://z.nooncdn.com/products/tr:n-t_800/8fcb8d8c40005bbbba9a7be319324250|pzsku/Z6C37EF3B0E9E52D4E990Z/45/1770802807/6dec5009-3e42-4206-a401-6195645299a9.jpg', 'https://z.nooncdn.com/products/tr:n-t_800/8fcb8d8c40005bbbba9a7be319324250|pzsku/Z6C37EF3B0E9E52D4E990Z/45/1770802807/723db8b6-524d-4520-b592-3a04be8dafc3.jpg', 'https://z.nooncdn.com/products/tr:n-t_800/8fcb8d8c40005bbbba9a7be319324250|pzsku/Z6C37EF3B0E9E52D4E990Z/45/1770802807/dc3d27d8-ba49-4fec-b8be-fbe9e5c0c636.jpg', 'https://z.nooncdn.com/products/tr:n-t_800/8fcb8d8c40005bbbba9a7be319324250|pzsku/Z6C37EF3B0E9E52D4E990Z/45/1770802807/4392a4fb-80d0-4353-ad85-f7fa01de69f1.jpg', 'https://z.nooncdn.com/products/tr:n-t_800/8fcb8d8c40005bbbba9a7be319324250|pzsku/Z6C37EF3B0E9E52D4E990Z/45/1770802807/b8457a4f-c760-4bf2-bcdc-d9cf5f9514d7.jpg', 'https://z.nooncdn.com/products/tr:n-t_800/8fcb8d8c40005bbbba9a7be319324250|pzsku/Z6C37EF3B0E9E52D4E990Z/45/1770802807/c00ea530-466d-4ed1-a34b-583cba97e3b4.jpg', 'https://z.nooncdn.com/products/tr:n-t_800/8fcb8d8c40005bbbba9a7be319324250|pzsku/Z6C37EF3B0E9E52D4E990Z/45/1770802807/6a2f87b2-f908-45dc-8ffa-c469ae17138a.jpg', 'https://z.nooncdn.com/products/tr:n-t_800/8fcb8d8c40005bbbba9a7be319324250|pzsku/Z6C37EF3B0E9E52D4E990Z/45/1770802807/f7e5d76f-b71b-4eac-9a70-ce97dcaba784.jpg']",NSAI40023600474-1-P1,2026-04-30 06:48:36+03:00,2026-05-04 14:17:47+03:00,2026-05-03 11:00:00+03:00,328.0,sar,null,,False,2026-04-30 08:43:45+03:00,delivered,PH27826948861S
NSAI40038293544,delivered,noon,False,False,a7515b5e547adec8fe201c413b9f2d9a,Z13DA298CE6EAEBC10E22Z-1,20307120,Z13DA298CE6EAEBC10E22Z,5900117975879,FARMONA Face Serume with Retinol & Niacinamide 2 in 1 – 30 ml,pzsku/Z13DA298CE6EAEBC10E22Z/45/1755433272/1c26c802-63b9-4341-b8c4-b491aa489d49.jpg,https://z.nooncdn.com/products/tr:n-t_120/pzsku/Z13DA298CE6EAEBC10E22Z/45/1755433272/1c26c802-63b9-4341-b8c4-b491aa489d49.jpg,farmona,,['https://z.nooncdn.com/products/tr:n-t_800/pzsku/Z13DA298CE6EAEBC10E22Z/45/1755433272/1c26c802-63b9-4341-b8c4-b491aa489d49.jpg'],NSAI40038293544-1-P1,2026-04-30 20:00:21+03:00,2026-05-04 14:17:47+03:00,2026-05-05 10:00:00+03:00,64.17,sar,null,,False,2026-05-01 15:09:52+03:00,delivered,PH22591076404S
NSAI40039031495,delivered,noon,False,False,a0d3cf85682c541734ab88b5f1acc1ba,ZFD84A2ACCC2B21805E95Z-1,10610001,ZFD84A2ACCC2B21805E95Z,653871228129,Zadana Almond Flour 500g,pzsku/ZFD84A2ACCC2B21805E95Z/45/1764639889/6f9afef6-9825-4115-b12c-ff94802043a2.jpg,https://z.nooncdn.com/products/tr:n-t_120/pzsku/ZFD84A2ACCC2B21805E95Z/45/1764639889/6f9afef6-9825-4115-b12c-ff94802043a2.jpg,zaadana,,"['https://z.nooncdn.com/products/tr:n-t_800/pzsku/ZFD84A2ACCC2B21805E95Z/45/1764639889/6f9afef6-9825-4115-b12c-ff94802043a2.jpg', 'https://z.nooncdn.com/products/tr:n-t_800/pzsku/ZFD84A2ACCC2B21805E95Z/45/1764639899/7c1b10e6-e09c-4321-9fa6-9a629aec9af2.jpg']",NSAI40039031495-13-P1,2026-04-29 01:46:52+03:00,2026-05-04 14:17:47+03:00,2026-05-03 12:00:00+03:00,36.1,sar,null,,False,2026-04-29 08:52:01+03:00,delivered,PH25173081996S
NSAI40039031495,delivered,noon,False,False,a8cfcde6d35b621591e9f6ed9671c8aa,ZE591002DBB2E5F80B35CZ-1,Z.17704621264793444.1,ZE591002DBB2E5F80B35CZ,,AOi Matcha Japanese Pure Matcha Powder 100g x 2 | Premium Authentic Green Matcha,8fcb8d8c40005bbbba9a7be319324250|pzsku/ZE591002DBB2E5F80B35CZ/45/1770710447/d0abecb1-e3e7-417e-a774-9527842b27ea.jpg,https://z.nooncdn.com/products/tr:n-t_120/8fcb8d8c40005bbbba9a7be319324250|pzsku/ZE591002DBB2E5F80B35CZ/45/1770710447/d0abecb1-e3e7-417e-a774-9527842b27ea.jpg,aoi,100,"['https://z.nooncdn.com/products/tr:n-t_800/8fcb8d8c40005bbbba9a7be319324250|pzsku/ZE591002DBB2E5F80B35CZ/45/1770710447/d0abecb1-e3e7-417e-a774-9527842b27ea.jpg', 'https://z.nooncdn.com/products/tr:n-t_800/8fcb8d8c40005bbbba9a7be319324250|pzsku/ZE591002DBB2E5F80B35CZ/45/1770710447/f434f8dc-75ed-4ee1-832a-0e4c45c528f9.jpg', 'https://z.nooncdn.com/products/tr:n-t_800/8fcb8d8c40005bbbba9a7be319324250|pzsku/ZE591002DBB2E5F80B35CZ/45/1770710447/b17c19d2-9c60-49c1-a379-5ef415bf4f69.jpg', 'https://z.nooncdn.com/products/tr:n-t_800/8fcb8d8c40005bbbba9a7be319324250|pzsku/ZE591002DBB2E5F80B35CZ/45/1770710447/d72f7d10-9f07-488b-b169-4012159a5e2d.jpg']",NSAI40039031495-3-P1,2026-04-29 01:46:52+03:00,2026-05-04 14:17:47+03:00,2026-05-03 12:00:00+03:00,149.0,sar,null,,False,2026-04-29 08:52:01+03:00,delivered,PH25173081996S
NSAI40074074490,delivered,noon,False,False,a84e9f9e32598ad46afcd6a82ba9c68a,ZD563AA7353B179BE7602Z-1,10501025,ZD563AA7353B179BE7602Z,653998144487,Zaadana Organic Matcha Powder – 50g,pzsku/ZD563AA7353B179BE7602Z/45/_/1780996745/184689b2-3023-433d-b407-2803a9cc201b.jpg,https://z.nooncdn.com/products/tr:n-t_120/pzsku/ZD563AA7353B179BE7602Z/45/_/1780996745/184689b2-3023-433d-b407-2803a9cc201b.jpg,zaadana,50,"['https://z.nooncdn.com/products/tr:n-t_800/pzsku/ZD563AA7353B179BE7602Z/45/_/1780996745/184689b2-3023-433d-b407-2803a9cc201b.jpg', 'https://z.nooncdn.com/products/tr:n-t_800/pzsku/ZD563AA7353B179BE7602Z/45/_/1780996744/f1e713f3-8cf7-45eb-abd0-1348eb170585.jpg', 'https://z.nooncdn.com/products/tr:n-t_800/pzsku/ZD563AA7353B179BE7602Z/45/_/1780996744/efa3c419-842d-42a2-86a2-2085dd523b9a.jpg', 'https://z.nooncdn.com/products/tr:n-t_800/pzsku/ZD563AA7353B179BE7602Z/45/_/1780996744/4f95ab84-e0c8-4c88-b133-fc5d7c87d1e1.jpg', 'https://z.nooncdn.com/products/tr:n-t_800/pzsku/ZD563AA7353B179BE7602Z/45/_/1780996744/e756d179-6e20-4703-b202-37c254f291fc.jpg']",NSAI40074074490-2-P1,2026-04-29 22:00:59+03:00,2026-05-04 14:17:47+03:00,2026-05-03 12:00:00+03:00,41.0,sar,null,,False,2026-04-30 08:44:13+03:00,delivered,PH22112027900S
NSAI40086566322,delivered,noon,False,False,a8cfcde6d35b621591e9f6ed9671c8aa,ZE591002DBB2E5F80B35CZ-1,Z.17704621264793444.1,ZE591002DBB2E5F80B35CZ,,AOi Matcha Japanese Pure Matcha Powder 100g x 2 | Premium Authentic Green Matcha,8fcb8d8c40005bbbba9a7be319324250|pzsku/ZE591002DBB2E5F80B35CZ/45/1770710447/d0abecb1-e3e7-417e-a774-9527842b27ea.jpg,https://z.nooncdn.com/products/tr:n-t_120/8fcb8d8c40005bbbba9a7be319324250|pzsku/ZE591002DBB2E5F80B35CZ/45/1770710447/d0abecb1-e3e7-417e-a774-9527842b27ea.jpg,aoi,100,"['https://z.nooncdn.com/products/tr:n-t_800/8fcb8d8c40005bbbba9a7be319324250|pzsku/ZE591002DBB2E5F80B35CZ/45/1770710447/d0abecb1-e3e7-417e-a774-9527842b27ea.jpg', 'https://z.nooncdn.com/products/tr:n-t_800/8fcb8d8c40005bbbba9a7be319324250|pzsku/ZE591002DBB2E5F80B35CZ/45/1770710447/f434f8dc-75ed-4ee1-832a-0e4c45c528f9.jpg', 'https://z.nooncdn.com/products/tr:n-t_800/8fcb8d8c40005bbbba9a7be319324250|pzsku/ZE591002DBB2E5F80B35CZ/45/1770710447/b17c19d2-9c60-49c1-a379-5ef415bf4f69.jpg', 'https://z.nooncdn.com/products/tr:n-t_800/8fcb8d8c40005bbbba9a7be319324250|pzsku/ZE591002DBB2E5F80B35CZ/45/1770710447/d72f7d10-9f07-488b-b169-4012159a5e2d.jpg']",NSAI40086566322-1-P1,2026-04-29 22:06:00+03:00,2026-05-04 14:17:47+03:00,2026-05-03 11:00:00+03:00,149.0,sar,null,,False,2026-04-30 08:41:06+03:00,delivered,PH25273962347S
NSAI40097296608,delivered,noon,False,False,a8cfcde6d35b621591e9f6ed9671c8aa,ZE591002DBB2E5F80B35CZ-1,Z.17704621264793444.1,ZE591002DBB2E5F80B35CZ,,AOi Matcha Japanese Pure Matcha Powder 100g x 2 | Premium Authentic Green Matcha,8fcb8d8c40005bbbba9a7be319324250|pzsku/ZE591002DBB2E5F80B35CZ/45/1770710447/d0abecb1-e3e7-417e-a774-9527842b27ea.jpg,https://z.nooncdn.com/products/tr:n-t_120/8fcb8d8c40005bbbba9a7be319324250|pzsku/ZE591002DBB2E5F80B35CZ/45/1770710447/d0abecb1-e3e7-417e-a774-9527842b27ea.jpg,aoi,100,"['https://z.nooncdn.com/products/tr:n-t_800/8fcb8d8c40005bbbba9a7be319324250|pzsku/ZE591002DBB2E5F80B35CZ/45/1770710447/d0abecb1-e3e7-417e-a774-9527842b27ea.jpg', 'https://z.nooncdn.com/products/tr:n-t_800/8fcb8d8c40005bbbba9a7be319324250|pzsku/ZE591002DBB2E5F80B35CZ/45/1770710447/f434f8dc-75ed-4ee1-832a-0e4c45c528f9.jpg', 'https://z.nooncdn.com/products/tr:n-t_800/8fcb8d8c40005bbbba9a7be319324250|pzsku/ZE591002DBB2E5F80B35CZ/45/1770710447/b17c19d2-9c60-49c1-a379-5ef415bf4f69.jpg', 'https://z.nooncdn.com/products/tr:n-t_800/8fcb8d8c40005bbbba9a7be319324250|pzsku/ZE591002DBB2E5F80B35CZ/45/1770710447/d72f7d10-9f07-488b-b169-4012159a5e2d.jpg']",NSAI40097296608-1-P1,2026-04-30 16:56:19+03:00,2026-05-04 14:17:47+03:00,2026-05-04 12:00:00+03:00,149.0,sar,null,,False,2026-04-30 18:36:17+03:00,delivered,PH24294530511S
NSAI50002148201,delivered,noon,False,False,a07cf43f6ba422d86188e33d16a83a9a,ZF10EE3F93BF0B697440BZ-1,10602009,ZF10EE3F93BF0B697440BZ,048176661847,Mantova Organic Apple Cider Vinegar with Turmeric & Ginger 500 ml,pzsku/ZF10EE3F93BF0B697440BZ/45/1756290763/d2cadcb8-ce02-49aa-853c-2f1a424e6963.jpg,https://z.nooncdn.com/products/tr:n-t_120/pzsku/ZF10EE3F93BF0B697440BZ/45/1756290763/d2cadcb8-ce02-49aa-853c-2f1a424e6963.jpg,mantova,,['https://z.nooncdn.com/products/tr:n-t_800/pzsku/ZF10EE3F93BF0B697440BZ/45/1756290763/d2cadcb8-ce02-49aa-853c-2f1a424e6963.jpg'],NSAI50002148201-3-P1,2026-05-02 11:22:55+03:00,2026-05-04 14:17:47+03:00,2026-05-04 12:00:00+03:00,23.5,sar,null,,False,2026-05-02 11:43:29+03:00,delivered,PH26884733884S
NSAI50026227005,delivered,noon,False,False,aa532f8405476d9cf21088fb3217c96a,Z3CBBC508B9FAB0392763Z-1,20105057,Z3CBBC508B9FAB0392763Z,,"Nature’s Answer Licorice Root Serum 30ml Natural Licorice Extract for Skin Tone, Dark Spots & Redness",pzsku/Z3CBBC508B9FAB0392763Z/45/1765354987/d90589b6-7e64-462c-a61d-539b617c38d0.jpg,https://z.nooncdn.com/products/tr:n-t_120/pzsku/Z3CBBC508B9FAB0392763Z/45/1765354987/d90589b6-7e64-462c-a61d-539b617c38d0.jpg,nature_s_answer,,"['https://z.nooncdn.com/products/tr:n-t_800/pzsku/Z3CBBC508B9FAB0392763Z/45/1765354987/d90589b6-7e64-462c-a61d-539b617c38d0.jpg', 'https://z.nooncdn.com/products/tr:n-t_800/pzsku/Z3CBBC508B9FAB0392763Z/45/1765354987/c6d0a407-d954-441a-870f-e740666321f2.jpg']",NSAI50026227005-7-P1,2026-05-02 16:37:44+03:00,2026-05-04 14:17:47+03:00,2026-05-05 12:00:00+03:00,32.18,sar,null,,False,2026-05-02 16:46:45+03:00,delivered,PH25588160966S
NSAI50040435711,delivered,noon,False,False,aa532f8405476d9cf21088fb3217c96a,Z3CBBC508B9FAB0392763Z-1,20105057,Z3CBBC508B9FAB0392763Z,,"Nature’s Answer Licorice Root Serum 30ml Natural Licorice Extract for Skin Tone, Dark Spots & Redness",pzsku/Z3CBBC508B9FAB0392763Z/45/1765354987/d90589b6-7e64-462c-a61d-539b617c38d0.jpg,https://z.nooncdn.com/products/tr:n-t_120/pzsku/Z3CBBC508B9FAB0392763Z/45/1765354987/d90589b6-7e64-462c-a61d-539b617c38d0.jpg,nature_s_answer,,"['https://z.nooncdn.com/products/tr:n-t_800/pzsku/Z3CBBC508B9FAB0392763Z/45/1765354987/d90589b6-7e64-462c-a61d-539b617c38d0.jpg', 'https://z.nooncdn.com/products/tr:n-t_800/pzsku/Z3CBBC508B9FAB0392763Z/45/1765354987/c6d0a407-d954-441a-870f-e740666321f2.jpg']",NSAI50040435711-2-P1,2026-05-02 11:28:40+03:00,2026-05-04 14:17:47+03:00,2026-05-05 12:00:00+03:00,32.18,sar,null,,False,2026-05-02 11:44:02+03:00,delivered,PH28656084728S
NSAI50051037582,delivered,noon,False,False,ae5e590176f9bb3d4aff21db1fda144a,ZD433F8930299F55F1C1CZ-1,20114010,ZD433F8930299F55F1C1CZ,6285725013175,Dazy Rose Water with Frankincense 250 ml,pzsku/ZD433F8930299F55F1C1CZ/45/1756116727/942ec435-a24a-4ea9-b0bd-c0eeb85dc971.jpg,https://z.nooncdn.com/products/tr:n-t_120/pzsku/ZD433F8930299F55F1C1CZ/45/1756116727/942ec435-a24a-4ea9-b0bd-c0eeb85dc971.jpg,dazy,,['https://z.nooncdn.com/products/tr:n-t_800/pzsku/ZD433F8930299F55F1C1CZ/45/1756116727/942ec435-a24a-4ea9-b0bd-c0eeb85dc971.jpg'],NSAI50051037582-1-P1,2026-05-02 15:43:45+03:00,2026-05-04 14:17:47+03:00,2026-05-05 11:00:00+03:00,20.73,sar,null,,False,2026-05-02 16:46:03+03:00,delivered,PH21829312558S
NSAI50072452752,delivered,noon,False,False,a9f50e72235e0b7b56f118e4139861ba,Z9FF48489378275CF38ADZ-1,20109028,Z9FF48489378275CF38ADZ,6973317000916,Sara Beauty Instant Whitening Cream 150 g,pzsku/Z9FF48489378275CF38ADZ/45/_/1778417864/808c2eb5-c460-4fdf-bb71-e2925b5a4692.jpg,https://z.nooncdn.com/products/tr:n-t_120/pzsku/Z9FF48489378275CF38ADZ/45/_/1778417864/808c2eb5-c460-4fdf-bb71-e2925b5a4692.jpg,sara_beauty,,['https://z.nooncdn.com/products/tr:n-t_800/pzsku/Z9FF48489378275CF38ADZ/45/_/1778417864/808c2eb5-c460-4fdf-bb71-e2925b5a4692.jpg'],NSAI50072452752-11-P1,2026-05-01 04:08:22+03:00,2026-05-04 14:17:47+03:00,2026-05-04 12:00:00+03:00,76.0,sar,null,,False,2026-05-01 15:08:45+03:00,delivered,PH25692539548S
NSAI50075060963,delivered,noon,False,False,afe01b84fe90c19d2cba1f6684ea6f9a,Z67D01C2609A79EA66B5AZ-1,10102094,Z67D01C2609A79EA66B5AZ,653871977140,Zaadana Organic Brown Flax Seeds 300 g,pzsku/Z67D01C2609A79EA66B5AZ/45/1754988099/d10c6ede-c9d0-4b07-bd0e-32296488c99a.jpg,https://z.nooncdn.com/products/tr:n-t_120/pzsku/Z67D01C2609A79EA66B5AZ/45/1754988099/d10c6ede-c9d0-4b07-bd0e-32296488c99a.jpg,zaadana,,"['https://z.nooncdn.com/products/tr:n-t_800/pzsku/Z67D01C2609A79EA66B5AZ/45/1754988099/d10c6ede-c9d0-4b07-bd0e-32296488c99a.jpg', 'https://z.nooncdn.com/products/tr:n-t_800/pzsku/Z67D01C2609A79EA66B5AZ/45/1754988119/d3673849-16fd-420f-935f-e546c0959c5c.jpg']",NSAI50075060963-4-P1,2026-05-02 03:12:00+03:00,2026-05-04 14:17:47+03:00,2026-05-04 11:00:00+03:00,20.72,sar,null,,False,2026-05-02 08:36:57+03:00,delivered,PH25293638351S
NSAI50075996154,delivered,noon,False,False,a0d3cf85682c541734ab88b5f1acc1ba,ZFD84A2ACCC2B21805E95Z-1,10610001,ZFD84A2ACCC2B21805E95Z,653871228129,Zadana Almond Flour 500g,pzsku/ZFD84A2ACCC2B21805E95Z/45/1764639889/6f9afef6-9825-4115-b12c-ff94802043a2.jpg,https://z.nooncdn.com/products/tr:n-t_120/pzsku/ZFD84A2ACCC2B21805E95Z/45/1764639889/6f9afef6-9825-4115-b12c-ff94802043a2.jpg,zaadana,,"['https://z.nooncdn.com/products/tr:n-t_800/pzsku/ZFD84A2ACCC2B21805E95Z/45/1764639889/6f9afef6-9825-4115-b12c-ff94802043a2.jpg', 'https://z.nooncdn.com/products/tr:n-t_800/pzsku/ZFD84A2ACCC2B21805E95Z/45/1764639899/7c1b10e6-e09c-4321-9fa6-9a629aec9af2.jpg']",NSAI50075996154-30-P1,2026-05-01 14:04:07+03:00,2026-05-04 14:17:47+03:00,2026-05-05 11:00:00+03:00,36.1,sar,null,,False,2026-05-01 15:11:40+03:00,delivered,PH29930151971S
